{"type":"FeatureCollection","name":"roads","features":[{"type":"Feature","geometry":{"type":"MultiLineString","coordinates":[[[775.065237,114.675082],[775.581356,102.804334],[772.257456,99.967039]]]},"properties":{"ID":"018f6862-e82b-74d7-b366-942ff2c21a42","NAME":"Ac'fren Spur","ALT_NAMES":"","TYPE":"Hyperspace Route","PARENT_ID":"018f6862-e830-7d40-8150-7877f6909d08","PARENT_NAME":"Sisar Run","DATE_FROM":"","DATE_TO":"","CANON":"","LEGENDS":"YES","UNLICENSED":"","LEVEL":"2","ZOOM_LEVEL":"","CONJECTURAL_NAME":"","URLS":"https://starwars.fandom.com/wiki/Ac%27fren_Spur","DESC":"","color":"","weight":"","opacity":"","smoothFactor":"","SECTIONS_PROPERTIES":[[{"text":"Sriluur system","coords":[775.065237,114.675082]},{"text":"Ques system","coords":[775.581356,102.804334],"averageTravelTime":"1:5:0:0","continuity":{"canon":"","legends":"YES","unlicensed":""},"desc":"","placementCert":""},{"text":"Tas-La system","coords":[772.257456,99.967039],"averageTravelTime":"","continuity":{"canon":"","legends":"YES","unlicensed":""},"desc":"","placementCert":""}]]}},{"type":"Feature","geometry":{"type":"MultiLineString","coordinates":[[[772.257456,99.967039],[769.643669,99.044526],[770.41243,96.58449]],[[769.643669,99.044526],[774.070623,96.466458],[775.024996,98.583269]],[[770.41243,96.58449],[774.070623,96.466458]],[[772.257456,99.967039],[774.070623,96.466458]],[[775.024996,98.583269],[780.742551,98.030228],[798.419643,101.643065]]]},"properties":{"ID":"018f6862-e82c-785d-b3ba-5cad95eeae97","NAME":"Si'Klaata Cluster unnamed route","ALT_NAMES":"","TYPE":"Hyperspace Route","PARENT_ID":"","PARENT_NAME":"","DATE_FROM":"","DATE_TO":"","CANON":"","LEGENDS":"YES","UNLICENSED":"","LEVEL":"3","ZOOM_LEVEL":"","CONJECTURAL_NAME":"YES","URLS":"","DESC":"","color":"","weight":"","opacity":"","smoothFactor":"","SECTIONS_PROPERTIES":[[{"text":"Tas-La system","coords":[772.257456,99.967039]},{"text":"Vodran system","coords":[769.643669,99.044526],"averageTravelTime":"","continuity":{"canon":"","legends":"YES","unlicensed":""},"desc":"","placementCert":""},{"text":"Kintan system","coords":[770.41243,96.58449],"averageTravelTime":"","continuity":{"canon":"","legends":"YES","unlicensed":""},"desc":"","placementCert":""}],[{"text":"Vodran system","coords":[769.643669,99.044526]},{"text":"Klatooine system","coords":[774.070623,96.466458],"averageTravelTime":"","continuity":{"canon":"","legends":"YES","unlicensed":""},"desc":"","placementCert":""},{"text":"Vontor system","coords":[775.024996,98.583269],"averageTravelTime":"","continuity":{"canon":"","legends":"YES","unlicensed":""},"desc":"","placementCert":""}],[{"text":"Kintan system","coords":[770.41243,96.58449]},{"text":"Klatooine system","coords":[774.070623,96.466458],"averageTravelTime":"","continuity":{"canon":"","legends":"YES","unlicensed":""},"desc":"","placementCert":""}],[{"text":"Tas-La system","coords":[772.257456,99.967039]},{"text":"Klatooine system","coords":[774.070623,96.466458],"averageTravelTime":"","continuity":{"canon":"","legends":"YES","unlicensed":""},"desc":"","placementCert":""}],[{"text":"Vontor system","coords":[775.024996,98.583269]},{"text":"Nimia system","coords":[780.742551,98.030228],"averageTravelTime":"","continuity":{"canon":"","legends":"YES","unlicensed":""},"desc":"","placementCert":""},{"text":"Yoribuunt system","coords":[798.419643,101.643065],"averageTravelTime":"","continuity":{"canon":"","legends":"YES","unlicensed":""},"desc":"","placementCert":""}]]}},{"type":"Feature","geometry":{"type":"MultiLineString","coordinates":[[[774.409987,121.03109],[770.566182,117.648542],[775.065237,114.675082]],[[773.333722,118.263551],[775.065237,114.675082]]]},"properties":{"ID":"018f6862-e82c-7461-aa60-c009d7813224","NAME":"Nwarcol Point-Sriluur unnamed route","ALT_NAMES":"","TYPE":"Hyperspace Route","PARENT_ID":"","PARENT_NAME":"","DATE_FROM":"","DATE_TO":"","CANON":"","LEGENDS":"YES","UNLICENSED":"","LEVEL":"2","ZOOM_LEVEL":"","CONJECTURAL_NAME":"YES","URLS":"","DESC":"","color":"","weight":"","opacity":"","smoothFactor":"","SECTIONS_PROPERTIES":[[{"text":"Nwarcol system","coords":[774.409987,121.03109]},{"text":"Ka'Dedus system","coords":[770.566182,117.648542],"averageTravelTime":"0:8:0:0","continuity":{"canon":"","legends":"YES","unlicensed":""},"desc":"","placementCert":""},{"text":"Sriluur system","coords":[775.065237,114.675082],"averageTravelTime":"0:3:0:0","continuity":{"canon":"","legends":"YES","unlicensed":""},"desc":"","placementCert":""}],[{"text":"Verde system","coords":[773.333722,118.263551]},{"text":"Sriluur system","coords":[775.065237,114.675082],"averageTravelTime":"0:8:0:0","continuity":{"canon":"","legends":"YES","unlicensed":""},"desc":"","placementCert":""}]]}},{"type":"Feature","geometry":{"type":"MultiLineString","coordinates":[[[775.065237,114.675082],[772.4880845,109.812792]]]},"properties":{"ID":"018f6862-e82c-7bfd-a381-0c3e2b2f1852","NAME":"Sriluur-Tragud unnamed route","ALT_NAMES":"","TYPE":"Hyperspace Route","PARENT_ID":"","PARENT_NAME":"","DATE_FROM":"","DATE_TO":"","CANON":"","LEGENDS":"YES","UNLICENSED":"","LEVEL":"3","ZOOM_LEVEL":"","CONJECTURAL_NAME":"YES","URLS":"","DESC":"","color":"","weight":"","opacity":"","smoothFactor":"","SECTIONS_PROPERTIES":[[{"text":"Sriluur system","coords":[775.065237,114.675082]},{"text":"Tragud system","coords":[772.4880845,109.812792],"averageTravelTime":"0:11:0:0","continuity":{"canon":"","legends":"YES","unlicensed":""},"desc":"","placementCert":""}]]}},{"type":"Feature","geometry":{"type":"MultiLineString","coordinates":[[[775.065237,114.675082],[769.489917,113.804737],[766.261121,113.035976],[761.648555,113.34348],[747.196985,110.545339]]]},"properties":{"ID":"018f6862-e82c-793e-9d7d-a7bd967a8ac2","NAME":"Sriluur-Iotra unnamed route","ALT_NAMES":"","TYPE":"Hyperspace Route","PARENT_ID":"","PARENT_NAME":"","DATE_FROM":"","DATE_TO":"","CANON":"","LEGENDS":"YES","UNLICENSED":"","LEVEL":"2","ZOOM_LEVEL":"","CONJECTURAL_NAME":"YES","URLS":"","DESC":"","color":"","weight":"","opacity":"","smoothFactor":"","SECTIONS_PROPERTIES":[[{"text":"Sriluur system","coords":[775.065237,114.675082]},{"text":"Vaath'kror system","coords":[769.489917,113.804737],"averageTravelTime":"0:2:0:0","continuity":{"canon":"","legends":"YES","unlicensed":""},"desc":"","placementCert":""},{"text":"Solacton system","coords":[766.261121,113.035976],"averageTravelTime":"0:1:0:0","continuity":{"canon":"","legends":"YES","unlicensed":""},"desc":"","placementCert":""},{"text":"Talir system","coords":[761.648555,113.34348],"averageTravelTime":"0:16:0:0","continuity":{"canon":"","legends":"YES","unlicensed":""},"desc":"","placementCert":""},{"text":"Iotran system","coords":[747.196985,110.545339],"averageTravelTime":"1:14:0:0","continuity":{"canon":"","legends":"YES","unlicensed":""},"desc":"","placementCert":""}]]}},{"type":"Feature","geometry":{"type":"MultiLineString","coordinates":[[[747.196985,110.545339],[749.348378,116.726029],[758.419758,122.876117]],[[747.196985,110.545339],[759.342272,115.188507]]]},"properties":{"ID":"018f6862-e82c-7365-bf9c-7540243e2d0d","NAME":"Iotran-Reibrin unnamed route","ALT_NAMES":"","TYPE":"Hyperspace Route","PARENT_ID":"","PARENT_NAME":"","DATE_FROM":"","DATE_TO":"","CANON":"","LEGENDS":"YES","UNLICENSED":"","LEVEL":"2","ZOOM_LEVEL":"","CONJECTURAL_NAME":"YES","URLS":"","DESC":"","color":"","weight":"","opacity":"","smoothFactor":"","SECTIONS_PROPERTIES":[[{"text":"Iotran system","coords":[747.196985,110.545339]},{"text":"Pirik system","coords":[749.348378,116.726029],"averageTravelTime":"0:20:0:0","continuity":{"canon":"","legends":"YES","unlicensed":""},"desc":"","placementCert":""},{"text":"Reibrin system","coords":[758.419758,122.876117],"averageTravelTime":"1:4:0:0","continuity":{"canon":"","legends":"YES","unlicensed":""},"desc":"","placementCert":""}],[{"text":"Iotran system","coords":[747.196985,110.545339]},{"text":"Karnst system","coords":[759.342272,115.188507],"averageTravelTime":"1:18:0:0","continuity":{"canon":"","legends":"YES","unlicensed":""},"desc":"","placementCert":""}]]}},{"type":"Feature","geometry":{"type":"MultiLineString","coordinates":[[[745.21875,127.5625],[749.348378,116.726029],[759.342272,115.188507],[761.648555,113.34348],[764.483779,107.65111],[764.417969,96.4375]]]},"properties":{"ID":"018f6862-e82c-79aa-9499-c0efc8c1af01","NAME":"Suolriep-Lant unnamed route","ALT_NAMES":"","TYPE":"Hyperspace Route","PARENT_ID":"","PARENT_NAME":"","DATE_FROM":"","DATE_TO":"","CANON":"","LEGENDS":"YES","UNLICENSED":"","LEVEL":"2","ZOOM_LEVEL":"","CONJECTURAL_NAME":"YES","URLS":"","DESC":"","color":"","weight":"","opacity":"","smoothFactor":"","SECTIONS_PROPERTIES":[[{"text":"Suolriep system","coords":[745.21875,127.5625]},{"text":"Pirik system","coords":[749.348378,116.726029],"averageTravelTime":"1:1:0:0","continuity":{"canon":"","legends":"YES","unlicensed":""},"desc":"","placementCert":""},{"text":"Karnst system","coords":[759.342272,115.188507],"averageTravelTime":"0:22:0:0","continuity":{"canon":"","legends":"YES","unlicensed":""},"desc":"","placementCert":""},{"text":"Talir system","coords":[761.648555,113.34348],"averageTravelTime":"0:13:0:0","continuity":{"canon":"","legends":"YES","unlicensed":""},"desc":"","placementCert":""},{"text":"Lant system","coords":[764.483779,107.65111],"averageTravelTime":"0:22:0:0","continuity":{"canon":"","legends":"YES","unlicensed":""},"desc":"","placementCert":""},{"text":"Suolriep-Lant unnamed route-Sisar Run junction","coords":[764.417969,96.4375],"averageTravelTime":"","continuity":{"canon":"","legends":"YES","unlicensed":""},"desc":"","placementCert":""}]]}},{"type":"Feature","geometry":{"type":"MultiLineString","coordinates":[[[766.261121,113.035976],[767.031,109.142],[764.483779,107.65111],[766.261121,113.035976]]]},"properties":{"ID":"018f6862-e82c-7a8a-8bd0-2751ba79378d","NAME":"Solacton-Lant unnamed route","ALT_NAMES":"","TYPE":"Hyperspace Route","PARENT_ID":"","PARENT_NAME":"","DATE_FROM":"","DATE_TO":"","CANON":"","LEGENDS":"YES","UNLICENSED":"","LEVEL":"2","ZOOM_LEVEL":"","CONJECTURAL_NAME":"YES","URLS":"","DESC":"","color":"","weight":"","opacity":"","smoothFactor":"","SECTIONS_PROPERTIES":[[{"text":"Solacton system","coords":[766.261121,113.035976]},{"text":"Dles system","coords":[767.031,109.142],"averageTravelTime":"0:7:0:0","continuity":{"canon":"","legends":"YES","unlicensed":""},"desc":"","placementCert":""},{"text":"Lant system","coords":[764.483779,107.65111],"averageTravelTime":"0:6:0:0","continuity":{"canon":"","legends":"YES","unlicensed":""},"desc":"","placementCert":""},{"text":"Solacton system","coords":[766.261121,113.035976],"averageTravelTime":"0:15:0:0","continuity":{"canon":"","legends":"YES","unlicensed":""},"desc":"","placementCert":""}]]}},{"type":"Feature","geometry":{"type":"MultiLineString","coordinates":[[[766.261121,113.035976],[758.419758,122.876117],[748.433391,148.622396]]]},"properties":{"ID":"018f6862-e82c-7cb0-81db-1d01c620d966","NAME":"Solacton-Triellus trade route unnamed route","ALT_NAMES":"","TYPE":"Hyperspace Route","PARENT_ID":"","PARENT_NAME":"","DATE_FROM":"","DATE_TO":"","CANON":"","LEGENDS":"YES","UNLICENSED":"","LEVEL":"2","ZOOM_LEVEL":"","CONJECTURAL_NAME":"YES","URLS":"","DESC":"","color":"","weight":"","opacity":"","smoothFactor":"","SECTIONS_PROPERTIES":[[{"text":"Solacton system","coords":[766.261121,113.035976]},{"text":"Reibrin system","coords":[758.419758,122.876117],"averageTravelTime":"3:2:0:0","continuity":{"canon":"","legends":"YES","unlicensed":""},"desc":"","placementCert":""},{"text":"Dernatine system","coords":[748.433391,148.622396],"averageTravelTime":"","continuity":{"canon":"","legends":"YES","unlicensed":""},"desc":"","placementCert":""}]]}},{"type":"Feature","geometry":{"type":"MultiLineString","coordinates":[[[149.958244,-727.579734],[142.283883,-729.599303],[124.215,-733.303],[105.719,-745.851],[89.043508,-753.697786],[84.125,-772.75]]]},"properties":{"ID":"018f6862-e82c-73e6-9c62-bd7bfb79a7ea","NAME":"Ado Spine","ALT_NAMES":"","TYPE":"Hyperspace Route","PARENT_ID":"","PARENT_NAME":"","DATE_FROM":"","DATE_TO":"","CANON":"","LEGENDS":"YES","UNLICENSED":"","LEVEL":"2","ZOOM_LEVEL":"","CONJECTURAL_NAME":"","URLS":"https://starwars.fandom.com/wiki/Ado_Spine","DESC":"","color":"","weight":"","opacity":"","smoothFactor":"","SECTIONS_PROPERTIES":[[{"text":"Medth system","coords":[149.958244,-727.579734]},{"text":"Indupar system","coords":[142.283883,-729.599303],"averageTravelTime":"","continuity":{"canon":"","legends":"YES","unlicensed":""},"desc":"","placementCert":""},{"text":"Ec Pand system","coords":[124.215,-733.303],"averageTravelTime":"","continuity":{"canon":"","legends":"YES","unlicensed":""},"desc":"","placementCert":""},{"text":"StarForge Nebula","coords":[105.719,-745.851],"averageTravelTime":"","continuity":{"canon":"","legends":"YES","unlicensed":""},"desc":"","placementCert":""},{"text":"Eiattu system","coords":[89.043508,-753.697786],"averageTravelTime":"","continuity":{"canon":"","legends":"YES","unlicensed":""},"desc":"","placementCert":""},{"text":"Ord Gimmel system","coords":[84.125,-772.75],"averageTravelTime":"","continuity":{"canon":"","legends":"YES","unlicensed":""},"desc":"","placementCert":""}]]}},{"type":"Feature","geometry":{"type":"MultiLineString","coordinates":[[[6.0625,-809.6875],[3.75,-811.9375],[-1.9375,-812.25],[-6.625,-812.4375],[-44.992,-810.844],[-75.222,-811.471096],[-79.633924,-807.597192]]]},"properties":{"ID":"018f6862-e82c-7b72-bb4e-6271504c6347","NAME":"Agarix Trade Route","ALT_NAMES":"","TYPE":"Hyperspace Route","PARENT_ID":"","PARENT_NAME":"","DATE_FROM":"","DATE_TO":"","CANON":"","LEGENDS":"YES","UNLICENSED":"","LEVEL":"3","ZOOM_LEVEL":"","CONJECTURAL_NAME":"","URLS":"https://starwars.fandom.com/wiki/Agarix_Trade_Route","DESC":"","color":"","weight":"","opacity":"","smoothFactor":"","SECTIONS_PROPERTIES":[[{"text":"Pieldi system","coords":[6.0625,-809.6875]},{"text":"Dramassia system","coords":[3.75,-811.9375],"averageTravelTime":"","continuity":{"canon":"","legends":"YES","unlicensed":""},"desc":"","placementCert":""},{"text":"Umthyg system","coords":[-1.9375,-812.25],"averageTravelTime":"","continuity":{"canon":"","legends":"YES","unlicensed":""},"desc":"","placementCert":""},{"text":"Dasoor system","coords":[-6.625,-812.4375],"averageTravelTime":"","continuity":{"canon":"","legends":"YES","unlicensed":""},"desc":"","placementCert":""},{"text":"Doaskin system","coords":[-44.992,-810.844],"averageTravelTime":"","continuity":{"canon":"","legends":"YES","unlicensed":""},"desc":"","placementCert":""},{"text":"Nameless Javin Sector system 2","coords":[-75.222,-811.471096],"averageTravelTime":"","continuity":{"canon":"","legends":"YES","unlicensed":""},"desc":"","placementCert":""},{"text":"Javin system","coords":[-79.633924,-807.597192],"averageTravelTime":"","continuity":{"canon":"","legends":"YES","unlicensed":""},"desc":"","placementCert":""}]]}},{"type":"Feature","geometry":{"type":"MultiLineString","coordinates":[[[-1.375,-814.3125],[-1.9375,-812.25]]]},"properties":{"ID":"018f6862-e82c-7049-b613-3aaf4eed8854","NAME":"Farstone-Umthyg unnamed trade route","ALT_NAMES":"","TYPE":"Hyperspace Route","PARENT_ID":"","PARENT_NAME":"","DATE_FROM":"","DATE_TO":"","CANON":"","LEGENDS":"YES","UNLICENSED":"","LEVEL":"3","ZOOM_LEVEL":"","CONJECTURAL_NAME":"YES","URLS":"","DESC":"","color":"","weight":"","opacity":"","smoothFactor":"","SECTIONS_PROPERTIES":[[{"text":"Farstone system","coords":[-1.375,-814.3125]},{"text":"Umthyg system","coords":[-1.9375,-812.25],"averageTravelTime":"","continuity":{"canon":"","legends":"YES","unlicensed":""},"desc":"","placementCert":""}]]}},{"type":"Feature","geometry":{"type":"MultiLineString","coordinates":[[[-73.143967,-34.09321],[-57.511575,-29.382948],[-52.926626,-23.40862],[-38.098221,-17.70842],[-25.300901,-18.324792],[-12.767158,-11.309916],[0.353771,-13.774575],[34.246892,-16.423377],[40.199723,-19.717205],[65.049019,-24.281361],[81.999476,-28.293244]]]},"properties":{"ID":"018f6862-e82c-7dcd-a520-3695fa6719af","NAME":"Agricultural Circuit","ALT_NAMES":"Ag Circuit","TYPE":"Hyperspace Route","PARENT_ID":"","PARENT_NAME":"","DATE_FROM":"","DATE_TO":"","CANON":"","LEGENDS":"YES","UNLICENSED":"","LEVEL":"2","ZOOM_LEVEL":"","CONJECTURAL_NAME":"","URLS":"https://starwars.fandom.com/wiki/Agricultural_Circuit","DESC":"","color":"","weight":"","opacity":"","smoothFactor":"","SECTIONS_PROPERTIES":[[{"text":"Cal-Seti system","coords":[-73.143967,-34.09321]},{"text":"Fre'ji system","coords":[-57.511575,-29.382948],"averageTravelTime":"","continuity":{"canon":"","legends":"YES","unlicensed":""},"desc":"","placementCert":""},{"text":"Galand system","coords":[-52.926626,-23.40862],"averageTravelTime":"","continuity":{"canon":"","legends":"YES","unlicensed":""},"desc":"","placementCert":""},{"text":"Worru'du system","coords":[-38.098221,-17.70842],"averageTravelTime":"","continuity":{"canon":"","legends":"YES","unlicensed":""},"desc":"","placementCert":""},{"text":"Salliche system","coords":[-25.300901,-18.324792],"averageTravelTime":"","continuity":{"canon":"","legends":"YES","unlicensed":""},"desc":"","placementCert":""},{"text":"Stassia system","coords":[-12.767158,-11.309916],"averageTravelTime":"","continuity":{"canon":"","legends":"YES","unlicensed":""},"desc":"","placementCert":""},{"text":"Ruan system","coords":[0.353771,-13.774575],"averageTravelTime":"","continuity":{"canon":"","legends":"YES","unlicensed":""},"desc":"","placementCert":""},{"text":"Yulant system","coords":[34.246892,-16.423377],"averageTravelTime":"","continuity":{"canon":"","legends":"YES","unlicensed":""},"desc":"","placementCert":""},{"text":"Zug system","coords":[40.199723,-19.717205],"averageTravelTime":"","continuity":{"canon":"","legends":"YES","unlicensed":""},"desc":"","placementCert":""},{"text":"Broest system","coords":[65.049019,-24.281361],"averageTravelTime":"","continuity":{"canon":"","legends":"YES","unlicensed":""},"desc":"","placementCert":""},{"text":"Xorth system","coords":[81.999476,-28.293244],"averageTravelTime":"","continuity":{"canon":"","legends":"YES","unlicensed":""},"desc":"","placementCert":""}]]}},{"type":"Feature","geometry":{"type":"MultiLineString","coordinates":[[[7.558531,167.081263],[9.185283,163.466698],[49.968587,153.584444],[79.408557,142.632322]]]},"properties":{"ID":"018f6862-e82c-766c-9846-42a5fcffafbc","NAME":"Amador-Drearia hyperlane","ALT_NAMES":"","TYPE":"Hyperspace Route","PARENT_ID":"","PARENT_NAME":"","DATE_FROM":"","DATE_TO":"","CANON":"","LEGENDS":"YES","UNLICENSED":"","LEVEL":"3","ZOOM_LEVEL":"","CONJECTURAL_NAME":"","URLS":"https://starwars.fandom.com/wiki/Amador%E2%80%94Drearia_hyperlane","DESC":"","color":"","weight":"","opacity":"","smoothFactor":"","SECTIONS_PROPERTIES":[[{"text":"Chalenor system","coords":[7.558531,167.081263]},{"text":"Ord Lithone system","coords":[9.185283,163.466698],"averageTravelTime":"","continuity":{"canon":"","legends":"YES","unlicensed":""},"desc":"","placementCert":""},{"text":"Gyrica system","coords":[49.968587,153.584444],"averageTravelTime":"","continuity":{"canon":"","legends":"YES","unlicensed":""},"desc":"","placementCert":""},{"text":"Drearia system","coords":[79.408557,142.632322],"averageTravelTime":"","continuity":{"canon":"","legends":"YES","unlicensed":""},"desc":"","placementCert":""}]]}},{"type":"Feature","geometry":{"type":"MultiLineString","coordinates":[[[-331.171725,-695.305528],[-327.596,-694.288],[-325.171,-689.05],[-322.714,-681.705],[-324.45,-676.037],[-345.413231,-626.782262]]]},"properties":{"ID":"018f6862-e82c-79f7-8a54-68e0ab6c721e","NAME":"Annaj-Houche Run","ALT_NAMES":"Houche Run","TYPE":"Hyperspace Route","PARENT_ID":"","PARENT_NAME":"","DATE_FROM":"","DATE_TO":"","CANON":"YES","LEGENDS":"YES","UNLICENSED":"","LEVEL":"2","ZOOM_LEVEL":"","CONJECTURAL_NAME":"","URLS":"https://starwars.fandom.com/wiki/Houche_Run,https://starwars.fandom.com/wiki/Annaj-Houche_Run","DESC":"","color":"","weight":"","opacity":"","smoothFactor":"","SECTIONS_PROPERTIES":[[{"text":"Annaj system","coords":[-331.171725,-695.305528]},{"text":"Ovise system","coords":[-327.596,-694.288],"averageTravelTime":"","continuity":{"canon":"YES","legends":"YES","unlicensed":""},"desc":"","placementCert":""},{"text":"Thonner system","coords":[-325.171,-689.05],"averageTravelTime":"","continuity":{"canon":"YES","legends":"YES","unlicensed":""},"desc":"","placementCert":""},{"text":"Maya Kovel system","coords":[-322.714,-681.705],"averageTravelTime":"","continuity":{"canon":"YES","legends":"YES","unlicensed":""},"desc":"","placementCert":""},{"text":"Vasha system","coords":[-324.45,-676.037],"averageTravelTime":"","continuity":{"canon":"YES","legends":"YES","unlicensed":""},"desc":"","placementCert":""},{"text":"Houche system","coords":[-345.413231,-626.782262],"averageTravelTime":"","continuity":{"canon":"","legends":"YES","unlicensed":""},"desc":"","placementCert":""}]]}},{"type":"Feature","geometry":{"type":"MultiLineString","coordinates":[[[-95.223,-854.071],[-97.057868,-850.335128]]]},"properties":{"ID":"018f6862-e82c-7507-9d19-eabbb76a169f","NAME":"Anoat trade corridor","ALT_NAMES":"","TYPE":"Hyperspace Route","PARENT_ID":"","PARENT_NAME":"","DATE_FROM":"","DATE_TO":"","CANON":"","LEGENDS":"YES","UNLICENSED":"","LEVEL":"3","ZOOM_LEVEL":"","CONJECTURAL_NAME":"","URLS":"https://starwars.fandom.com/wiki/Anoat_trade_corridor","DESC":"","color":"","weight":"","opacity":"","smoothFactor":"","SECTIONS_PROPERTIES":[[{"text":"Anoat system","coords":[-95.223,-854.071]},{"text":"Bespin system","coords":[-97.057868,-850.335128],"averageTravelTime":"","continuity":{"canon":"","legends":"YES","unlicensed":""},"desc":"","placementCert":""}]]}},{"type":"Feature","geometry":{"type":"MultiLineString","coordinates":[[[37.5625,-803.875],[36.5,-805.875],[35.5,-807.5625],[34.0625,-809.5],[30.875,-813.6875],[24.493107,-843.722897]]]},"properties":{"ID":"018f6862-e82c-7fef-9828-7ab29c5cf5ad","NAME":"Anturi Reach","ALT_NAMES":"","TYPE":"Hyperspace Route","PARENT_ID":"","PARENT_NAME":"","DATE_FROM":"","DATE_TO":"","CANON":"","LEGENDS":"YES","UNLICENSED":"","LEVEL":"2","ZOOM_LEVEL":"","CONJECTURAL_NAME":"","URLS":"https://starwars.fandom.com/wiki/Anturi_Reach","DESC":"","color":"","weight":"","opacity":"","smoothFactor":"","SECTIONS_PROPERTIES":[[{"text":"Karfeddion system","coords":[37.5625,-803.875]},{"text":"Atron system","coords":[36.5,-805.875],"averageTravelTime":"","continuity":{"canon":"","legends":"YES","unlicensed":""},"desc":"","placementCert":""},{"text":"Port Evokk system","coords":[35.5,-807.5625],"averageTravelTime":"","continuity":{"canon":"","legends":"YES","unlicensed":""},"desc":"","placementCert":""},{"text":"Tekurr'k system","coords":[34.0625,-809.5],"averageTravelTime":"","continuity":{"canon":"","legends":"YES","unlicensed":""},"desc":"","placementCert":""},{"text":"Yetoom system","coords":[30.875,-813.6875],"averageTravelTime":"","continuity":{"canon":"","legends":"YES","unlicensed":""},"desc":"","placementCert":""},{"text":"Dolla system","coords":[24.493107,-843.722897],"averageTravelTime":"","continuity":{"canon":"","legends":"YES","unlicensed":""},"desc":"","placementCert":""}]]}},{"type":"Feature","geometry":{"type":"MultiLineString","coordinates":[[[535.173449,462.828205],[541.203463,451.129978],[547.715878,437.743347],[551.695688,423.693415],[553.685592,405.030522],[552.84139,390.980589],[559.172905,380.729565],[580.277954,382.478269],[588.418472,385.252076],[597.885594,389.050985]]]},"properties":{"ID":"018f6862-e82c-7757-a7ce-ba15b4f3cad2","NAME":"Ardan Cross","ALT_NAMES":"","TYPE":"Hyperspace Route","PARENT_ID":"","PARENT_NAME":"","DATE_FROM":"","DATE_TO":"","CANON":"","LEGENDS":"YES","UNLICENSED":"","LEVEL":"2","ZOOM_LEVEL":"","CONJECTURAL_NAME":"","URLS":"https://starwars.fandom.com/wiki/Ardan_Cross","DESC":"","color":"","weight":"","opacity":"","smoothFactor":"","SECTIONS_PROPERTIES":[[{"text":"Troos system","coords":[535.173449,462.828205]},{"text":"Atorra system","coords":[541.203463,451.129978],"averageTravelTime":"","continuity":{"canon":"","legends":"YES","unlicensed":""},"desc":"","placementCert":""},{"text":"Chenowei system","coords":[547.715878,437.743347],"averageTravelTime":"","continuity":{"canon":"","legends":"YES","unlicensed":""},"desc":"","placementCert":""},{"text":"B'trilla system","coords":[551.695688,423.693415],"averageTravelTime":"","continuity":{"canon":"","legends":"YES","unlicensed":""},"desc":"","placementCert":""},{"text":"Feena system","coords":[553.685592,405.030522],"averageTravelTime":"","continuity":{"canon":"","legends":"YES","unlicensed":""},"desc":"","placementCert":""},{"text":"Kalishik system","coords":[552.84139,390.980589],"averageTravelTime":"","continuity":{"canon":"","legends":"YES","unlicensed":""},"desc":"","placementCert":""},{"text":"Arda system","coords":[559.172905,380.729565],"averageTravelTime":"","continuity":{"canon":"","legends":"YES","unlicensed":""},"desc":"","placementCert":""},{"text":"Feldwes system","coords":[580.277954,382.478269],"averageTravelTime":"","continuity":{"canon":"","legends":"YES","unlicensed":""},"desc":"","placementCert":""},{"text":"Pygorix system","coords":[588.418472,385.252076],"averageTravelTime":"","continuity":{"canon":"","legends":"YES","unlicensed":""},"desc":"","placementCert":""},{"text":"Spintir system","coords":[597.885594,389.050985],"averageTravelTime":"","continuity":{"canon":"","legends":"YES","unlicensed":""},"desc":"","placementCert":""}]]}},{"type":"Feature","geometry":{"type":"MultiLineString","coordinates":[[[588.418472,385.252076],[591.192279,378.49846]]]},"properties":{"ID":"018f6862-e82c-7473-83fa-de071bdbe860","NAME":"Pygorix-Karsten's World unnamed route","ALT_NAMES":"","TYPE":"Hyperspace Route","PARENT_ID":"","PARENT_NAME":"","DATE_FROM":"","DATE_TO":"","CANON":"","LEGENDS":"YES","UNLICENSED":"","LEVEL":"3","ZOOM_LEVEL":"","CONJECTURAL_NAME":"YES","URLS":"","DESC":"","color":"","weight":"","opacity":"","smoothFactor":"","SECTIONS_PROPERTIES":[[{"text":"Pygorix system","coords":[588.418472,385.252076]},{"text":"Karsten's World system","coords":[591.192279,378.49846],"averageTravelTime":"","continuity":{"canon":"","legends":"YES","unlicensed":""},"desc":"","placementCert":""}]]}},{"type":"Feature","geometry":{"type":"MultiLineString","coordinates":[[[547.715878,437.743347],[549.464582,450.526977]]]},"properties":{"ID":"018f6862-e82c-7982-ab5b-ab252dc66b86","NAME":"Chenowei-Elamposnia unnamed route","ALT_NAMES":"","TYPE":"Hyperspace Route","PARENT_ID":"","PARENT_NAME":"","DATE_FROM":"","DATE_TO":"","CANON":"","LEGENDS":"YES","UNLICENSED":"","LEVEL":"3","ZOOM_LEVEL":"","CONJECTURAL_NAME":"YES","URLS":"","DESC":"","color":"","weight":"","opacity":"","smoothFactor":"","SECTIONS_PROPERTIES":[[{"text":"Chenowei system","coords":[547.715878,437.743347]},{"text":"Elamposnia system","coords":[549.464582,450.526977],"averageTravelTime":"","continuity":{"canon":"","legends":"YES","unlicensed":""},"desc":"","placementCert":""}]]}},{"type":"Feature","geometry":{"type":"MultiLineString","coordinates":[[[597.885594,389.050985],[625.270352,409.316467]]]},"properties":{"ID":"018f6862-e82c-7b72-93ce-e517ac3f46c9","NAME":"Spintir-Stenos unnamed route","ALT_NAMES":"","TYPE":"Hyperspace Route","PARENT_ID":"","PARENT_NAME":"","DATE_FROM":"","DATE_TO":"","CANON":"","LEGENDS":"YES","UNLICENSED":"","LEVEL":"3","ZOOM_LEVEL":"","CONJECTURAL_NAME":"YES","URLS":"","DESC":"","color":"","weight":"","opacity":"","smoothFactor":"","SECTIONS_PROPERTIES":[[{"text":"Spintir system","coords":[597.885594,389.050985]},{"text":"Stenos system","coords":[625.270352,409.316467],"averageTravelTime":"","continuity":{"canon":"","legends":"YES","unlicensed":""},"desc":"","placementCert":""}]]}},{"type":"Feature","geometry":{"type":"MultiLineString","coordinates":[[[870.559426336688,155.53063831507708],[871.750424,150.7815754],[872.4064796,147.1250521],[874.2111505,140.8097781]]]},"properties":{"ID":"018f6862-e82c-74d3-a00b-0a0aa2d8f68c","NAME":"Arleen Loop","ALT_NAMES":"","TYPE":"Hyperspace Route","PARENT_ID":"","PARENT_NAME":"","DATE_FROM":"","DATE_TO":"","CANON":"","LEGENDS":"YES","UNLICENSED":"","LEVEL":"2","ZOOM_LEVEL":"","CONJECTURAL_NAME":"","URLS":"https://starwars.fandom.com/wiki/Arleen_Loop","DESC":"","color":"","weight":"","opacity":"","smoothFactor":"","SECTIONS_PROPERTIES":[[{"text":"Arleen system","coords":[870.559426336688,155.53063831507708]},{"text":"Rafa system","coords":[871.750424,150.7815754],"averageTravelTime":"","continuity":{"canon":"","legends":"YES","unlicensed":""},"desc":"","placementCert":""},{"text":"Dela system","coords":[872.4064796,147.1250521],"averageTravelTime":"","continuity":{"canon":"","legends":"YES","unlicensed":""},"desc":"","placementCert":""},{"text":"Lekua system","coords":[874.2111505,140.8097781],"averageTravelTime":"","continuity":{"canon":"","legends":"YES","unlicensed":""},"desc":"","placementCert":""}]]}},{"type":"Feature","geometry":{"type":"MultiLineString","coordinates":[[[578.3893,-533.746547],[547.91606,-453.919772],[545.740741,-435.243959],[548,-422.25],[555.810571,-406.868483],[579.494105,-380.658705],[608.689105,-331.704942]]]},"properties":{"ID":"018f6862-e82c-734b-a1c0-584f7031b22e","NAME":"Askar Trace","ALT_NAMES":"","TYPE":"Hyperspace Route","PARENT_ID":"","PARENT_NAME":"","DATE_FROM":"-3996","DATE_TO":"","CANON":"","LEGENDS":"YES","UNLICENSED":"","LEVEL":"2","ZOOM_LEVEL":"","CONJECTURAL_NAME":"","URLS":"https://starwars.fandom.com/wiki/Askar_Trace","DESC":"","color":"","weight":"","opacity":"","smoothFactor":"","SECTIONS_PROPERTIES":[[{"text":"Leritor system","coords":[578.3893,-533.746547]},{"text":"Nexus Ortai system","coords":[547.91606,-453.919772],"averageTravelTime":"","continuity":{"canon":"","legends":"YES","unlicensed":""},"desc":"","placementCert":""},{"text":"Galboron system","coords":[545.740741,-435.243959],"averageTravelTime":"","continuity":{"canon":"","legends":"YES","unlicensed":""},"desc":"","placementCert":""},{"text":"Lanos system","coords":[548,-422.25],"averageTravelTime":"","continuity":{"canon":"","legends":"YES","unlicensed":""},"desc":"","placementCert":""},{"text":"Bresnia system","coords":[555.810571,-406.868483],"averageTravelTime":"","continuity":{"canon":"","legends":"","unlicensed":""},"desc":"","placementCert":""},{"text":"Dressel system","coords":[579.494105,-380.658705],"averageTravelTime":"","continuity":{"canon":"","legends":"YES","unlicensed":""},"desc":"","placementCert":""},{"text":"Lannik system","coords":[608.689105,-331.704942],"averageTravelTime":"","continuity":{"canon":"","legends":"YES","unlicensed":""},"desc":"","placementCert":""}]]}},{"type":"Feature","geometry":{"type":"MultiLineString","coordinates":[[[726.120576,562.690711],[732.967086,575.62496],[737.089909,579.425116],[740.94023,580.40019],[747.053201,578.275035],[749.678573,575.462581],[753.080247,561.190359]]]},"properties":{"ID":"018f6862-e82c-7f3f-b033-19d05fdb3faa","NAME":"Authority Arc","ALT_NAMES":"","TYPE":"Hyperspace Route","PARENT_ID":"","PARENT_NAME":"","DATE_FROM":"","DATE_TO":"","CANON":"","LEGENDS":"YES","UNLICENSED":"","LEVEL":"2","ZOOM_LEVEL":"","CONJECTURAL_NAME":"","URLS":"https://starwars.fandom.com/wiki/Authority_Arc","DESC":"","color":"","weight":"","opacity":"","smoothFactor":"","SECTIONS_PROPERTIES":[[{"text":"Authority Arc route start","coords":[726.120576,562.690711]},{"text":"Kumasi system / Ammuud system","coords":[732.967086,575.62496],"averageTravelTime":"","continuity":{"canon":"","legends":"YES","unlicensed":""},"desc":"","placementCert":""},{"text":"Urdur system","coords":[737.089909,579.425116],"averageTravelTime":"","continuity":{"canon":"","legends":"YES","unlicensed":""},"desc":"","placementCert":""},{"text":"Oslumpex system","coords":[740.94023,580.40019],"averageTravelTime":"","continuity":{"canon":"","legends":"YES","unlicensed":""},"desc":"","placementCert":""},{"text":"Matra system","coords":[747.053201,578.275035],"averageTravelTime":"","continuity":{"canon":"","legends":"YES","unlicensed":""},"desc":"","placementCert":""},{"text":"Orron system","coords":[749.678573,575.462581],"averageTravelTime":"","continuity":{"canon":"","legends":"YES","unlicensed":""},"desc":"","placementCert":""},{"text":"Authority Arc route end","coords":[753.080247,561.190359],"averageTravelTime":"","continuity":{"canon":"","legends":"YES","unlicensed":""},"desc":"","placementCert":""}]]}},{"type":"Feature","geometry":{"type":"MultiLineString","coordinates":[[[668.988323,560.876202],[680.499933,575.081782],[692.487662,584.106191],[695.925193,587.525009],[693.775115,599.168476],[694.330486,611.039056],[699.406188,619.393812],[713.649555,625.950683],[735.913129,611.474084],[743.613248,607.011749],[750.757009,603.018207],[755.190851,601.937129],[758.578745,602.67469],[760.253599,603.162204]]]},"properties":{"ID":"018f6862-e82f-7611-b8e5-d517a25df5bf","NAME":"Authority Guardian Corridor","ALT_NAMES":"","TYPE":"Hyperspace Route","PARENT_ID":"","PARENT_NAME":"","DATE_FROM":"","DATE_TO":"","CANON":"","LEGENDS":"YES","UNLICENSED":"","LEVEL":"2","ZOOM_LEVEL":"","CONJECTURAL_NAME":"","URLS":"https://starwars.fandom.com/wiki/Authority_Guardian_Corridor","DESC":"","color":"","weight":"","opacity":"","smoothFactor":"","SECTIONS_PROPERTIES":[[{"text":"Authority Guardian Corridor route start","coords":[668.988323,560.876202]},{"text":"Lafra system","coords":[680.499933,575.081782],"averageTravelTime":"","continuity":{"canon":"","legends":"YES","unlicensed":""},"desc":"","placementCert":""},{"text":"Dra system","coords":[692.487662,584.106191],"averageTravelTime":"","continuity":{"canon":"","legends":"YES","unlicensed":""},"desc":"","placementCert":""},{"text":"Craci system","coords":[695.925193,587.525009],"averageTravelTime":"","continuity":{"canon":"","legends":"YES","unlicensed":""},"desc":"","placementCert":""},{"text":"Drog system","coords":[693.775115,599.168476],"averageTravelTime":"","continuity":{"canon":"","legends":"YES","unlicensed":""},"desc":"","placementCert":""},{"text":"Mall'ordian system","coords":[694.330486,611.039056],"averageTravelTime":"","continuity":{"canon":"","legends":"YES","unlicensed":""},"desc":"","placementCert":""},{"text":"Ninn system","coords":[699.406188,619.393812],"averageTravelTime":"","continuity":{"canon":"","legends":"YES","unlicensed":""},"desc":"","placementCert":""},{"text":"Hiit system","coords":[713.649555,625.950683],"averageTravelTime":"","continuity":{"canon":"","legends":"YES","unlicensed":""},"desc":"","placementCert":""},{"text":"Atchorb system","coords":[735.913129,611.474084],"averageTravelTime":"","continuity":{"canon":"","legends":"YES","unlicensed":""},"desc":"","placementCert":""},{"text":"Tothis system","coords":[743.613248,607.011749],"averageTravelTime":"","continuity":{"canon":"","legends":"YES","unlicensed":""},"desc":"","placementCert":""},{"text":"Kir system","coords":[750.757009,603.018207],"averageTravelTime":"","continuity":{"canon":"","legends":"YES","unlicensed":""},"desc":"","placementCert":""},{"text":"Deltooine system","coords":[755.190851,601.937129],"averageTravelTime":"","continuity":{"canon":"","legends":"YES","unlicensed":""},"desc":"","placementCert":""},{"text":"Fether system","coords":[758.578745,602.67469],"averageTravelTime":"","continuity":{"canon":"","legends":"YES","unlicensed":""},"desc":"","placementCert":""},{"text":"Ocsin system","coords":[760.253599,603.162204],"averageTravelTime":"","continuity":{"canon":"","legends":"YES","unlicensed":""},"desc":"","placementCert":""}]]}},{"type":"Feature","geometry":{"type":"MultiLineString","coordinates":[[[313.859601,415.223291],[353.72412,444.97943],[358.709736,465.572196],[363.261821,483.56377],[351.122928,507.408024]]]},"properties":{"ID":"018f6862-e82f-77f9-86d0-7ba583bdfb6f","NAME":"Axxila-Tangrene hyperlane","ALT_NAMES":"","TYPE":"Hyperspace Route","PARENT_ID":"","PARENT_NAME":"","DATE_FROM":"-1000","DATE_TO":"","CANON":"","LEGENDS":"YES","UNLICENSED":"","LEVEL":"2","ZOOM_LEVEL":"","CONJECTURAL_NAME":"","URLS":"https://starwars.fandom.com/wiki/Axxila%E2%80%93Tangrene_hyperlane","DESC":"","color":"","weight":"","opacity":"","smoothFactor":"","SECTIONS_PROPERTIES":[[{"text":"Axxila system","coords":[313.859601,415.223291]},{"text":"Vandyne system","coords":[353.72412,444.97943],"averageTravelTime":"","continuity":{"canon":"","legends":"YES","unlicensed":""},"desc":"","placementCert":""},{"text":"Camden system","coords":[358.709736,465.572196],"averageTravelTime":"","continuity":{"canon":"","legends":"YES","unlicensed":""},"desc":"","placementCert":""},{"text":"Edusa system","coords":[363.261821,483.56377],"averageTravelTime":"","continuity":{"canon":"","legends":"YES","unlicensed":""},"desc":"","placementCert":""},{"text":"Tangrene system","coords":[351.122928,507.408024],"averageTravelTime":"","continuity":{"canon":"","legends":"YES","unlicensed":""},"desc":"","placementCert":""}]]}},{"type":"Feature","geometry":{"type":"MultiLineString","coordinates":[[[-342.579842,-680.98946],[-346.21,-685.71],[-347.7,-680.259],[-453.753063,-672.712982]]]},"properties":{"ID":"018f6862-e82f-7201-9d3d-4b8eb0070748","NAME":"Bakura Trace","ALT_NAMES":"","TYPE":"Hyperspace Route","PARENT_ID":"","PARENT_NAME":"","DATE_FROM":"","DATE_TO":"","CANON":"YES","LEGENDS":"YES","UNLICENSED":"","LEVEL":"3","ZOOM_LEVEL":"","CONJECTURAL_NAME":"","URLS":"https://starwars.fandom.com/wiki/Bakura_Trace,https://starwars.fandom.com/wiki/Bakura_Trace/Legends","DESC":"","color":"","weight":"","opacity":"","smoothFactor":"","SECTIONS_PROPERTIES":[[{"text":"Endor system","coords":[-342.579842,-680.98946]},{"text":"Sanyassa system","coords":[-346.21,-685.71],"averageTravelTime":"","continuity":{"canon":"YES","legends":"YES","unlicensed":""},"desc":"","placementCert":""},{"text":"Ast Kikorie system","coords":[-347.7,-680.259],"averageTravelTime":"","continuity":{"canon":"YES","legends":"YES","unlicensed":""},"desc":"","placementCert":""},{"text":"Bakura system","coords":[-453.753063,-672.712982],"averageTravelTime":"","continuity":{"canon":"YES","legends":"YES","unlicensed":""},"desc":"","placementCert":""}]]}},{"type":"Feature","geometry":{"type":"MultiLineString","coordinates":[[[34.0625,-809.5],[38.625,-813.9375]]]},"properties":{"ID":"018f6862-e82f-78d1-aba6-e27292262a7c","NAME":"Belsavis Run","ALT_NAMES":"","TYPE":"Hyperspace Route","PARENT_ID":"","PARENT_NAME":"","DATE_FROM":"","DATE_TO":"","CANON":"","LEGENDS":"YES","UNLICENSED":"","LEVEL":"2","ZOOM_LEVEL":"","CONJECTURAL_NAME":"","URLS":"https://starwars.fandom.com/wiki/Belsavis_Run","DESC":"","color":"","weight":"","opacity":"","smoothFactor":"","SECTIONS_PROPERTIES":[[{"text":"Tekurr'k system","coords":[34.0625,-809.5]},{"text":"Belsavis system","coords":[38.625,-813.9375],"averageTravelTime":"","continuity":{"canon":"","legends":"YES","unlicensed":""},"desc":"","placementCert":""}]]}},{"type":"Feature","geometry":{"type":"MultiLineString","coordinates":[[[-183.747809,-631.494223],[56.540961,-555.478594],[208.525737,-683.553136]]]},"properties":{"ID":"018f6862-e82f-78ab-8a20-167b6f9782ea","NAME":"Biox Detour","ALT_NAMES":"","TYPE":"Hyperspace Route","PARENT_ID":"","PARENT_NAME":"","DATE_FROM":"","DATE_TO":"","CANON":"YES","LEGENDS":"","UNLICENSED":"","LEVEL":"4","ZOOM_LEVEL":"","CONJECTURAL_NAME":"","URLS":"https://starwars.fandom.com/wiki/Biox_Detour","DESC":"","color":"","weight":"","opacity":"","smoothFactor":"","SECTIONS_PROPERTIES":[[{"text":"Takodana system","coords":[-183.747809,-631.494223]},{"text":"Kafrene system","coords":[56.540961,-555.478594],"averageTravelTime":"","continuity":{"canon":"YES","legends":"","unlicensed":""},"desc":"","placementCert":""},{"text":"Malastare system","coords":[208.525737,-683.553136],"averageTravelTime":"","continuity":{"canon":"YES","legends":"","unlicensed":""},"desc":"","placementCert":""}]]}},{"type":"Feature","geometry":{"type":"MultiLineString","coordinates":[[[49.375166,29.699407],[54.923929,32.703357],[59.849094,36.264404],[64.468516,38.445797],[69.087938,41.14046],[74.092312,43.96344]]]},"properties":{"ID":"018f6862-e82f-7f47-9c88-269d0281a5d7","NAME":"Bormea/Darpa Corridor","ALT_NAMES":"","TYPE":"Hyperspace Route","PARENT_ID":"018f6862-e830-71ff-a422-632b89f5528e","PARENT_NAME":"Perlemian Trade Route","DATE_FROM":"","DATE_TO":"","CANON":"","LEGENDS":"YES","UNLICENSED":"","LEVEL":"2","ZOOM_LEVEL":"","CONJECTURAL_NAME":"","URLS":"https://starwars.fandom.com/wiki/Bormea/Darpa_Corridor","DESC":"","color":"","weight":"","opacity":"","smoothFactor":"","SECTIONS_PROPERTIES":[[{"text":"Corulus system/Corula system","coords":[49.375166,29.699407]},{"text":"Chandrila system","coords":[54.923929,32.703357],"averageTravelTime":"0:11:0:0","continuity":{"canon":"","legends":"YES","unlicensed":""},"desc":"","placementCert":""},{"text":"Brentaal system","coords":[59.849094,36.264404],"averageTravelTime":"0:18:0:0","continuity":{"canon":"","legends":"YES","unlicensed":""},"desc":"","placementCert":""},{"text":"Essesia system","coords":[64.468516,38.445797],"averageTravelTime":"0:16:0:0","continuity":{"canon":"","legends":"YES","unlicensed":""},"desc":"","placementCert":""},{"text":"Rhinnal system","coords":[69.087938,41.14046],"averageTravelTime":"1:3:0:0","continuity":{"canon":"","legends":"YES","unlicensed":""},"desc":"","placementCert":""},{"text":"Ralltiir system/Ralltiiri system","coords":[74.092312,43.96344],"averageTravelTime":"1:7:0:0","continuity":{"canon":"","legends":"YES","unlicensed":""},"desc":"","placementCert":""}]]}},{"type":"Feature","geometry":{"type":"MultiLineString","coordinates":[[[620.431256,-435.265897],[618.626921,-406.91206],[608.689105,-331.704942],[563.134406,-272.606955]]]},"properties":{"ID":"018f6862-e82f-7014-af6b-c21fcecc142a","NAME":"Bothan Run","ALT_NAMES":"","TYPE":"Hyperspace Route","PARENT_ID":"","PARENT_NAME":"","DATE_FROM":"","DATE_TO":"","CANON":"","LEGENDS":"YES","UNLICENSED":"","LEVEL":"2","ZOOM_LEVEL":"","CONJECTURAL_NAME":"","URLS":"https://starwars.fandom.com/wiki/Bothan_Run","DESC":"","color":"","weight":"","opacity":"","smoothFactor":"","SECTIONS_PROPERTIES":[[{"text":"Both system/Bothawui system/Bothan system","coords":[620.431256,-435.265897]},{"text":"Moonus Mandel system","coords":[618.626921,-406.91206],"averageTravelTime":"","continuity":{"canon":"","legends":"YES","unlicensed":""},"desc":"","placementCert":""},{"text":"Lannik system","coords":[608.689105,-331.704942],"averageTravelTime":"","continuity":{"canon":"","legends":"YES","unlicensed":""},"desc":"","placementCert":""},{"text":"Daalang system","coords":[563.134406,-272.606955],"averageTravelTime":"","continuity":{"canon":"","legends":"YES","unlicensed":""},"desc":"","placementCert":""}]]}},{"type":"Feature","geometry":{"type":"MultiLineString","coordinates":[[[320.254451,323.155561],[298.085669,333.36288],[291.781828,335.515411],[288.245528,336.745428],[259.955123,332.132862],[249.807478,330.287836],[224.13086,324.906509],[174.831834,332.730297],[172.602293,373.18053],[146.947255,419.464112],[118.195593,418.387847],[93.287737,410.700237],[73.453703,425.460448],[57.617226,425.6142],[18.102911,425.306696],[-8.034964,435.454341],[-25.517137,438.898221],[-40.511183,446.059556],[-54.160624,464.359755],[-68.459578,472.508622]],[[-52.48404,493.503401],[-68.459578,472.508622]],[[-52.48404,493.503401],[-68.459578,472.508622]],[[-52.48404,493.503401],[12.975039,508.833134],[-3.114893,522.631839],[-17.413848,527.398158],[-33.250324,538.468316],[-55.851898,543.542139],[-81.912651,550.234603],[-87.678604,589.514047],[-89.52157,608.308555],[-34.133119,624.869142]],[[-89.52157,608.308555],[-90.416737,646.353148],[-120.735327,663.622608],[-143.644405,664.237616],[-151.561291,659.094468]]]},"properties":{"ID":"018f6862-e82f-735e-a6b2-b36b4ca2faf4","NAME":"Braxant Run","ALT_NAMES":"","TYPE":"Hyperspace Route","PARENT_ID":"","PARENT_NAME":"","DATE_FROM":"","DATE_TO":"","CANON":"YES","LEGENDS":"YES","UNLICENSED":"","LEVEL":"2","ZOOM_LEVEL":"","CONJECTURAL_NAME":"","URLS":"https://starwars.fandom.com/wiki/Braxant_Run,https://starwars.fandom.com/wiki/Braxant_Run/Legends","DESC":"","color":"","weight":"","opacity":"","smoothFactor":"","SECTIONS_PROPERTIES":[[{"text":"Bandomeer system","coords":[320.254451,323.155561]},{"text":"Selaggis system","coords":[298.085669,333.36288],"averageTravelTime":"","continuity":{"canon":"","legends":"YES","unlicensed":""},"desc":"","placementCert":""},{"text":"Vahaba system","coords":[291.781828,335.515411],"averageTravelTime":"","continuity":{"canon":"","legends":"YES","unlicensed":""},"desc":"","placementCert":""},{"text":"Halmad system","coords":[288.245528,336.745428],"averageTravelTime":"","continuity":{"canon":"","legends":"YES","unlicensed":""},"desc":"","placementCert":""},{"text":"Jussafet system","coords":[259.955123,332.132862],"averageTravelTime":"","continuity":{"canon":"","legends":"YES","unlicensed":""},"desc":"","placementCert":""},{"text":"G'wenee system","coords":[249.807478,330.287836],"averageTravelTime":"","continuity":{"canon":"","legends":"YES","unlicensed":""},"desc":"","placementCert":""},{"text":"Storinal system","coords":[224.13086,324.906509],"averageTravelTime":"","continuity":{"canon":"","legends":"YES","unlicensed":""},"desc":"","placementCert":""},{"text":"Er'Kit system","coords":[174.831834,332.730297],"averageTravelTime":"","continuity":{"canon":"","legends":"YES","unlicensed":""},"desc":"","placementCert":""},{"text":"Borgo Prime system","coords":[172.602293,373.18053],"averageTravelTime":"","continuity":{"canon":"YES","legends":"YES","unlicensed":""},"desc":"","placementCert":""},{"text":"Agamar system","coords":[146.947255,419.464112],"averageTravelTime":"","continuity":{"canon":"YES","legends":"YES","unlicensed":""},"desc":"","placementCert":""},{"text":"Harrod's Planet system","coords":[118.195593,418.387847],"averageTravelTime":"","continuity":{"canon":"","legends":"YES","unlicensed":""},"desc":"","placementCert":""},{"text":"Ketaris system","coords":[93.287737,410.700237],"averageTravelTime":"","continuity":{"canon":"","legends":"YES","unlicensed":""},"desc":"","placementCert":""},{"text":"Fedje system","coords":[73.453703,425.460448],"averageTravelTime":"","continuity":{"canon":"","legends":"YES","unlicensed":""},"desc":"","placementCert":""},{"text":"Vuchelle system","coords":[57.617226,425.6142],"averageTravelTime":"","continuity":{"canon":"","legends":"YES","unlicensed":""},"desc":"","placementCert":""},{"text":"Isiring system","coords":[18.102911,425.306696],"averageTravelTime":"","continuity":{"canon":"","legends":"YES","unlicensed":""},"desc":"","placementCert":""},{"text":"New Bakstre system","coords":[-8.034964,435.454341],"averageTravelTime":"","continuity":{"canon":"","legends":"YES","unlicensed":""},"desc":"","placementCert":""},{"text":"Cassander system","coords":[-25.517137,438.898221],"averageTravelTime":"","continuity":{"canon":"","legends":"YES","unlicensed":""},"desc":"","placementCert":""},{"text":"Garqi system","coords":[-40.511183,446.059556],"averageTravelTime":"","continuity":{"canon":"","legends":"YES","unlicensed":""},"desc":"","placementCert":""},{"text":"Minashee system","coords":[-54.160624,464.359755],"averageTravelTime":"","continuity":{"canon":"","legends":"YES","unlicensed":""},"desc":"","placementCert":""},{"text":"Scipio system","coords":[-68.459578,472.508622],"averageTravelTime":"","continuity":{"canon":"","legends":"YES","unlicensed":""},"desc":"","placementCert":""}],[{"text":"Mygeeto system","coords":[-52.48404,493.503401]},{"text":"Scipio system","coords":[-68.459578,472.508622],"averageTravelTime":"","continuity":{"canon":"","legends":"YES","unlicensed":""},"desc":"","placementCert":""}],[{"text":"Mygeeto system","coords":[-52.48404,493.503401]},{"text":"Albarrio system","coords":[-68.459578,472.508622],"averageTravelTime":"","continuity":{"canon":"","legends":"YES","unlicensed":""},"desc":"","placementCert":""}],[{"text":"Mygeeto system","coords":[-52.48404,493.503401]},{"text":"Ord Trasi system","coords":[12.975039,508.833134],"averageTravelTime":"","continuity":{"canon":"","legends":"YES","unlicensed":""},"desc":"","placementCert":""},{"text":"Gwori system","coords":[-3.114893,522.631839],"averageTravelTime":"","continuity":{"canon":"","legends":"YES","unlicensed":""},"desc":"","placementCert":""},{"text":"Fodro system","coords":[-17.413848,527.398158],"averageTravelTime":"","continuity":{"canon":"","legends":"YES","unlicensed":""},"desc":"","placementCert":""},{"text":"Kwevron system","coords":[-33.250324,538.468316],"averageTravelTime":"","continuity":{"canon":"","legends":"YES","unlicensed":""},"desc":"","placementCert":""},{"text":"Venestria system","coords":[-55.851898,543.542139],"averageTravelTime":"","continuity":{"canon":"","legends":"YES","unlicensed":""},"desc":"","placementCert":""},{"text":"Muunilinst system","coords":[-81.912651,550.234603],"averageTravelTime":"","continuity":{"canon":"","legends":"YES","unlicensed":""},"desc":"","placementCert":""},{"text":"Jaemus system","coords":[-87.678604,589.514047],"averageTravelTime":"","continuity":{"canon":"","legends":"YES","unlicensed":""},"desc":"","placementCert":""},{"text":"Obtrexta system","coords":[-89.52157,608.308555],"averageTravelTime":"","continuity":{"canon":"","legends":"YES","unlicensed":""},"desc":"","placementCert":""},{"text":"Dubrillion system","coords":[-34.133119,624.869142],"averageTravelTime":"","continuity":{"canon":"","legends":"YES","unlicensed":""},"desc":"","placementCert":""}],[{"text":"Obtrexta system","coords":[-89.52157,608.308555]},{"text":"Sartinaynian system","coords":[-90.416737,646.353148],"averageTravelTime":"","continuity":{"canon":"","legends":"YES","unlicensed":""},"desc":"","placementCert":""},{"text":"Qonto system","coords":[-120.735327,663.622608],"averageTravelTime":"","continuity":{"canon":"","legends":"YES","unlicensed":""},"desc":"","placementCert":""},{"text":"Xerton system","coords":[-143.644405,664.237616],"averageTravelTime":"","continuity":{"canon":"","legends":"YES","unlicensed":""},"desc":"","placementCert":""},{"text":"Braxant Run end","coords":[-151.561291,659.094468],"averageTravelTime":"","continuity":{"canon":"","legends":"YES","unlicensed":""},"desc":"","placementCert":""}]]}},{"type":"Feature","geometry":{"type":"MultiLineString","coordinates":[[[59.849094,36.264404],[75.84569,10.221973],[139.008579,-54.47756],[182.571686,-152.835458],[198.498843,-207.750827],[228.371169,-316.603224]]]},"properties":{"ID":"018f6862-e82f-7eae-9efa-9c38b22af9a8","NAME":"Brentaal-Denon Route","ALT_NAMES":"","TYPE":"Hyperspace Route","PARENT_ID":"018f6862-e82f-78ce-a5f4-fc8c0ca5b053","PARENT_NAME":"Hydian Way","DATE_FROM":"-3705","DATE_TO":"","CANON":"","LEGENDS":"YES","UNLICENSED":"","LEVEL":"1","ZOOM_LEVEL":"0","CONJECTURAL_NAME":"","URLS":"https://starwars.fandom.com/wiki/Brentaal%E2%80%93Denon_Route","DESC":"","color":"","weight":"","opacity":"","smoothFactor":"","SECTIONS_PROPERTIES":[[{"text":"Brentaal system","coords":[59.849094,36.264404]},{"text":"Skako system","coords":[75.84569,10.221973],"averageTravelTime":"","continuity":{"canon":"","legends":"YES","unlicensed":""},"desc":"","placementCert":""},{"text":"Fedalle system","coords":[139.008579,-54.47756],"averageTravelTime":"","continuity":{"canon":"","legends":"YES","unlicensed":""},"desc":"","placementCert":""},{"text":"Bellassa system","coords":[182.571686,-152.835458],"averageTravelTime":"","continuity":{"canon":"","legends":"YES","unlicensed":""},"desc":"","placementCert":""},{"text":"Exodeen system","coords":[198.498843,-207.750827],"averageTravelTime":"","continuity":{"canon":"","legends":"YES","unlicensed":""},"desc":"","placementCert":""},{"text":"Denon system","coords":[228.371169,-316.603224],"averageTravelTime":"","continuity":{"canon":"","legends":"YES","unlicensed":""},"desc":"","placementCert":""}]]}},{"type":"Feature","geometry":{"type":"MultiLineString","coordinates":[[[749.640624,599.099755],[771.722487,354.383192]]]},"properties":{"ID":"018f6862-e82f-7620-a50d-6e2097841523","NAME":"Bubble Wink","ALT_NAMES":"","TYPE":"Hyperspace Route","PARENT_ID":"","PARENT_NAME":"","DATE_FROM":"","DATE_TO":"","CANON":"","LEGENDS":"YES","UNLICENSED":"","LEVEL":"4","ZOOM_LEVEL":"","CONJECTURAL_NAME":"","URLS":"https://starwars.fandom.com/wiki/Bubble_Wink","DESC":"","color":"","weight":"","opacity":"","smoothFactor":"","SECTIONS_PROPERTIES":[[{"text":"Rampa system","coords":[749.640624,599.099755]},{"text":"Panna system","coords":[771.722487,354.383192],"averageTravelTime":"","continuity":{"canon":"","legends":"YES","unlicensed":""},"desc":"","placementCert":""}]]}},{"type":"Feature","geometry":{"type":"MultiLineString","coordinates":[[[-404.56189,-364.979617],[-282.636394,-309.013816],[-362.280035,-215.532478],[-367.661362,-46.251304],[3.342699,253.104231]]]},"properties":{"ID":"018f6862-e82f-7663-b58b-625e10e6d190","NAME":"Burke's Trailing","ALT_NAMES":"Burke's Trai","TYPE":"Hyperspace Route","PARENT_ID":"","PARENT_NAME":"","DATE_FROM":"","DATE_TO":"","CANON":"YES","LEGENDS":"","UNLICENSED":"","LEVEL":"4","ZOOM_LEVEL":"","CONJECTURAL_NAME":"","URLS":"https://starwars.fandom.com/wiki/Burke%27s_Trailing","DESC":"","color":"","weight":"","opacity":"","smoothFactor":"","SECTIONS_PROPERTIES":[[{"text":"Ponemah Terminal planet's system/Ponemah planet's system","coords":[-404.56189,-364.979617]},{"text":"Jakku system","coords":[-282.636394,-309.013816],"averageTravelTime":"","continuity":{"canon":"YES","legends":"","unlicensed":""},"desc":"","placementCert":""},{"text":"Adrathorpe system","coords":[-362.280035,-215.532478],"averageTravelTime":"","continuity":{"canon":"YES","legends":"","unlicensed":""},"desc":"","placementCert":""},{"text":"Jedha system","coords":[-367.661362,-46.251304],"averageTravelTime":"","continuity":{"canon":"YES","legends":"","unlicensed":""},"desc":"","placementCert":""},{"text":"Bright Jewel system","coords":[3.342699,253.104231],"averageTravelTime":"","continuity":{"canon":"YES","legends":"","unlicensed":""},"desc":"","placementCert":""}]]}},{"type":"Feature","geometry":{"type":"MultiLineString","coordinates":[[[2.062635,-52.16176],[-7.302134,-58.269218],[-44.386269,-88.716064]],[[0.113903,0.18186],[2.062635,-52.16176]],[[-44.386269,-88.716064],[-48.206528,-181.981832]]]},"properties":{"ID":"018f6862-e82f-7b8a-b7f8-3a837204c219","NAME":"Byss Run","ALT_NAMES":"","TYPE":"Hyperspace Route","PARENT_ID":"","PARENT_NAME":"","DATE_FROM":"","DATE_TO":"","CANON":"YES","LEGENDS":"YES","UNLICENSED":"","LEVEL":"2","ZOOM_LEVEL":"","CONJECTURAL_NAME":"","URLS":"https://starwars.fandom.com/wiki/Byss_Run,https://starwars.fandom.com/wiki/Byss_Run/Legends","DESC":"","color":"","weight":"","opacity":"","smoothFactor":"","SECTIONS_PROPERTIES":[[{"text":"Empress Teta system","coords":[2.062635,-52.16176]},{"text":"Keeara Major system","coords":[-7.302134,-58.269218],"averageTravelTime":"","continuity":{"canon":"","legends":"YES","unlicensed":""},"desc":"","placementCert":""},{"text":"Prakith system","coords":[-44.386269,-88.716064],"averageTravelTime":"","continuity":{"canon":"","legends":"YES","unlicensed":""},"desc":"","placementCert":""}],[{"text":"Coruscant system/Imperial system/Yuuzhan'tar system","coords":[0.113903,0.18186]},{"text":"Empress Teta system","coords":[2.062635,-52.16176],"averageTravelTime":"","continuity":{"canon":"YES","legends":"","unlicensed":""},"desc":"","placementCert":""}],[{"text":"Prakith system","coords":[-44.386269,-88.716064]},{"text":"Beshqek system/Byss system","coords":[-48.206528,-181.981832],"averageTravelTime":"","continuity":{"canon":"YES","legends":"YES","unlicensed":""},"desc":"","placementCert":""}]]}},{"type":"Feature","geometry":{"type":"MultiLineString","coordinates":[[[704.031358,372.121021],[715.530443,365.159612],[728.871637,360.396437],[743.312078,362.954572],[756.467272,367.173377],[763.550514,372.623379],[772.303748,379.804814]]]},"properties":{"ID":"018f6862-e82f-79b5-a7f7-562966657e5e","NAME":"Cadinth Run","ALT_NAMES":"","TYPE":"Hyperspace Route","PARENT_ID":"","PARENT_NAME":"","DATE_FROM":"","DATE_TO":"","CANON":"","LEGENDS":"YES","UNLICENSED":"","LEVEL":"2","ZOOM_LEVEL":"","CONJECTURAL_NAME":"","URLS":"https://starwars.fandom.com/wiki/Cadinth_Run","DESC":"","color":"","weight":"","opacity":"","smoothFactor":"","SECTIONS_PROPERTIES":[[{"text":"Lianna system","coords":[704.031358,372.121021]},{"text":"Spinax system","coords":[715.530443,365.159612],"averageTravelTime":"","continuity":{"canon":"","legends":"YES","unlicensed":""},"desc":"","placementCert":""},{"text":"Cadinth system","coords":[728.871637,360.396437],"averageTravelTime":"","continuity":{"canon":"","legends":"YES","unlicensed":""},"desc":"","placementCert":""},{"text":"Embaril system","coords":[743.312078,362.954572],"averageTravelTime":"","continuity":{"canon":"","legends":"YES","unlicensed":""},"desc":"","placementCert":""},{"text":"Voss system","coords":[756.467272,367.173377],"averageTravelTime":"","continuity":{"canon":"","legends":"YES","unlicensed":""},"desc":"","placementCert":""},{"text":"Jaminere system","coords":[763.550514,372.623379],"averageTravelTime":"","continuity":{"canon":"","legends":"YES","unlicensed":""},"desc":"","placementCert":""},{"text":"Dravione system","coords":[772.303748,379.804814],"averageTravelTime":"","continuity":{"canon":"","legends":"YES","unlicensed":""},"desc":"","placementCert":""}]]}},{"type":"Feature","geometry":{"type":"MultiLineString","coordinates":[[[804.748853,161.360417],[833.8149212747777,159.555144522454],[860.469015,152.4997918],[863.1250707,150.6565233],[866.281409,145.1875781],[874.2111505,140.8097781],[881.3514595,137.0049254],[886.6834166,128.7986585]]]},"properties":{"ID":"018f6862-e82f-77a1-b144-0fcc0ebfbf25","NAME":"Cadma Conduit","ALT_NAMES":"","TYPE":"Hyperspace Route","PARENT_ID":"","PARENT_NAME":"","DATE_FROM":"","DATE_TO":"","CANON":"","LEGENDS":"YES","UNLICENSED":"","LEVEL":"2","ZOOM_LEVEL":"","CONJECTURAL_NAME":"","URLS":"https://starwars.fandom.com/wiki/Cadma_Conduit","DESC":"","color":"","weight":"","opacity":"","smoothFactor":"","SECTIONS_PROPERTIES":[[{"text":"Junkfort system","coords":[804.748853,161.360417]},{"text":"Dagelin Minor system","coords":[833.8149212747777,159.555144522454],"averageTravelTime":"","continuity":{"canon":"","legends":"YES","unlicensed":""},"desc":"","placementCert":""},{"text":"Oseon system","coords":[860.469015,152.4997918],"averageTravelTime":"","continuity":{"canon":"","legends":"YES","unlicensed":""},"desc":"","placementCert":""},{"text":"Erilnar system","coords":[863.1250707,150.6565233],"averageTravelTime":"","continuity":{"canon":"","legends":"YES","unlicensed":""},"desc":"","placementCert":""},{"text":"Scillal system","coords":[866.281409,145.1875781],"averageTravelTime":"","continuity":{"canon":"","legends":"YES","unlicensed":""},"desc":"","placementCert":""},{"text":"Lekua system","coords":[874.2111505,140.8097781],"averageTravelTime":"","continuity":{"canon":"","legends":"YES","unlicensed":""},"desc":"","placementCert":""},{"text":"Cadma system","coords":[881.3514595,137.0049254],"averageTravelTime":"","continuity":{"canon":"","legends":"YES","unlicensed":""},"desc":"","placementCert":""},{"text":"Zebitrope system","coords":[886.6834166,128.7986585],"averageTravelTime":"","continuity":{"canon":"","legends":"YES","unlicensed":""},"desc":"","placementCert":""}]]}},{"type":"Feature","geometry":{"type":"MultiLineString","coordinates":[[[2.062635,-52.16176],[36.346972,-35.898559],[58.53974,-48.71134]]]},"properties":{"ID":"018f6862-e82f-7275-bf1d-2404cbf6ad1e","NAME":"Carbonite Run","ALT_NAMES":"","TYPE":"Hyperspace Route","PARENT_ID":"","PARENT_NAME":"","DATE_FROM":"","DATE_TO":"","CANON":"YES","LEGENDS":"YES","UNLICENSED":"","LEVEL":"3","ZOOM_LEVEL":"","CONJECTURAL_NAME":"","URLS":"https://starwars.fandom.com/wiki/Carbonite_Run,https://starwars.fandom.com/wiki/Carbonite_Run/Legends","DESC":"","color":"","weight":"","opacity":"","smoothFactor":"","SECTIONS_PROPERTIES":[[{"text":"Empress Teta system","coords":[2.062635,-52.16176]},{"text":"Primus Goluud system","coords":[36.346972,-35.898559],"averageTravelTime":"","continuity":{"canon":"","legends":"YES","unlicensed":""},"desc":"","placementCert":""},{"text":"Vulpter system","coords":[58.53974,-48.71134],"averageTravelTime":"","continuity":{"canon":"","legends":"YES","unlicensed":""},"desc":"","placementCert":""}]]}},{"type":"Feature","geometry":{"type":"MultiLineString","coordinates":[[[-141.387524,192.827701],[-126.255236,205.756257],[-123.757674,209.576058],[-121.65784,210.207367],[-90.9074,221.892534],[-71.227118,232.193932],[-49.086801,238.497772],[-25.716467,244.340356],[0.882664,254.795505],[3.342699,253.104231],[13.951601,260.02308],[32.5,268.882396],[41.78075,271.862],[76.528747,282.932158],[107.125435,311.991324],[108.509205,321.370208],[120.501877,338.129198],[133.570814,372.262187],[135.41584,380.257301],[139.720902,406.241423],[146.947255,419.464112],[218.235918,454.295735],[255.035052,434.68558],[267.027724,402.858875],[278.823966,409.888319],[313.859601,415.223291],[328.946973,389.171585],[344.672586,391.942468],[370.235121,389.066005]]]},"properties":{"ID":"018f6862-e82f-73a7-8cee-2bf099e81186","NAME":"Celanon Spur","ALT_NAMES":"","TYPE":"Hyperspace Route","PARENT_ID":"","PARENT_NAME":"","DATE_FROM":"","DATE_TO":"","CANON":"YES","LEGENDS":"YES","UNLICENSED":"","LEVEL":"2","ZOOM_LEVEL":"","CONJECTURAL_NAME":"","URLS":"https://starwars.fandom.com/wiki/Celanon_Spur,https://starwars.fandom.com/wiki/Celanon_Spur/Legends","DESC":"","color":"","weight":"","opacity":"","smoothFactor":"","SECTIONS_PROPERTIES":[[{"text":"Dorin system","coords":[-141.387524,192.827701]},{"text":"Myomar system","coords":[-126.255236,205.756257],"averageTravelTime":"","continuity":{"canon":"","legends":"YES","unlicensed":""},"desc":"","placementCert":""},{"text":"Vicondor system","coords":[-123.757674,209.576058],"averageTravelTime":"","continuity":{"canon":"","legends":"YES","unlicensed":""},"desc":"","placementCert":""},{"text":"Station 88 Spaceport/Station 88","coords":[-121.65784,210.207367],"averageTravelTime":"","continuity":{"canon":"","legends":"YES","unlicensed":""},"desc":"","placementCert":""},{"text":"Ten Tempests system","coords":[-90.9074,221.892534],"averageTravelTime":"","continuity":{"canon":"","legends":"YES","unlicensed":""},"desc":"","placementCert":""},{"text":"Nentan system","coords":[-71.227118,232.193932],"averageTravelTime":"","continuity":{"canon":"","legends":"YES","unlicensed":""},"desc":"","placementCert":""},{"text":"Wuun system","coords":[-49.086801,238.497772],"averageTravelTime":"","continuity":{"canon":"","legends":"YES","unlicensed":""},"desc":"","placementCert":""},{"text":"Dohu system","coords":[-25.716467,244.340356],"averageTravelTime":"","continuity":{"canon":"","legends":"YES","unlicensed":""},"desc":"","placementCert":""},{"text":"Qiilura system","coords":[0.882664,254.795505],"averageTravelTime":"","continuity":{"canon":"","legends":"YES","unlicensed":""},"desc":"","placementCert":""},{"text":"Bright Jewel system","coords":[3.342699,253.104231],"averageTravelTime":"","continuity":{"canon":"","legends":"YES","unlicensed":""},"desc":"","placementCert":""},{"text":"Dor Nameth system","coords":[13.951601,260.02308],"averageTravelTime":"","continuity":{"canon":"","legends":"YES","unlicensed":""},"desc":"","placementCert":""},{"text":"Aleen system","coords":[32.5,268.882396],"averageTravelTime":"","continuity":{"canon":"YES","legends":"YES","unlicensed":""},"desc":"","placementCert":""},{"text":"Korvaii system","coords":[41.78075,271.862],"averageTravelTime":"","continuity":{"canon":"YES","legends":"YES","unlicensed":""},"desc":"","placementCert":""},{"text":"Alderath system","coords":[76.528747,282.932158],"averageTravelTime":"","continuity":{"canon":"","legends":"YES","unlicensed":""},"desc":"","placementCert":""},{"text":"Orocco system","coords":[107.125435,311.991324],"averageTravelTime":"","continuity":{"canon":"","legends":"YES","unlicensed":""},"desc":"","placementCert":""},{"text":"Ottega system","coords":[108.509205,321.370208],"averageTravelTime":"","continuity":{"canon":"","legends":"YES","unlicensed":""},"desc":"","placementCert":""},{"text":"Noonian system","coords":[120.501877,338.129198],"averageTravelTime":"","continuity":{"canon":"","legends":"YES","unlicensed":""},"desc":"","placementCert":""},{"text":"Cademimu system","coords":[133.570814,372.262187],"averageTravelTime":"","continuity":{"canon":"","legends":"YES","unlicensed":""},"desc":"","placementCert":""},{"text":"Paarin Minor system","coords":[135.41584,380.257301],"averageTravelTime":"","continuity":{"canon":"","legends":"YES","unlicensed":""},"desc":"","placementCert":""},{"text":"Kebolar system","coords":[139.720902,406.241423],"averageTravelTime":"","continuity":{"canon":"","legends":"YES","unlicensed":""},"desc":"","placementCert":""},{"text":"Agamar system","coords":[146.947255,419.464112],"averageTravelTime":"","continuity":{"canon":"","legends":"YES","unlicensed":""},"desc":"","placementCert":""},{"text":"Shaum Hii system","coords":[218.235918,454.295735],"averageTravelTime":"","continuity":{"canon":"","legends":"YES","unlicensed":""},"desc":"","placementCert":""},{"text":"Shirb system","coords":[255.035052,434.68558],"averageTravelTime":"","continuity":{"canon":"","legends":"YES","unlicensed":""},"desc":"","placementCert":""},{"text":"Pandem Nai system","coords":[267.027724,402.858875],"averageTravelTime":"","continuity":{"canon":"YES","legends":"YES","unlicensed":""},"desc":"","placementCert":""},{"text":"Vinsoth system","coords":[278.823966,409.888319],"averageTravelTime":"","continuity":{"canon":"YES","legends":"YES","unlicensed":""},"desc":"","placementCert":""},{"text":"Axxila system","coords":[313.859601,415.223291],"averageTravelTime":"","continuity":{"canon":"","legends":"YES","unlicensed":""},"desc":"","placementCert":""},{"text":"Ord Cestus system","coords":[328.946973,389.171585],"averageTravelTime":"","continuity":{"canon":"","legends":"YES","unlicensed":""},"desc":"","placementCert":""},{"text":"Pedd system","coords":[344.672586,391.942468],"averageTravelTime":"","continuity":{"canon":"","legends":"YES","unlicensed":""},"desc":"","placementCert":""},{"text":"Celanon system","coords":[370.235121,389.066005],"averageTravelTime":"","continuity":{"canon":"","legends":"YES","unlicensed":""},"desc":"","placementCert":""}]]}},{"type":"Feature","geometry":{"type":"MultiLineString","coordinates":[[[-242.401707,-663.868639],[-228.195484,-678.556429],[-195.68972,-690.114034],[-182.933625,-698.088195],[-126.964753,-726.938443],[-120.260362,-732.255719],[-103.961755,-759.882435],[-106.389207,-777.683751],[-116.3125,-813.5],[-119.3125,-825.4375],[-115.000247,-830.254266]]]},"properties":{"ID":"018f6862-e82f-7a9b-81ba-c1fddc5c93d1","NAME":"Cerean Reach","ALT_NAMES":"Cerean Run","TYPE":"Hyperspace Route","PARENT_ID":"","PARENT_NAME":"","DATE_FROM":"","DATE_TO":"","CANON":"YES","LEGENDS":"YES","UNLICENSED":"","LEVEL":"2","ZOOM_LEVEL":"","CONJECTURAL_NAME":"","URLS":"https://starwars.fandom.com/wiki/Cerean_Reach,https://starwars.fandom.com/wiki/Cerean_Reach/Legends","DESC":"","color":"","weight":"","opacity":"","smoothFactor":"","SECTIONS_PROPERTIES":[[{"text":"Cerean system","coords":[-242.401707,-663.868639]},{"text":"Cheelit system","coords":[-228.195484,-678.556429],"averageTravelTime":"","continuity":{"canon":"","legends":"YES","unlicensed":""},"desc":"","placementCert":""},{"text":"Koba system","coords":[-195.68972,-690.114034],"averageTravelTime":"","continuity":{"canon":"","legends":"YES","unlicensed":""},"desc":"","placementCert":""},{"text":"Riflorii system","coords":[-182.933625,-698.088195],"averageTravelTime":"","continuity":{"canon":"","legends":"YES","unlicensed":""},"desc":"","placementCert":""},{"text":"Hirsi system","coords":[-126.964753,-726.938443],"averageTravelTime":"","continuity":{"canon":"","legends":"YES","unlicensed":""},"desc":"","placementCert":""},{"text":"Elbara system","coords":[-120.260362,-732.255719],"averageTravelTime":"","continuity":{"canon":"","legends":"YES","unlicensed":""},"desc":"","placementCert":""},{"text":"Quaensan Prime system","coords":[-103.961755,-759.882435],"averageTravelTime":"","continuity":{"canon":"","legends":"YES","unlicensed":""},"desc":"","placementCert":""},{"text":"Lorta system","coords":[-106.389207,-777.683751],"averageTravelTime":"","continuity":{"canon":"","legends":"YES","unlicensed":""},"desc":"","placementCert":""},{"text":"Nameless Javin Sector system 1","coords":[-116.3125,-813.5],"averageTravelTime":"","continuity":{"canon":"","legends":"YES","unlicensed":""},"desc":"","placementCert":""},{"text":"Nameless Yarith sector system 4","coords":[-119.3125,-825.4375],"averageTravelTime":"","continuity":{"canon":"","legends":"YES","unlicensed":""},"desc":"","placementCert":""},{"text":"Shuldene system","coords":[-115.000247,-830.254266],"averageTravelTime":"","continuity":{"canon":"","legends":"YES","unlicensed":""},"desc":"","placementCert":""}]]}},{"type":"Feature","geometry":{"type":"MultiLineString","coordinates":[[[-582.453186,151.320274],[-592.293327,174.998113],[-671,194.25]]]},"properties":{"ID":"018f6862-e82f-7b94-96ea-79ebb42550aa","NAME":"Chasdemonus Route","ALT_NAMES":"","TYPE":"Hyperspace Route","PARENT_ID":"","PARENT_NAME":"","DATE_FROM":"","DATE_TO":"","CANON":"","LEGENDS":"YES","UNLICENSED":"","LEVEL":"3","ZOOM_LEVEL":"","CONJECTURAL_NAME":"","URLS":"https://starwars.fandom.com/wiki/Chasdemonus_Route","DESC":"","color":"","weight":"","opacity":"","smoothFactor":"","SECTIONS_PROPERTIES":[[{"text":"Naporar system","coords":[-582.453186,151.320274]},{"text":"Colonial Station Cam'co system","coords":[-592.293327,174.998113],"averageTravelTime":"","continuity":{"canon":"","legends":"YES","unlicensed":""},"desc":"","placementCert":""},{"text":"Chasdemonus Route end","coords":[-671,194.25],"averageTravelTime":"","continuity":{"canon":"","legends":"YES","unlicensed":""},"desc":"","placementCert":""}]]}},{"type":"Feature","geometry":{"type":"MultiLineString","coordinates":[[[59.849094,36.264404],[88.986221,18.158333],[106.324857,8.44947],[113.156848,7.235582],[128.749556,-5.450232],[144.840023,-23.484513],[171.240103,-23.649731],[190.914677,-25.41652],[231.407678,-98.02691]]]},"properties":{"ID":"018f6862-e82f-7023-9777-db271f4ab2c6","NAME":"Commenor Run","ALT_NAMES":"","TYPE":"Hyperspace Route","PARENT_ID":"","PARENT_NAME":"","DATE_FROM":"-17000","DATE_TO":"","CANON":"YES","LEGENDS":"YES","UNLICENSED":"","LEVEL":"2","ZOOM_LEVEL":"","CONJECTURAL_NAME":"","URLS":"https://starwars.fandom.com/wiki/Commenor_Run,https://starwars.fandom.com/wiki/Commenor_Run/Legends","DESC":"","color":"","weight":"","opacity":"","smoothFactor":"","SECTIONS_PROPERTIES":[[{"text":"Brentaal system","coords":[59.849094,36.264404]},{"text":"Tepasi system","coords":[88.986221,18.158333],"averageTravelTime":"","continuity":{"canon":"","legends":"YES","unlicensed":""},"desc":"","placementCert":""},{"text":"Korfo system","coords":[106.324857,8.44947],"averageTravelTime":"","continuity":{"canon":"","legends":"YES","unlicensed":""},"desc":"","placementCert":""},{"text":"Cirius system","coords":[113.156848,7.235582],"averageTravelTime":"","continuity":{"canon":"","legends":"YES","unlicensed":""},"desc":"","placementCert":""},{"text":"Alderaan system","coords":[128.749556,-5.450232],"averageTravelTime":"","continuity":{"canon":"","legends":"YES","unlicensed":""},"desc":"","placementCert":""},{"text":"Kantel system","coords":[144.840023,-23.484513],"averageTravelTime":"","continuity":{"canon":"","legends":"YES","unlicensed":""},"desc":"","placementCert":""},{"text":"Parkis system","coords":[171.240103,-23.649731],"averageTravelTime":"","continuity":{"canon":"","legends":"YES","unlicensed":""},"desc":"","placementCert":""},{"text":"Kattada system","coords":[190.914677,-25.41652],"averageTravelTime":"","continuity":{"canon":"","legends":"YES","unlicensed":""},"desc":"","placementCert":""},{"text":"Commenor system","coords":[231.407678,-98.02691],"averageTravelTime":"","continuity":{"canon":"","legends":"YES","unlicensed":""},"desc":"","placementCert":""}]]}},{"type":"Feature","geometry":{"type":"MultiLineString","coordinates":[[[0.113903,0.18186],[37.038266,-4.045108],[56.439873,-12.566478],[68.80791,-19.969245],[81.999476,-28.293244],[112.081313,-59.048513],[124.664214,-83.051765],[133.876381,-106.513806],[137.817073,-117.663079],[147.864998,-150.981446],[151.713573,-162.334216],[154.546725,-174.187809],[160.938705,-187.242073],[161.53125,-189.4375],[161.707466,-190.163364],[162.476227,-192.162143],[163.552493,-194.929683],[169.702581,-213.226195],[184.133309,-247.900011],[191.147411,-264.331216],[198.30049,-274.880827],[209.831905,-291.793569],[213.005218,-295.509267],[220.544891,-307.854644],[228.371169,-316.603224],[257.396022,-343.603844],[279.373468,-362.386891],[306.199816,-395.376048],[319.975507,-409.15174],[350.789555,-441.053342],[360.940065,-450.478815],[382.691157,-465.70458],[383.706,-476.324],[403.971707,-495.86161],[429.980619,-524.339723],[436.89438,-533.722684],[469.038251,-566.43875],[482.088765,-579.489263],[494.681365,-595.287253],[515.856074,-614.456715],[539.762771,-637.673959],[554.030809,-653.348705],[579.844598,-679.149601],[608.759744,-708.709667],[618.577498,-716.663712],[623.436455,-720.757217],[645.678348,-742.218539],[670.729397,-761.442783],[710.098586,-793.355687],[728.503962,-802.003103],[779.25,-829.1875]]]},"properties":{"ID":"018f6862-e82f-713c-bf76-2e6143416d80","NAME":"Corellian Run","ALT_NAMES":"","TYPE":"Hyperspace Route","PARENT_ID":"","PARENT_NAME":"","DATE_FROM":"-25000","DATE_TO":"","CANON":"YES","LEGENDS":"YES","UNLICENSED":"","LEVEL":"1","ZOOM_LEVEL":"0","CONJECTURAL_NAME":"","URLS":"https://starwars.fandom.com/wiki/Corellian_Run,https://starwars.fandom.com/wiki/Corellian_Run/Legends","DESC":"","color":"#93e98e","weight":"","opacity":"","smoothFactor":"","SECTIONS_PROPERTIES":[[{"text":"Coruscant system/Imperial system/Yuuzhan'tar system","coords":[0.113903,0.18186]},{"text":"Ixtlar system","coords":[37.038266,-4.045108],"averageTravelTime":"","continuity":{"canon":"YES","legends":"YES","unlicensed":""},"desc":"","placementCert":""},{"text":"Wukkar system","coords":[56.439873,-12.566478],"averageTravelTime":"","continuity":{"canon":"","legends":"YES","unlicensed":""},"desc":"","placementCert":""},{"text":"Kailor system","coords":[68.80791,-19.969245],"averageTravelTime":"","continuity":{"canon":"","legends":"YES","unlicensed":""},"desc":"","placementCert":""},{"text":"Xorth system","coords":[81.999476,-28.293244],"averageTravelTime":"","continuity":{"canon":"","legends":"YES","unlicensed":""},"desc":"","placementCert":""},{"text":"Vuma system","coords":[112.081313,-59.048513],"averageTravelTime":"","continuity":{"canon":"","legends":"YES","unlicensed":""},"desc":"","placementCert":""},{"text":"Leria Kerlsil system","coords":[124.664214,-83.051765],"averageTravelTime":"","continuity":{"canon":"","legends":"YES","unlicensed":""},"desc":"","placementCert":""},{"text":"Perma system","coords":[133.876381,-106.513806],"averageTravelTime":"","continuity":{"canon":"","legends":"YES","unlicensed":""},"desc":"","placementCert":""},{"text":"Lolnar system","coords":[137.817073,-117.663079],"averageTravelTime":"","continuity":{"canon":"","legends":"YES","unlicensed":""},"desc":"","placementCert":""},{"text":"Rehemsa system","coords":[147.864998,-150.981446],"averageTravelTime":"","continuity":{"canon":"","legends":"YES","unlicensed":""},"desc":"","placementCert":""},{"text":"Sedratis system","coords":[151.713573,-162.334216],"averageTravelTime":"","continuity":{"canon":"","legends":"YES","unlicensed":""},"desc":"","placementCert":""},{"text":"Namaryne system / Rydonni Prime system","coords":[154.546725,-174.187809],"averageTravelTime":"","continuity":{"canon":"","legends":"YES","unlicensed":""},"desc":"","placementCert":""},{"text":"Corellia system/Corellian system","coords":[160.938705,-187.242073],"averageTravelTime":"","continuity":{"canon":"","legends":"YES","unlicensed":""},"desc":"","placementCert":""},{"text":"Corellian Run junction-Talfaglio unamed route connection","coords":[161.53125,-189.4375],"averageTravelTime":"","continuity":{"canon":"","legends":"YES","unlicensed":""},"desc":"","placementCert":""},{"text":"Tanthior system","coords":[161.707466,-190.163364],"averageTravelTime":"","continuity":{"canon":"","legends":"YES","unlicensed":""},"desc":"","placementCert":""},{"text":"Truuzdann system","coords":[162.476227,-192.162143],"averageTravelTime":"","continuity":{"canon":"","legends":"YES","unlicensed":""},"desc":"","placementCert":""},{"text":"Nubus system","coords":[163.552493,-194.929683],"averageTravelTime":"","continuity":{"canon":"","legends":"YES","unlicensed":""},"desc":"","placementCert":""},{"text":"Tinnel system","coords":[169.702581,-213.226195],"averageTravelTime":"","continuity":{"canon":"","legends":"YES","unlicensed":""},"desc":"","placementCert":""},{"text":"Loronar system","coords":[184.133309,-247.900011],"averageTravelTime":"","continuity":{"canon":"YES","legends":"YES","unlicensed":""},"desc":"","placementCert":""},{"text":"Byblos system","coords":[191.147411,-264.331216],"averageTravelTime":"","continuity":{"canon":"","legends":"YES","unlicensed":""},"desc":"","placementCert":""},{"text":"Pencael system","coords":[198.30049,-274.880827],"averageTravelTime":"","continuity":{"canon":"","legends":"YES","unlicensed":""},"desc":"","placementCert":""},{"text":"Havricus system","coords":[209.831905,-291.793569],"averageTravelTime":"","continuity":{"canon":"","legends":"YES","unlicensed":""},"desc":"","placementCert":""},{"text":"Abednedo system","coords":[213.005218,-295.509267],"averageTravelTime":"","continuity":{"canon":"","legends":"YES","unlicensed":""},"desc":"","placementCert":""},{"text":"Iseno system","coords":[220.544891,-307.854644],"averageTravelTime":"","continuity":{"canon":"YES","legends":"","unlicensed":""},"desc":"","placementCert":""},{"text":"Denon system","coords":[228.371169,-316.603224],"averageTravelTime":"","continuity":{"canon":"YES","legends":"","unlicensed":""},"desc":"","placementCert":""},{"text":"Spirana system","coords":[257.396022,-343.603844],"averageTravelTime":"","continuity":{"canon":"YES","legends":"YES","unlicensed":""},"desc":"","placementCert":""},{"text":"Osarian system","coords":[279.373468,-362.386891],"averageTravelTime":"","continuity":{"canon":"YES","legends":"YES","unlicensed":""},"desc":"","placementCert":""},{"text":"Tlactehon system","coords":[306.199816,-395.376048],"averageTravelTime":"","continuity":{"canon":"","legends":"YES","unlicensed":""},"desc":"","placementCert":""},{"text":"Allanteen system","coords":[319.975507,-409.15174],"averageTravelTime":"","continuity":{"canon":"","legends":"YES","unlicensed":""},"desc":"","placementCert":""},{"text":"Gamor system","coords":[350.789555,-441.053342],"averageTravelTime":"","continuity":{"canon":"YES","legends":"YES","unlicensed":""},"desc":"","placementCert":""},{"text":"Milagro system","coords":[360.940065,-450.478815],"averageTravelTime":"","continuity":{"canon":"YES","legends":"","unlicensed":""},"desc":"","placementCert":""},{"text":"Bacrana system","coords":[382.691157,-465.70458],"averageTravelTime":"","continuity":{"canon":"YES","legends":"","unlicensed":""},"desc":"","placementCert":""},{"text":"Thaereian system","coords":[383.706,-476.324],"averageTravelTime":"","continuity":{"canon":"","legends":"YES","unlicensed":""},"desc":"","placementCert":""},{"text":"Churba system","coords":[403.971707,-495.86161],"averageTravelTime":"","continuity":{"canon":"","legends":"YES","unlicensed":""},"desc":"","placementCert":""},{"text":"Doldur system","coords":[429.980619,-524.339723],"averageTravelTime":"","continuity":{"canon":"","legends":"YES","unlicensed":""},"desc":"","placementCert":""},{"text":"Druckenwell system","coords":[436.89438,-533.722684],"averageTravelTime":"","continuity":{"canon":"","legends":"YES","unlicensed":""},"desc":"","placementCert":""},{"text":"Kabray system","coords":[469.038251,-566.43875],"averageTravelTime":"","continuity":{"canon":"","legends":"YES","unlicensed":""},"desc":"","placementCert":""},{"text":"Algaran system","coords":[482.088765,-579.489263],"averageTravelTime":"","continuity":{"canon":"","legends":"YES","unlicensed":""},"desc":"","placementCert":""},{"text":"Andosha system","coords":[494.681365,-595.287253],"averageTravelTime":"","continuity":{"canon":"","legends":"YES","unlicensed":""},"desc":"","placementCert":""},{"text":"Mon Gazza system","coords":[515.856074,-614.456715],"averageTravelTime":"","continuity":{"canon":"","legends":"YES","unlicensed":""},"desc":"","placementCert":""},{"text":"Herdessa system","coords":[539.762771,-637.673959],"averageTravelTime":"","continuity":{"canon":"YES","legends":"YES","unlicensed":""},"desc":"","placementCert":""},{"text":"Radnor system","coords":[554.030809,-653.348705],"averageTravelTime":"","continuity":{"canon":"YES","legends":"YES","unlicensed":""},"desc":"","placementCert":""},{"text":"Christoph system","coords":[579.844598,-679.149601],"averageTravelTime":"","continuity":{"canon":"YES","legends":"YES","unlicensed":""},"desc":"","placementCert":""},{"text":"Arkanis system","coords":[608.759744,-708.709667],"averageTravelTime":"","continuity":{"canon":"","legends":"YES","unlicensed":""},"desc":"","placementCert":""},{"text":"Sirpar system","coords":[618.577498,-716.663712],"averageTravelTime":"","continuity":{"canon":"","legends":"YES","unlicensed":""},"desc":"","placementCert":""},{"text":"Gorno system","coords":[623.436455,-720.757217],"averageTravelTime":"","continuity":{"canon":"","legends":"YES","unlicensed":""},"desc":"","placementCert":""},{"text":"Dalchon system","coords":[645.678348,-742.218539],"averageTravelTime":"","continuity":{"canon":"","legends":"YES","unlicensed":""},"desc":"","placementCert":""},{"text":"Ryloth system","coords":[670.729397,-761.442783],"averageTravelTime":"","continuity":{"canon":"","legends":"YES","unlicensed":""},"desc":"","placementCert":""},{"text":"Wrea system","coords":[710.098586,-793.355687],"averageTravelTime":"","continuity":{"canon":"","legends":"YES","unlicensed":""},"desc":"","placementCert":""},{"text":"Smuggler's Run system","coords":[728.503962,-802.003103],"averageTravelTime":"","continuity":{"canon":"","legends":"YES","unlicensed":""},"desc":"","placementCert":""},{"text":"Correlian Run route end","coords":[779.25,-829.1875],"averageTravelTime":"","continuity":{"canon":"YES","legends":"","unlicensed":""},"desc":"","placementCert":""}]]}},{"type":"Feature","geometry":{"type":"MultiLineString","coordinates":[[[670.729397,-761.442783],[642.073549,-670.80315]]]},"properties":{"ID":"018f6862-e82f-7be8-952a-4868bae101ee","NAME":"Corellian Skip Run","ALT_NAMES":"","TYPE":"Hyperspace Route","PARENT_ID":"","PARENT_NAME":"","DATE_FROM":"","DATE_TO":"","CANON":"","LEGENDS":"YES","UNLICENSED":"","LEVEL":"4","ZOOM_LEVEL":"","CONJECTURAL_NAME":"","URLS":"https://starwars.fandom.com/wiki/Corellian_Skip_Run","DESC":"","color":"","weight":"","opacity":"","smoothFactor":"","SECTIONS_PROPERTIES":[[{"text":"Ryloth system","coords":[670.729397,-761.442783]},{"text":"Tatooine system / Tatoo system / Tri-planetary system J11.9","coords":[642.073549,-670.80315],"averageTravelTime":"","continuity":{"canon":"","legends":"YES","unlicensed":""},"desc":"","placementCert":""}]]}},{"type":"Feature","geometry":{"type":"MultiLineString","coordinates":[[[160.938705,-187.242073],[160.265625,-188.515625],[159.86244,-189.548356],[159.093679,-191.547134],[158.3125,-192.8125],[158.017414,-194.622178],[157.853113,-248.992795],[150.700162,-274.183623],[149.253538,-279.800898],[145.62053,-284.446553],[136.066063,-307.97003],[129.372721,-324.777757],[126.397902,-333.702214],[124.499868,-333.625272],[123.019739,-348.503389],[120.894487,-352.889796],[111.255635,-388.238972],[105.617808,-410.163854],[92.462879,-466.124505],[89.121945,-478.861817],[86.380268,-489.69165],[81.097757,-501.89928],[75.448742,-515.162185],[68.326071,-525.968997],[60.612328,-536.698107],[53.642796,-547.89914],[46.175442,-556.11323],[42.062533,-562.906236],[25.616293,-576.993853],[10.083226,-593.947828],[-11.155762,-614.460473],[-24.78529,-631.345189],[-40.168404,-649.087464],[-40.130626,-649.900804],[-43.962014,-655.647885],[-60.483424,-687.115139],[-62.649263,-697.472261],[-68.263878,-717.310567],[-73.129877,-741.640564],[-74.311412,-742.796665],[-76.872953,-760.5431],[-73.878492,-780.381406],[-73.616592,-796.004967],[-79.25,-804.375],[-81.3125,-806.625],[-79.633924,-807.597192],[-84.763,-815.345],[-83.713,-820.434],[-84.569,-825.744],[-89.719,-830.982],[-89.704,-835.802],[-89.69991,-837.347773],[-90.985,-845.786],[-89.517,-849.679],[-89.163,-853.907],[-87.474,-858.066],[-88.722,-861.646],[-87.608,-864.511],[-87.449,-867.607],[-87.96,-870.579],[-88.348,-873.507],[-87.299,-880.642],[-88.775,-886.01],[-87.239335,-889.690899],[-82.898,-897.783],[-82.877408,-920.895455],[-83,-928.5],[-81.37467,-947.064622],[-82.206342,-967.534523],[-79.857612,-1014.509123],[-75.99723,-1064.698756],[-75.246834,-1078.692663],[-72.475889,-1093.806722],[-66.0625,-1143.0625]]]},"properties":{"ID":"018f6862-e82f-7912-9e97-6551ea9f26bb","NAME":"Corellian Trade Spine","ALT_NAMES":"","TYPE":"Hyperspace Route","PARENT_ID":"","PARENT_NAME":"","DATE_FROM":"-25000","DATE_TO":"","CANON":"YES","LEGENDS":"YES","UNLICENSED":"","LEVEL":"1","ZOOM_LEVEL":"0","CONJECTURAL_NAME":"","URLS":"https://starwars.fandom.com/wiki/Corellian_Trade_Spine,https://starwars.fandom.com/wiki/Corellian_Trade_Spine/Legends","DESC":"","color":"#FCB001","weight":"","opacity":"","smoothFactor":"","SECTIONS_PROPERTIES":[[{"text":"Corellia system/Corellian system","coords":[160.938705,-187.242073]},{"text":"Dorsis-Corellian Trade Spine junction unamed route connection","coords":[160.265625,-188.515625],"averageTravelTime":"","continuity":{"canon":"","legends":"YES","unlicensed":""},"desc":"","placementCert":""},{"text":"Plympto system","coords":[159.86244,-189.548356],"averageTravelTime":"","continuity":{"canon":"","legends":"YES","unlicensed":""},"desc":"","placementCert":""},{"text":"New Plympto system","coords":[159.093679,-191.547134],"averageTravelTime":"","continuity":{"canon":"","legends":"YES","unlicensed":""},"desc":"","placementCert":""},{"text":"Dorsis-Corellian Trade Spine junction 2 unamed route connection","coords":[158.3125,-192.8125],"averageTravelTime":"","continuity":{"canon":"","legends":"YES","unlicensed":""},"desc":"","placementCert":""},{"text":"Duro system","coords":[158.017414,-194.622178],"averageTravelTime":"","continuity":{"canon":"","legends":"YES","unlicensed":""},"desc":"","placementCert":""},{"text":"Chasin system","coords":[157.853113,-248.992795],"averageTravelTime":"","continuity":{"canon":"","legends":"YES","unlicensed":""},"desc":"","placementCert":""},{"text":"Condular system","coords":[150.700162,-274.183623],"averageTravelTime":"","continuity":{"canon":"","legends":"YES","unlicensed":""},"desc":"","placementCert":""},{"text":"Hosnian system","coords":[149.253538,-279.800898],"averageTravelTime":"","continuity":{"canon":"YES","legends":"YES","unlicensed":""},"desc":"","placementCert":""},{"text":"Gandeal system","coords":[145.62053,-284.446553],"averageTravelTime":"","continuity":{"canon":"YES","legends":"YES","unlicensed":""},"desc":"","placementCert":""},{"text":"Belazura system","coords":[136.066063,-307.97003],"averageTravelTime":"","continuity":{"canon":"","legends":"YES","unlicensed":""},"desc":"","placementCert":""},{"text":"Bryexx system","coords":[129.372721,-324.777757],"averageTravelTime":"","continuity":{"canon":"","legends":"YES","unlicensed":""},"desc":"","placementCert":""},{"text":"Enisca system","coords":[126.397902,-333.702214],"averageTravelTime":"","continuity":{"canon":"","legends":"YES","unlicensed":""},"desc":"","placementCert":""},{"text":"Cabarria's system","coords":[124.499868,-333.625272],"averageTravelTime":"","continuity":{"canon":"","legends":"","unlicensed":""},"desc":"","placementCert":""},{"text":"Nantoon system","coords":[123.019739,-348.503389],"averageTravelTime":"","continuity":{"canon":"","legends":"","unlicensed":""},"desc":"","placementCert":""},{"text":"Kelada system","coords":[120.894487,-352.889796],"averageTravelTime":"","continuity":{"canon":"YES","legends":"YES","unlicensed":""},"desc":"","placementCert":""},{"text":"Foless system","coords":[111.255635,-388.238972],"averageTravelTime":"","continuity":{"canon":"YES","legends":"YES","unlicensed":""},"desc":"","placementCert":""},{"text":"Bestine system","coords":[105.617808,-410.163854],"averageTravelTime":"","continuity":{"canon":"","legends":"YES","unlicensed":""},"desc":"","placementCert":""},{"text":"Mechis system","coords":[92.462879,-466.124505],"averageTravelTime":"","continuity":{"canon":"","legends":"YES","unlicensed":""},"desc":"","placementCert":""},{"text":"Renillis system","coords":[89.121945,-478.861817],"averageTravelTime":"","continuity":{"canon":"","legends":"YES","unlicensed":""},"desc":"","placementCert":""},{"text":"Yag'Dhul system","coords":[86.380268,-489.69165],"averageTravelTime":"","continuity":{"canon":"","legends":"YES","unlicensed":""},"desc":"","placementCert":""},{"text":"Harrin system","coords":[81.097757,-501.89928],"averageTravelTime":"","continuity":{"canon":"YES","legends":"YES","unlicensed":""},"desc":"","placementCert":""},{"text":"Moorja system","coords":[75.448742,-515.162185],"averageTravelTime":"","continuity":{"canon":"","legends":"YES","unlicensed":""},"desc":"","placementCert":""},{"text":"Calus system","coords":[68.326071,-525.968997],"averageTravelTime":"","continuity":{"canon":"","legends":"YES","unlicensed":""},"desc":"","placementCert":""},{"text":"Epica system","coords":[60.612328,-536.698107],"averageTravelTime":"","continuity":{"canon":"","legends":"YES","unlicensed":""},"desc":"","placementCert":""},{"text":"Roona system","coords":[53.642796,-547.89914],"averageTravelTime":"","continuity":{"canon":"","legends":"YES","unlicensed":""},"desc":"","placementCert":""},{"text":"Borkyne system","coords":[46.175442,-556.11323],"averageTravelTime":"","continuity":{"canon":"","legends":"YES","unlicensed":""},"desc":"","placementCert":""},{"text":"Cymoon system","coords":[42.062533,-562.906236],"averageTravelTime":"","continuity":{"canon":"YES","legends":"","unlicensed":""},"desc":"","placementCert":""},{"text":"Sibensko's system","coords":[25.616293,-576.993853],"averageTravelTime":"","continuity":{"canon":"YES","legends":"","unlicensed":""},"desc":"","placementCert":""},{"text":"Kinyen system","coords":[10.083226,-593.947828],"averageTravelTime":"","continuity":{"canon":"YES","legends":"","unlicensed":""},"desc":"","placementCert":""},{"text":"Pendari system","coords":[-11.155762,-614.460473],"averageTravelTime":"","continuity":{"canon":"","legends":"YES","unlicensed":""},"desc":"","placementCert":""},{"text":"Blutopia's system","coords":[-24.78529,-631.345189],"averageTravelTime":"","continuity":{"canon":"","legends":"","unlicensed":""},"desc":"","placementCert":""},{"text":"Ivarujar's system","coords":[-40.168404,-649.087464],"averageTravelTime":"","continuity":{"canon":"YES","legends":"","unlicensed":""},"desc":"","placementCert":""},{"text":"Tar Morden system","coords":[-40.130626,-649.900804],"averageTravelTime":"","continuity":{"canon":"YES","legends":"","unlicensed":""},"desc":"","placementCert":""},{"text":"Calonica system","coords":[-43.962014,-655.647885],"averageTravelTime":"","continuity":{"canon":"","legends":"YES","unlicensed":""},"desc":"","placementCert":""},{"text":"Bomis Koori system","coords":[-60.483424,-687.115139],"averageTravelTime":"","continuity":{"canon":"","legends":"YES","unlicensed":""},"desc":"","placementCert":""},{"text":"Kriselist system","coords":[-62.649263,-697.472261],"averageTravelTime":"","continuity":{"canon":"YES","legends":"YES","unlicensed":""},"desc":"","placementCert":""},{"text":"Chibias system","coords":[-68.263878,-717.310567],"averageTravelTime":"","continuity":{"canon":"","legends":"YES","unlicensed":""},"desc":"","placementCert":""},{"text":"Kaal system","coords":[-73.129877,-741.640564],"averageTravelTime":"","continuity":{"canon":"","legends":"YES","unlicensed":""},"desc":"","placementCert":""},{"text":"Abelor system","coords":[-74.311412,-742.796665],"averageTravelTime":"","continuity":{"canon":"YES","legends":"","unlicensed":""},"desc":"","placementCert":""},{"text":"Dalisor system","coords":[-76.872953,-760.5431],"averageTravelTime":"","continuity":{"canon":"YES","legends":"","unlicensed":""},"desc":"","placementCert":""},{"text":"Jiroch system","coords":[-73.878492,-780.381406],"averageTravelTime":"","continuity":{"canon":"","legends":"YES","unlicensed":""},"desc":"","placementCert":""},{"text":"Quamar system","coords":[-73.616592,-796.004967],"averageTravelTime":"","continuity":{"canon":"","legends":"YES","unlicensed":""},"desc":"","placementCert":""},{"text":"Cargamalis system","coords":[-79.25,-804.375],"averageTravelTime":"","continuity":{"canon":"","legends":"YES","unlicensed":""},"desc":"","placementCert":""},{"text":"Mugaar system","coords":[-81.3125,-806.625],"averageTravelTime":"","continuity":{"canon":"","legends":"","unlicensed":""},"desc":"","placementCert":""},{"text":"Javin system","coords":[-79.633924,-807.597192],"averageTravelTime":"","continuity":{"canon":"","legends":"","unlicensed":""},"desc":"","placementCert":""},{"text":"Aztubek system","coords":[-84.763,-815.345],"averageTravelTime":"","continuity":{"canon":"YES","legends":"YES","unlicensed":""},"desc":"","placementCert":""},{"text":"Kumru system","coords":[-83.713,-820.434],"averageTravelTime":"","continuity":{"canon":"YES","legends":"YES","unlicensed":""},"desc":"","placementCert":""},{"text":"High Chunah system","coords":[-84.569,-825.744],"averageTravelTime":"","continuity":{"canon":"YES","legends":"YES","unlicensed":""},"desc":"","placementCert":""},{"text":"Kirtarkin system","coords":[-89.719,-830.982],"averageTravelTime":"","continuity":{"canon":"YES","legends":"YES","unlicensed":""},"desc":"","placementCert":""},{"text":"Mexeluine system","coords":[-89.704,-835.802],"averageTravelTime":"","continuity":{"canon":"","legends":"YES","unlicensed":""},"desc":"","placementCert":""},{"text":"Gerrenthum system","coords":[-89.69991,-837.347773],"averageTravelTime":"","continuity":{"canon":"","legends":"YES","unlicensed":""},"desc":"","placementCert":""},{"text":"Indellian system","coords":[-90.985,-845.786],"averageTravelTime":"","continuity":{"canon":"YES","legends":"YES","unlicensed":""},"desc":"","placementCert":""},{"text":"Bendeluum system","coords":[-89.517,-849.679],"averageTravelTime":"","continuity":{"canon":"YES","legends":"YES","unlicensed":""},"desc":"","placementCert":""},{"text":"Zhanox system","coords":[-89.163,-853.907],"averageTravelTime":"","continuity":{"canon":"","legends":"YES","unlicensed":""},"desc":"","placementCert":""},{"text":"Ione system","coords":[-87.474,-858.066],"averageTravelTime":"","continuity":{"canon":"","legends":"YES","unlicensed":""},"desc":"","placementCert":""},{"text":"Mataou system","coords":[-88.722,-861.646],"averageTravelTime":"","continuity":{"canon":"","legends":"YES","unlicensed":""},"desc":"","placementCert":""},{"text":"Anantapar system","coords":[-87.608,-864.511],"averageTravelTime":"","continuity":{"canon":"YES","legends":"YES","unlicensed":""},"desc":"","placementCert":""},{"text":"Shuxl system","coords":[-87.449,-867.607],"averageTravelTime":"","continuity":{"canon":"YES","legends":"YES","unlicensed":""},"desc":"","placementCert":""},{"text":"Ertegas system","coords":[-87.96,-870.579],"averageTravelTime":"","continuity":{"canon":"YES","legends":"YES","unlicensed":""},"desc":"","placementCert":""},{"text":"Darlyn Boda system","coords":[-88.348,-873.507],"averageTravelTime":"","continuity":{"canon":"YES","legends":"YES","unlicensed":""},"desc":"","placementCert":""},{"text":"Orn Kios system","coords":[-87.299,-880.642],"averageTravelTime":"","continuity":{"canon":"YES","legends":"YES","unlicensed":""},"desc":"","placementCert":""},{"text":"Ozu system","coords":[-88.775,-886.01],"averageTravelTime":"","continuity":{"canon":"YES","legends":"YES","unlicensed":""},"desc":"","placementCert":""},{"text":"Isde Naha system","coords":[-87.239335,-889.690899],"averageTravelTime":"","continuity":{"canon":"YES","legends":"YES","unlicensed":""},"desc":"","placementCert":""},{"text":"Togominda system","coords":[-82.898,-897.783],"averageTravelTime":"","continuity":{"canon":"YES","legends":"YES","unlicensed":""},"desc":"","placementCert":""},{"text":"Berrol's Donn system","coords":[-82.877408,-920.895455],"averageTravelTime":"","continuity":{"canon":"YES","legends":"YES","unlicensed":""},"desc":"","placementCert":""},{"text":"Trenchenovu system","coords":[-83,-928.5],"averageTravelTime":"","continuity":{"canon":"","legends":"","unlicensed":""},"desc":"","placementCert":""},{"text":"Tureen system","coords":[-81.37467,-947.064622],"averageTravelTime":"","continuity":{"canon":"YES","legends":"","unlicensed":""},"desc":"","placementCert":""},{"text":"Sil'Lume system","coords":[-82.206342,-967.534523],"averageTravelTime":"","continuity":{"canon":"","legends":"","unlicensed":""},"desc":"","placementCert":""},{"text":"Manpha system","coords":[-79.857612,-1014.509123],"averageTravelTime":"","continuity":{"canon":"","legends":"YES","unlicensed":""},"desc":"","placementCert":""},{"text":"Zastiga's system","coords":[-75.99723,-1064.698756],"averageTravelTime":"","continuity":{"canon":"YES","legends":"","unlicensed":""},"desc":"","placementCert":""},{"text":"Grava system","coords":[-75.246834,-1078.692663],"averageTravelTime":"","continuity":{"canon":"YES","legends":"","unlicensed":""},"desc":"","placementCert":""},{"text":"Terminus system","coords":[-72.475889,-1093.806722],"averageTravelTime":"","continuity":{"canon":"YES","legends":"","unlicensed":""},"desc":"","placementCert":""},{"text":"Corellian Trade Spine end","coords":[-66.0625,-1143.0625],"averageTravelTime":"","continuity":{"canon":"","legends":"YES","unlicensed":""},"desc":"","placementCert":""}]]}},{"type":"Feature","geometry":{"type":"MultiLineString","coordinates":[[[59.849094,36.264404],[55.574719,89.117516],[71.454924,130.10247],[79.408557,142.632322],[96.175251,166.368206],[105.762828,178.280045],[190.105453,233.399693]]]},"properties":{"ID":"018f6862-e82f-70a9-afeb-87a5a44bbb38","NAME":"Corsin Run","ALT_NAMES":"","TYPE":"Hyperspace Route","PARENT_ID":"018f6862-e82f-78ce-a5f4-fc8c0ca5b053","PARENT_NAME":"Hydian Way","DATE_FROM":"","DATE_TO":"","CANON":"","LEGENDS":"YES","UNLICENSED":"","LEVEL":"2","ZOOM_LEVEL":"","CONJECTURAL_NAME":"","URLS":"https://starwars.fandom.com/wiki/Corsin_Run","DESC":"","color":"","weight":"","opacity":"","smoothFactor":"","SECTIONS_PROPERTIES":[[{"text":"Brentaal system","coords":[59.849094,36.264404]},{"text":"Uviuy Exen system","coords":[55.574719,89.117516],"averageTravelTime":"","continuity":{"canon":"","legends":"YES","unlicensed":""},"desc":"","placementCert":""},{"text":"Chagri system","coords":[71.454924,130.10247],"averageTravelTime":"","continuity":{"canon":"","legends":"YES","unlicensed":""},"desc":"","placementCert":""},{"text":"Drearia system","coords":[79.408557,142.632322],"averageTravelTime":"","continuity":{"canon":"","legends":"YES","unlicensed":""},"desc":"","placementCert":""},{"text":"Paqualis system","coords":[96.175251,166.368206],"averageTravelTime":"","continuity":{"canon":"","legends":"YES","unlicensed":""},"desc":"","placementCert":""},{"text":"Bogden system","coords":[105.762828,178.280045],"averageTravelTime":"","continuity":{"canon":"","legends":"YES","unlicensed":""},"desc":"","placementCert":""},{"text":"Corsin system","coords":[190.105453,233.399693],"averageTravelTime":"","continuity":{"canon":"","legends":"YES","unlicensed":""},"desc":"","placementCert":""}]]}},{"type":"Feature","geometry":{"type":"MultiLineString","coordinates":[[[49.375166,29.699407],[92.11929,39.222903]]]},"properties":{"ID":"018f6862-e82f-703e-b76f-54fb799957c8","NAME":"Corulag-Jatir Hyperroute","ALT_NAMES":"","TYPE":"Hyperspace Route","PARENT_ID":"","PARENT_NAME":"","DATE_FROM":"","DATE_TO":"","CANON":"","LEGENDS":"YES","UNLICENSED":"","LEVEL":"3","ZOOM_LEVEL":"","CONJECTURAL_NAME":"","URLS":"https://starwars.fandom.com/wiki/Corulag-Jatir_Hyperroute","DESC":"","color":"","weight":"","opacity":"","smoothFactor":"","SECTIONS_PROPERTIES":[[{"text":"Corulus system/Corula system","coords":[49.375166,29.699407]},{"text":"Jatir system","coords":[92.11929,39.222903],"averageTravelTime":"","continuity":{"canon":"","legends":"YES","unlicensed":""},"desc":"","placementCert":""}]]}},{"type":"Feature","geometry":{"type":"MultiLineString","coordinates":[[[0.113903,0.18186],[-36.655496,44.478574],[-66.038257,97.859332],[-123.757674,209.576058],[-116.73777,294.92483],[-15.568821,374.107213],[5.101402,457.316132],[-0.892047,467.110305],[12.975039,508.833134],[28.096804,548.308457],[0.666494,558.291105]]]},"properties":{"ID":"018f6862-e82f-7bc5-87c5-fc142fd5a328","NAME":"Coruscant-Dantooine hyperlane","ALT_NAMES":"","TYPE":"Hyperspace Route","PARENT_ID":"","PARENT_NAME":"","DATE_FROM":"-12000","DATE_TO":"-2000","CANON":"","LEGENDS":"YES","UNLICENSED":"","LEVEL":"3","ZOOM_LEVEL":"","CONJECTURAL_NAME":"","URLS":"https://starwars.fandom.com/wiki/Coruscant%E2%80%93Dantooine_hyperlane","DESC":"","color":"","weight":"","opacity":"","smoothFactor":"","SECTIONS_PROPERTIES":[[{"text":"Coruscant system/Imperial system/Yuuzhan'tar system","coords":[0.113903,0.18186]},{"text":"Panto system","coords":[-36.655496,44.478574],"averageTravelTime":"","continuity":{"canon":"","legends":"YES","unlicensed":""},"desc":"","placementCert":""},{"text":"Palanhi system","coords":[-66.038257,97.859332],"averageTravelTime":"","continuity":{"canon":"","legends":"YES","unlicensed":""},"desc":"","placementCert":""},{"text":"Vicondor system","coords":[-123.757674,209.576058],"averageTravelTime":"","continuity":{"canon":"","legends":"YES","unlicensed":""},"desc":"","placementCert":""},{"text":"Iridonia system","coords":[-116.73777,294.92483],"averageTravelTime":"","continuity":{"canon":"","legends":"YES","unlicensed":""},"desc":"","placementCert":""},{"text":"Ord Cantrell system","coords":[-15.568821,374.107213],"averageTravelTime":"","continuity":{"canon":"","legends":"YES","unlicensed":""},"desc":"","placementCert":""},{"text":"Dartibek system","coords":[5.101402,457.316132],"averageTravelTime":"","continuity":{"canon":"","legends":"YES","unlicensed":""},"desc":"","placementCert":""},{"text":"Ord Biniir system","coords":[-0.892047,467.110305],"averageTravelTime":"","continuity":{"canon":"","legends":"YES","unlicensed":""},"desc":"","placementCert":""},{"text":"Ord Trasi system","coords":[12.975039,508.833134],"averageTravelTime":"","continuity":{"canon":"","legends":"YES","unlicensed":""},"desc":"","placementCert":""},{"text":"Neka system","coords":[28.096804,548.308457],"averageTravelTime":"","continuity":{"canon":"","legends":"YES","unlicensed":""},"desc":"","placementCert":""},{"text":"Dantooine system","coords":[0.666494,558.291105],"averageTravelTime":"","continuity":{"canon":"","legends":"YES","unlicensed":""},"desc":"","placementCert":""}]]}},{"type":"Feature","geometry":{"type":"MultiLineString","coordinates":[[[157.942,-1001.117],[159.75002,-995.24819]]]},"properties":{"ID":"018f6862-e82f-7365-809e-800a0dc7a091","NAME":"Coyn Route","ALT_NAMES":"","TYPE":"Hyperspace Route","PARENT_ID":"","PARENT_NAME":"","DATE_FROM":"","DATE_TO":"","CANON":"","LEGENDS":"YES","UNLICENSED":"","LEVEL":"3","ZOOM_LEVEL":"","CONJECTURAL_NAME":"","URLS":"https://starwars.fandom.com/wiki/Coyn_Route","DESC":"","color":"","weight":"","opacity":"","smoothFactor":"","SECTIONS_PROPERTIES":[[{"text":"Coyn system","coords":[157.942,-1001.117]},{"text":"Tantra system","coords":[159.75002,-995.24819],"averageTravelTime":"","continuity":{"canon":"","legends":"YES","unlicensed":""},"desc":"","placementCert":""}]]}},{"type":"Feature","geometry":{"type":"MultiLineString","coordinates":[[[648.305327,-701.146668],[655.09375,-690.781298],[660.877045,-682.451333],[669.663103,-680.754027],[719.501901,-671.498006],[783.512482,-660.495425],[827.60965,-659.664482]]]},"properties":{"ID":"018f6862-e82f-7033-839e-0534aaa1f8c0","NAME":"Cranan-Excarga Route","ALT_NAMES":"","TYPE":"Hyperspace Route","PARENT_ID":"","PARENT_NAME":"","DATE_FROM":"","DATE_TO":"","CANON":"YES","LEGENDS":"YES","UNLICENSED":"","LEVEL":"3","ZOOM_LEVEL":"","CONJECTURAL_NAME":"","URLS":"https://starwars.fandom.com/wiki/Cranan-Excarga_Hyperspace_Route,https://starwars.fandom.com/wiki/Cranan-Excarga_Route","DESC":"","color":"","weight":"","opacity":"","smoothFactor":"","SECTIONS_PROPERTIES":[[{"text":"Vor Deo system","coords":[648.305327,-701.146668]},{"text":"Gedi system","coords":[655.09375,-690.781298],"averageTravelTime":"","continuity":{"canon":"","legends":"YES","unlicensed":""},"desc":"","placementCert":""},{"text":"Cranan system","coords":[660.877045,-682.451333],"averageTravelTime":"","continuity":{"canon":"","legends":"YES","unlicensed":""},"desc":"","placementCert":""},{"text":"Melnea's World system","coords":[669.663103,-680.754027],"averageTravelTime":"","continuity":{"canon":"","legends":"YES","unlicensed":""},"desc":"","placementCert":""},{"text":"Xorrn system","coords":[719.501901,-671.498006],"averageTravelTime":"","continuity":{"canon":"","legends":"YES","unlicensed":""},"desc":"","placementCert":""},{"text":"Vlemoth Port system","coords":[783.512482,-660.495425],"averageTravelTime":"","continuity":{"canon":"YES","legends":"YES","unlicensed":""},"desc":"","placementCert":""},{"text":"Excarga system","coords":[827.60965,-659.664482],"averageTravelTime":"","continuity":{"canon":"YES","legends":"YES","unlicensed":""},"desc":"","placementCert":""}]]}},{"type":"Feature","geometry":{"type":"MultiLineString","coordinates":[[[-675.75,134],[-652.102933,122.41486],[-672.859481,102.888331],[-676.25,100]]]},"properties":{"ID":"018f6862-e82f-709d-beb0-29193c1d03f7","NAME":"Cressus Route","ALT_NAMES":"","TYPE":"Hyperspace Route","PARENT_ID":"","PARENT_NAME":"","DATE_FROM":"","DATE_TO":"","CANON":"","LEGENDS":"YES","UNLICENSED":"","LEVEL":"3","ZOOM_LEVEL":"","CONJECTURAL_NAME":"","URLS":"https://starwars.fandom.com/wiki/Cressus_Route","DESC":"","color":"","weight":"","opacity":"","smoothFactor":"","SECTIONS_PROPERTIES":[[{"text":"Cressus Route start","coords":[-675.75,134]},{"text":"Kinoss system","coords":[-652.102933,122.41486],"averageTravelTime":"","continuity":{"canon":"","legends":"YES","unlicensed":""},"desc":"","placementCert":""},{"text":"Bogo Rai system","coords":[-672.859481,102.888331],"averageTravelTime":"","continuity":{"canon":"","legends":"YES","unlicensed":""},"desc":"","placementCert":""},{"text":"Cressus Route end","coords":[-676.25,100],"averageTravelTime":"","continuity":{"canon":"","legends":"YES","unlicensed":""},"desc":"","placementCert":""}]]}},{"type":"Feature","geometry":{"type":"MultiLineString","coordinates":[[[10.9375,-786.3125],[10.5,-776.125],[7.5625,-771.0625],[8.843498,-744.073564],[-3.134347,-738.084641],[-14.925038,-729.475565],[-62.649263,-697.472261]]]},"properties":{"ID":"018f6862-e82f-743a-a3e9-2f86e02561fd","NAME":"D'Aelgoth Trade Route","ALT_NAMES":"","TYPE":"Hyperspace Route","PARENT_ID":"","PARENT_NAME":"","DATE_FROM":"","DATE_TO":"","CANON":"","LEGENDS":"YES","UNLICENSED":"","LEVEL":"2","ZOOM_LEVEL":"","CONJECTURAL_NAME":"","URLS":"https://starwars.fandom.com/wiki/D%27Aelgoth_Trade_Route","DESC":"","color":"","weight":"","opacity":"","smoothFactor":"","SECTIONS_PROPERTIES":[[{"text":"Kassido system","coords":[10.9375,-786.3125]},{"text":"Selenius system","coords":[10.5,-776.125],"averageTravelTime":"","continuity":{"canon":"","legends":"YES","unlicensed":""},"desc":"","placementCert":""},{"text":"Ogem system","coords":[7.5625,-771.0625],"averageTravelTime":"","continuity":{"canon":"","legends":"YES","unlicensed":""},"desc":"","placementCert":""},{"text":"Cyphar system","coords":[8.843498,-744.073564],"averageTravelTime":"","continuity":{"canon":"","legends":"YES","unlicensed":""},"desc":"","placementCert":""},{"text":"Feenix system","coords":[-3.134347,-738.084641],"averageTravelTime":"","continuity":{"canon":"","legends":"YES","unlicensed":""},"desc":"","placementCert":""},{"text":"Miztoc system","coords":[-14.925038,-729.475565],"averageTravelTime":"","continuity":{"canon":"","legends":"YES","unlicensed":""},"desc":"","placementCert":""},{"text":"Kriselist system","coords":[-62.649263,-697.472261],"averageTravelTime":"","continuity":{"canon":"","legends":"YES","unlicensed":""},"desc":"","placementCert":""}]]}},{"type":"Feature","geometry":{"type":"MultiLineString","coordinates":[[[2.062635,-52.16176],[616.484397,466.863434]]]},"properties":{"ID":"018f6862-e82f-740a-b62b-2efd57200927","NAME":"Daragon Trail","ALT_NAMES":"","TYPE":"Hyperspace Route","PARENT_ID":"","PARENT_NAME":"","DATE_FROM":"-5000","DATE_TO":"","CANON":"","LEGENDS":"YES","UNLICENSED":"","LEVEL":"4","ZOOM_LEVEL":"","CONJECTURAL_NAME":"","URLS":"https://starwars.fandom.com/wiki/Daragon_Trail","DESC":"","color":"","weight":"","opacity":"","smoothFactor":"","SECTIONS_PROPERTIES":[[{"text":"Empress Teta system","coords":[2.062635,-52.16176]},{"text":"Horuset system","coords":[616.484397,466.863434],"averageTravelTime":"","continuity":{"canon":"","legends":"YES","unlicensed":""},"desc":"","placementCert":""}]]}},{"type":"Feature","geometry":{"type":"MultiLineString","coordinates":[[[424.981359,577.60161],[424.008721,545.540917]]]},"properties":{"ID":"018f6862-e82f-754f-9aa5-1a84cb64e450","NAME":"Daranc Run","ALT_NAMES":"","TYPE":"Hyperspace Route","PARENT_ID":"","PARENT_NAME":"","DATE_FROM":"","DATE_TO":"","CANON":"","LEGENDS":"YES","UNLICENSED":"","LEVEL":"2","ZOOM_LEVEL":"","CONJECTURAL_NAME":"","URLS":"https://starwars.fandom.com/wiki/Daranc_Run","DESC":"","color":"","weight":"","opacity":"","smoothFactor":"","SECTIONS_PROPERTIES":[[{"text":"Betha system","coords":[424.981359,577.60161]},{"text":"Daranc system","coords":[424.008721,545.540917],"averageTravelTime":"","continuity":{"canon":"","legends":"YES","unlicensed":""},"desc":"","placementCert":""}]]}},{"type":"Feature","geometry":{"type":"MultiLineString","coordinates":[[[513.297515,-35.954212],[499.202066,-24.841035],[479.248869,-20.030615]]]},"properties":{"ID":"018f6862-e82f-738d-b488-6f481436d5c0","NAME":"Dauntless Run","ALT_NAMES":"","TYPE":"Hyperspace Route","PARENT_ID":"","PARENT_NAME":"","DATE_FROM":"","DATE_TO":"","CANON":"","LEGENDS":"YES","UNLICENSED":"","LEVEL":"3","ZOOM_LEVEL":"","CONJECTURAL_NAME":"","URLS":"https://starwars.fandom.com/wiki/Dauntless_Run","DESC":"","color":"","weight":"","opacity":"","smoothFactor":"","SECTIONS_PROPERTIES":[[{"text":"Ota system","coords":[513.297515,-35.954212]},{"text":"Rorgam system","coords":[499.202066,-24.841035],"averageTravelTime":"","continuity":{"canon":"","legends":"YES","unlicensed":""},"desc":"","placementCert":""},{"text":"Pizilis system","coords":[479.248869,-20.030615],"averageTravelTime":"","continuity":{"canon":"","legends":"YES","unlicensed":""},"desc":"","placementCert":""}]]}},{"type":"Feature","geometry":{"type":"MultiLineString","coordinates":[[[670.729397,-761.442783],[703.545438,-582.358482]]]},"properties":{"ID":"018f6862-e82f-762b-9be3-00b032e446c5","NAME":"Death Wind Corridor","ALT_NAMES":"","TYPE":"Hyperspace Route","PARENT_ID":"","PARENT_NAME":"","DATE_FROM":"","DATE_TO":"","CANON":"","LEGENDS":"YES","UNLICENSED":"","LEVEL":"4","ZOOM_LEVEL":"","CONJECTURAL_NAME":"","URLS":"https://starwars.fandom.com/wiki/Death_Wind_Corridor,https://starwars.fandom.com/wiki/Death_Wind_Corridor/Legends","DESC":"","color":"","weight":"","opacity":"","smoothFactor":"","SECTIONS_PROPERTIES":[[{"text":"Ryloth system","coords":[670.729397,-761.442783]},{"text":"Roon system","coords":[703.545438,-582.358482],"averageTravelTime":"","continuity":{"canon":"","legends":"YES","unlicensed":""},"desc":"","placementCert":""}]]}},{"type":"Feature","geometry":{"type":"MultiLineString","coordinates":[[[428.775039,186.837032],[461.67801,297.538617]]]},"properties":{"ID":"018f6862-e82f-7b0b-9529-4cbe6df65c74","NAME":"Demigue Terror","ALT_NAMES":"","TYPE":"Hyperspace Route","PARENT_ID":"","PARENT_NAME":"","DATE_FROM":"","DATE_TO":"","CANON":"","LEGENDS":"YES","UNLICENSED":"","LEVEL":"3","ZOOM_LEVEL":"","CONJECTURAL_NAME":"","URLS":"https://starwars.fandom.com/wiki/Demigue_Terror","DESC":"","color":"","weight":"","opacity":"","smoothFactor":"","SECTIONS_PROPERTIES":[[{"text":"Gascon system","coords":[428.775039,186.837032]},{"text":"Demigue system","coords":[461.67801,297.538617],"averageTravelTime":"","continuity":{"canon":"","legends":"YES","unlicensed":""},"desc":"","placementCert":""}]]}},{"type":"Feature","geometry":{"type":"MultiLineString","coordinates":[[[606.97384,525.860636],[618.81276,528.166919],[644.489377,529.704441],[640.645572,524.78437],[652.638244,518.788034]]]},"properties":{"ID":"018f6862-e82f-75b9-be1b-1f2f1fdac35d","NAME":"Descri Wris","ALT_NAMES":"","TYPE":"Hyperspace Route","PARENT_ID":"","PARENT_NAME":"","DATE_FROM":"","DATE_TO":"","CANON":"","LEGENDS":"YES","UNLICENSED":"","LEVEL":"3","ZOOM_LEVEL":"","CONJECTURAL_NAME":"","URLS":"https://starwars.fandom.com/wiki/Descri_Wris","DESC":"","color":"","weight":"","opacity":"","smoothFactor":"","SECTIONS_PROPERTIES":[[{"text":"Korriz system","coords":[606.97384,525.860636]},{"text":"Loro Babis system","coords":[618.81276,528.166919],"averageTravelTime":"","continuity":{"canon":"","legends":"YES","unlicensed":""},"desc":"","placementCert":""},{"text":"Svolten system","coords":[644.489377,529.704441],"averageTravelTime":"","continuity":{"canon":"","legends":"YES","unlicensed":""},"desc":"","placementCert":""},{"text":"Bhargebba system","coords":[640.645572,524.78437],"averageTravelTime":"","continuity":{"canon":"","legends":"YES","unlicensed":""},"desc":"","placementCert":""},{"text":"Nfolgai system","coords":[652.638244,518.788034],"averageTravelTime":"","continuity":{"canon":"","legends":"YES","unlicensed":""},"desc":"","placementCert":""}]]}},{"type":"Feature","geometry":{"type":"MultiLineString","coordinates":[[[719.722251,397.746505],[729.156884,401.590114],[737.123246,398.812583],[736.998246,384.946133],[745.272113,380.899841],[772.303748,379.804814]]]},"properties":{"ID":"018f6862-e82f-74e3-a7ad-19687296a434","NAME":"Desevran Trace","ALT_NAMES":"Desevran Run","TYPE":"Hyperspace Route","PARENT_ID":"","PARENT_NAME":"","DATE_FROM":"","DATE_TO":"","CANON":"","LEGENDS":"YES","UNLICENSED":"","LEVEL":"3","ZOOM_LEVEL":"","CONJECTURAL_NAME":"","URLS":"https://starwars.fandom.com/wiki/Desevran_Trace","DESC":"","color":"","weight":"","opacity":"","smoothFactor":"","SECTIONS_PROPERTIES":[[{"text":"Desev system","coords":[719.722251,397.746505]},{"text":"Folende system","coords":[729.156884,401.590114],"averageTravelTime":"","continuity":{"canon":"","legends":"YES","unlicensed":""},"desc":"","placementCert":""},{"text":"Omman system","coords":[737.123246,398.812583],"averageTravelTime":"","continuity":{"canon":"","legends":"YES","unlicensed":""},"desc":"","placementCert":""},{"text":"Amarin system","coords":[736.998246,384.946133],"averageTravelTime":"","continuity":{"canon":"","legends":"YES","unlicensed":""},"desc":"","placementCert":""},{"text":"Corlax system","coords":[745.272113,380.899841],"averageTravelTime":"","continuity":{"canon":"","legends":"YES","unlicensed":""},"desc":"","placementCert":""},{"text":"Dravione system","coords":[772.303748,379.804814],"averageTravelTime":"","continuity":{"canon":"","legends":"YES","unlicensed":""},"desc":"","placementCert":""}]]}},{"type":"Feature","geometry":{"type":"MultiLineString","coordinates":[[[472.921543,11.229998],[524.05107,4.7869482326159245],[559.175106,-8.883118],[579.284304,-22.126492],[590.270496,-29.305028]]]},"properties":{"ID":"018f6862-e82f-7cf0-8de5-483d4865d73d","NAME":"Durkteel Loop","ALT_NAMES":"","TYPE":"Hyperspace Route","PARENT_ID":"","PARENT_NAME":"","DATE_FROM":"","DATE_TO":"","CANON":"YES","LEGENDS":"YES","UNLICENSED":"","LEVEL":"3","ZOOM_LEVEL":"","CONJECTURAL_NAME":"","URLS":"https://starwars.fandom.com/wiki/Durkteel_Loop,https://starwars.fandom.com/wiki/Durkteel_Loop/Legends","DESC":"","color":"","weight":"","opacity":"","smoothFactor":"","SECTIONS_PROPERTIES":[[{"text":"Kashyyyk system / Hsskassi system","coords":[472.921543,11.229998]},{"text":"Kwookrrr system","coords":[524.05107,4.7869482326159245],"averageTravelTime":"","continuity":{"canon":"","legends":"YES","unlicensed":""},"desc":"","placementCert":""},{"text":"Sneeve system","coords":[559.175106,-8.883118],"averageTravelTime":"","continuity":{"canon":"","legends":"YES","unlicensed":""},"desc":"","placementCert":""},{"text":"Durkteel system","coords":[579.284304,-22.126492],"averageTravelTime":"","continuity":{"canon":"","legends":"YES","unlicensed":""},"desc":"","placementCert":""},{"text":"Yitabo system","coords":[590.270496,-29.305028],"averageTravelTime":"","continuity":{"canon":"","legends":"YES","unlicensed":""},"desc":"","placementCert":""}]]}},{"type":"Feature","geometry":{"type":"MultiLineString","coordinates":[[[158.017414,-194.622178],[160.169944,-193.853417]]]},"properties":{"ID":"018f6862-e82f-7c5a-a10b-b657c08055aa","NAME":"Duros Run","ALT_NAMES":"","TYPE":"Hyperspace Route","PARENT_ID":"","PARENT_NAME":"","DATE_FROM":"","DATE_TO":"","CANON":"","LEGENDS":"YES","UNLICENSED":"","LEVEL":"3","ZOOM_LEVEL":"","CONJECTURAL_NAME":"","URLS":"https://starwars.fandom.com/wiki/Duros_Run","DESC":"","color":"","weight":"","opacity":"","smoothFactor":"","SECTIONS_PROPERTIES":[[{"text":"Duro system","coords":[158.017414,-194.622178]},{"text":"Forvand system","coords":[160.169944,-193.853417],"averageTravelTime":"","continuity":{"canon":"","legends":"YES","unlicensed":""},"desc":"","placementCert":""}]]}},{"type":"Feature","geometry":{"type":"MultiLineString","coordinates":[[[403.971707,-495.86161],[403.477867,-517.096734],[383.17097,-556.781147],[383.81641,-572.702018],[341.147805,-715.887373],[308.783236,-727.060749],[271.319468,-736.121703],[234.062,-739.841],[222.33167,-742.161294],[212.312,-744.591],[203.062,-747.091],[187.654636,-754.0736]]]},"properties":{"ID":"018f6862-e82f-78f0-8952-a43eb0addcc5","NAME":"Duros Space Run","ALT_NAMES":"","TYPE":"Hyperspace Route","PARENT_ID":"","PARENT_NAME":"","DATE_FROM":"","DATE_TO":"","CANON":"","LEGENDS":"YES","UNLICENSED":"","LEVEL":"2","ZOOM_LEVEL":"","CONJECTURAL_NAME":"","URLS":"https://starwars.fandom.com/wiki/Duros_Space_Run","DESC":"","color":"","weight":"","opacity":"","smoothFactor":"","SECTIONS_PROPERTIES":[[{"text":"Churba system","coords":[403.971707,-495.86161]},{"text":"Kalarba system","coords":[403.477867,-517.096734],"averageTravelTime":"","continuity":{"canon":"","legends":"YES","unlicensed":""},"desc":"","placementCert":""},{"text":"Triffis system","coords":[383.17097,-556.781147],"averageTravelTime":"","continuity":{"canon":"","legends":"YES","unlicensed":""},"desc":"","placementCert":""},{"text":"Bannistar Station system","coords":[383.81641,-572.702018],"averageTravelTime":"","continuity":{"canon":"","legends":"YES","unlicensed":""},"desc":"","placementCert":""},{"text":"Enarc system","coords":[341.147805,-715.887373],"averageTravelTime":"","continuity":{"canon":"","legends":"YES","unlicensed":""},"desc":"","placementCert":""},{"text":"Alui system","coords":[308.783236,-727.060749],"averageTravelTime":"","continuity":{"canon":"","legends":"YES","unlicensed":""},"desc":"","placementCert":""},{"text":"Verdanth system","coords":[271.319468,-736.121703],"averageTravelTime":"","continuity":{"canon":"","legends":"YES","unlicensed":""},"desc":"","placementCert":""},{"text":"Aplooine system","coords":[234.062,-739.841],"averageTravelTime":"","continuity":{"canon":"","legends":"YES","unlicensed":""},"desc":"","placementCert":""},{"text":"Sanrafsix system","coords":[222.33167,-742.161294],"averageTravelTime":"","continuity":{"canon":"","legends":"YES","unlicensed":""},"desc":"","placementCert":""},{"text":"Heptooine system","coords":[212.312,-744.591],"averageTravelTime":"","continuity":{"canon":"","legends":"YES","unlicensed":""},"desc":"","placementCert":""},{"text":"Jutrand system","coords":[203.062,-747.091],"averageTravelTime":"","continuity":{"canon":"","legends":"YES","unlicensed":""},"desc":"","placementCert":""},{"text":"Knel'char system / Darkknell system","coords":[187.654636,-754.0736],"averageTravelTime":"","continuity":{"canon":"","legends":"YES","unlicensed":""},"desc":"","placementCert":""}]]}},{"type":"Feature","geometry":{"type":"MultiLineString","coordinates":[[[222.258805,-653.259604],[208.525737,-683.553136],[171.971543,-706.980133]]]},"properties":{"ID":"018f6862-e82f-70e0-8fb1-00625662a94c","NAME":"Dustig Trace","ALT_NAMES":"Dustig Trade Route","TYPE":"Hyperspace Route","PARENT_ID":"","PARENT_NAME":"","DATE_FROM":"-3705","DATE_TO":"","CANON":"","LEGENDS":"YES","UNLICENSED":"","LEVEL":"3","ZOOM_LEVEL":"","CONJECTURAL_NAME":"","URLS":"https://starwars.fandom.com/wiki/Dustig_Trace","DESC":"","color":"","weight":"","opacity":"","smoothFactor":"","SECTIONS_PROPERTIES":[[{"text":"Demos system","coords":[222.258805,-653.259604]},{"text":"Malastare system","coords":[208.525737,-683.553136],"averageTravelTime":"","continuity":{"canon":"","legends":"YES","unlicensed":""},"desc":"","placementCert":""},{"text":"Kath system","coords":[171.971543,-706.980133],"averageTravelTime":"","continuity":{"canon":"","legends":"YES","unlicensed":""},"desc":"","placementCert":""}]]}},{"type":"Feature","geometry":{"type":"MultiLineString","coordinates":[[[805.040869,-77.047377],[803.268257,-118.084477],[814.542633,-162.801946]]]},"properties":{"ID":"018f6862-e82f-78b2-9f49-ef85509db14f","NAME":"Elgit-M'Hanna Corridor","ALT_NAMES":"","TYPE":"Hyperspace Route","PARENT_ID":"","PARENT_NAME":"","DATE_FROM":"","DATE_TO":"","CANON":"","LEGENDS":"YES","UNLICENSED":"","LEVEL":"3","ZOOM_LEVEL":"","CONJECTURAL_NAME":"","URLS":"https://starwars.fandom.com/wiki/Elgit%E2%80%93M%27Hanna_Corridor","DESC":"","color":"","weight":"","opacity":"","smoothFactor":"","SECTIONS_PROPERTIES":[[{"text":"Elgit system","coords":[805.040869,-77.047377]},{"text":"Sakifwanna system","coords":[803.268257,-118.084477],"averageTravelTime":"","continuity":{"canon":"","legends":"YES","unlicensed":""},"desc":"","placementCert":""},{"text":"M'Hanna system","coords":[814.542633,-162.801946],"averageTravelTime":"","continuity":{"canon":"","legends":"YES","unlicensed":""},"desc":"","placementCert":""}]]}},{"type":"Feature","geometry":{"type":"MultiLineString","coordinates":[[[156.189755,-1005.03032],[156.633,-1003.605],[157.258,-1001.841],[157.942,-1001.117],[158.301,-1000.61],[158.145,-999.876],[157.864,-998.73],[156.079,-997.669]]]},"properties":{"ID":"018f6862-e82f-72a8-a722-ab0e94d0aa4d","NAME":"Elrood-Derilyn Trade Route","ALT_NAMES":"Elrood-Derilyn Run/E-D Run","TYPE":"Hyperspace Route","PARENT_ID":"","PARENT_NAME":"","DATE_FROM":"","DATE_TO":"","CANON":"","LEGENDS":"YES","UNLICENSED":"","LEVEL":"3","ZOOM_LEVEL":"","CONJECTURAL_NAME":"","URLS":"https://starwars.fandom.com/wiki/Elrood-Derilyn_Trade_Route","DESC":"","color":"","weight":"","opacity":"","smoothFactor":"","SECTIONS_PROPERTIES":[[{"text":"Elrood system","coords":[156.189755,-1005.03032]},{"text":"Kidron system","coords":[156.633,-1003.605],"averageTravelTime":"","continuity":{"canon":"","legends":"YES","unlicensed":""},"desc":"","placementCert":""},{"text":"Bodrin system","coords":[157.258,-1001.841],"averageTravelTime":"","continuity":{"canon":"","legends":"YES","unlicensed":""},"desc":"","placementCert":""},{"text":"Coyn system","coords":[157.942,-1001.117],"averageTravelTime":"","continuity":{"canon":"","legends":"YES","unlicensed":""},"desc":"","placementCert":""},{"text":"Korad system","coords":[158.301,-1000.61],"averageTravelTime":"","continuity":{"canon":"","legends":"YES","unlicensed":""},"desc":"","placementCert":""},{"text":"Meris system","coords":[158.145,-999.876],"averageTravelTime":"","continuity":{"canon":"","legends":"YES","unlicensed":""},"desc":"","placementCert":""},{"text":"Torina system","coords":[157.864,-998.73],"averageTravelTime":"","continuity":{"canon":"","legends":"YES","unlicensed":""},"desc":"","placementCert":""},{"text":"Derilyn system","coords":[156.079,-997.669],"averageTravelTime":"","continuity":{"canon":"","legends":"YES","unlicensed":""},"desc":"","placementCert":""}]]}},{"type":"Feature","geometry":{"type":"MultiLineString","coordinates":[[[341.147805,-715.887373],[334.807847,-706.923984],[337.734172,-648.139703],[324.250174,-621.76659],[299.26512,-608.480886],[284.962663,-606.796378],[252.175,-601.907],[220.08024,-620.579901],[185.502654,-651.240036],[167.124578,-675.474861],[147.130848,-693.449023]]]},"properties":{"ID":"018f6862-e82f-7b4f-8a13-ecda23fdb881","NAME":"Enarc Run","ALT_NAMES":"","TYPE":"Hyperspace Route","PARENT_ID":"018f6862-e830-7de6-8b5e-da2f61091c90","PARENT_NAME":"Twin Star Runs","DATE_FROM":"","DATE_TO":"","CANON":"YES","LEGENDS":"YES","UNLICENSED":"","LEVEL":"2","ZOOM_LEVEL":"","CONJECTURAL_NAME":"","URLS":"https://starwars.fandom.com/wiki/Enarc_Run,https://starwars.fandom.com/wiki/Enarc_Run/Legends","DESC":"","color":"","weight":"","opacity":"","smoothFactor":"","SECTIONS_PROPERTIES":[[{"text":"Enarc system","coords":[341.147805,-715.887373]},{"text":"Naboo system","coords":[334.807847,-706.923984],"averageTravelTime":"","continuity":{"canon":"","legends":"YES","unlicensed":""},"desc":"","placementCert":""},{"text":"Alassa Major system","coords":[337.734172,-648.139703],"averageTravelTime":"","continuity":{"canon":"","legends":"YES","unlicensed":""},"desc":"","placementCert":""},{"text":"Kalinda system","coords":[324.250174,-621.76659],"averageTravelTime":"","continuity":{"canon":"","legends":"YES","unlicensed":""},"desc":"","placementCert":""},{"text":"Nigel system","coords":[299.26512,-608.480886],"averageTravelTime":"9:12:0:0","continuity":{"canon":"","legends":"YES","unlicensed":""},"desc":"","placementCert":""},{"text":"Roldalna system","coords":[284.962663,-606.796378],"averageTravelTime":"0:6:0:0","continuity":{"canon":"","legends":"YES","unlicensed":""},"desc":"","placementCert":""},{"text":"Ropagi system","coords":[252.175,-601.907],"averageTravelTime":"1:15:0:0","continuity":{"canon":"","legends":"YES","unlicensed":""},"desc":"","placementCert":""},{"text":"Pax system","coords":[220.08024,-620.579901],"averageTravelTime":"2:11:0:0","continuity":{"canon":"","legends":"YES","unlicensed":""},"desc":"","placementCert":""},{"text":"Opiteihr system","coords":[185.502654,-651.240036],"averageTravelTime":"","continuity":{"canon":"","legends":"YES","unlicensed":""},"desc":"","placementCert":""},{"text":"Vogel system","coords":[167.124578,-675.474861],"averageTravelTime":"2:19:0:0","continuity":{"canon":"","legends":"YES","unlicensed":""},"desc":"","placementCert":""},{"text":"Vondarc system","coords":[147.130848,-693.449023],"averageTravelTime":"","continuity":{"canon":"","legends":"YES","unlicensed":""},"desc":"","placementCert":""}]]}},{"type":"Feature","geometry":{"type":"MultiLineString","coordinates":[[[3.342699,253.104231],[0.882664,254.795505]],[[3.342699,253.104231],[32.5,268.882396]],[[0.882664,254.795505],[0.728912,277.704583],[-5.421176,296.616104],[-9.726238,308.147519],[-12,314.375],[-14.492556,321.831465],[-21.257653,336.899181],[-27.100236,349.968118],[-48.779297,381.948575],[-53.491103,388.880772],[-61.079473,395.786274],[-68.767083,404.242645],[-94.1093,457.472934],[-95.212461,466.666038],[-97.518744,478.043701],[-96.442479,481.580002],[-93.059931,515.251734],[-91.088112,520.246512],[-89.52363,537.853307],[-87.986108,546.002174],[-81.912651,550.234603]]]},"properties":{"ID":"018f6862-e82f-776c-aa23-9287f36af707","NAME":"Entralla Route","ALT_NAMES":"","TYPE":"Hyperspace Route","PARENT_ID":"","PARENT_NAME":"","DATE_FROM":"","DATE_TO":"","CANON":"YES","LEGENDS":"YES","UNLICENSED":"","LEVEL":"2","ZOOM_LEVEL":"","CONJECTURAL_NAME":"","URLS":"https://starwars.fandom.com/wiki/Entralla_Route,https://starwars.fandom.com/wiki/Entralla_Route/Legends","DESC":"","color":"","weight":"","opacity":"","smoothFactor":"","SECTIONS_PROPERTIES":[[{"text":"Bright Jewel system","coords":[3.342699,253.104231]},{"text":"Qiilura system","coords":[0.882664,254.795505],"averageTravelTime":"","continuity":{"canon":"","legends":"YES","unlicensed":""},"desc":"","placementCert":""}],[{"text":"Bright Jewel system","coords":[3.342699,253.104231]},{"text":"Aleen system","coords":[32.5,268.882396],"averageTravelTime":"","continuity":{"canon":"YES","legends":"","unlicensed":""},"desc":"","placementCert":""}],[{"text":"Qiilura system","coords":[0.882664,254.795505]},{"text":"Yout system","coords":[0.728912,277.704583],"averageTravelTime":"","continuity":{"canon":"","legends":"YES","unlicensed":""},"desc":"","placementCert":""},{"text":"Vvan system","coords":[-5.421176,296.616104],"averageTravelTime":"","continuity":{"canon":"","legends":"YES","unlicensed":""},"desc":"","placementCert":""},{"text":"Ord Tessebok system","coords":[-9.726238,308.147519],"averageTravelTime":"","continuity":{"canon":"","legends":"YES","unlicensed":""},"desc":"","placementCert":""},{"text":"Gonmore system","coords":[-12,314.375],"averageTravelTime":"","continuity":{"canon":"","legends":"YES","unlicensed":""},"desc":"","placementCert":""},{"text":"Obredaan system","coords":[-14.492556,321.831465],"averageTravelTime":"","continuity":{"canon":"","legends":"YES","unlicensed":""},"desc":"","placementCert":""},{"text":"Lonnaw system","coords":[-21.257653,336.899181],"averageTravelTime":"","continuity":{"canon":"","legends":"YES","unlicensed":""},"desc":"","placementCert":""},{"text":"Orinda system","coords":[-27.100236,349.968118],"averageTravelTime":"","continuity":{"canon":"","legends":"YES","unlicensed":""},"desc":"","placementCert":""},{"text":"Wistril system","coords":[-48.779297,381.948575],"averageTravelTime":"","continuity":{"canon":"","legends":"YES","unlicensed":""},"desc":"","placementCert":""},{"text":"Fath system","coords":[-53.491103,388.880772],"averageTravelTime":"","continuity":{"canon":"","legends":"YES","unlicensed":""},"desc":"","placementCert":""},{"text":"Domgrin system","coords":[-61.079473,395.786274],"averageTravelTime":"","continuity":{"canon":"","legends":"YES","unlicensed":""},"desc":"","placementCert":""},{"text":"Ywllandr system","coords":[-68.767083,404.242645],"averageTravelTime":"","continuity":{"canon":"","legends":"YES","unlicensed":""},"desc":"","placementCert":""},{"text":"Borosk system","coords":[-94.1093,457.472934],"averageTravelTime":"","continuity":{"canon":"","legends":"YES","unlicensed":""},"desc":"","placementCert":""},{"text":"Prefsbelt system","coords":[-95.212461,466.666038],"averageTravelTime":"","continuity":{"canon":"","legends":"YES","unlicensed":""},"desc":"","placementCert":""},{"text":"Ompersan system","coords":[-97.518744,478.043701],"averageTravelTime":"","continuity":{"canon":"","legends":"YES","unlicensed":""},"desc":"","placementCert":""},{"text":"Yaga system","coords":[-96.442479,481.580002],"averageTravelTime":"","continuity":{"canon":"","legends":"YES","unlicensed":""},"desc":"","placementCert":""},{"text":"Capza system","coords":[-93.059931,515.251734],"averageTravelTime":"","continuity":{"canon":"","legends":"YES","unlicensed":""},"desc":"","placementCert":""},{"text":"Entralla system","coords":[-91.088112,520.246512],"averageTravelTime":"","continuity":{"canon":"","legends":"YES","unlicensed":""},"desc":"","placementCert":""},{"text":"Endoraan system","coords":[-89.52363,537.853307],"averageTravelTime":"","continuity":{"canon":"","legends":"YES","unlicensed":""},"desc":"","placementCert":""},{"text":"Bisellia system","coords":[-87.986108,546.002174],"averageTravelTime":"","continuity":{"canon":"","legends":"YES","unlicensed":""},"desc":"","placementCert":""},{"text":"Muunilinst system","coords":[-81.912651,550.234603],"averageTravelTime":"","continuity":{"canon":"","legends":"YES","unlicensed":""},"desc":"","placementCert":""}]]}},{"type":"Feature","geometry":{"type":"MultiLineString","coordinates":[[[666.75,598.875],[669.874194,599.124912],[673.5,599.5],[680.5625,600.187345],[684.724885,600.336947],[693.775115,599.168476],[731.902037,597.912253]]]},"properties":{"ID":"018f6862-e82f-78ea-8f13-954358070906","NAME":"Etti Route Major","ALT_NAMES":"","TYPE":"Hyperspace Route","PARENT_ID":"","PARENT_NAME":"","DATE_FROM":"","DATE_TO":"","CANON":"","LEGENDS":"YES","UNLICENSED":"","LEVEL":"2","ZOOM_LEVEL":"","CONJECTURAL_NAME":"","URLS":"https://starwars.fandom.com/wiki/Etti_Route_Major","DESC":"","color":"","weight":"","opacity":"","smoothFactor":"","SECTIONS_PROPERTIES":[[{"text":"Etti Route Major end","coords":[666.75,598.875]},{"text":"Nameless Aparo sector system 1","coords":[669.874194,599.124912],"averageTravelTime":"","continuity":{"canon":"","legends":"YES","unlicensed":""},"desc":"","placementCert":""},{"text":"Nameless Aparo sector system 2","coords":[673.5,599.5],"averageTravelTime":"","continuity":{"canon":"","legends":"YES","unlicensed":""},"desc":"","placementCert":""},{"text":"Kail system","coords":[680.5625,600.187345],"averageTravelTime":"","continuity":{"canon":"","legends":"YES","unlicensed":""},"desc":"","placementCert":""},{"text":"Davirien system","coords":[684.724885,600.336947],"averageTravelTime":"","continuity":{"canon":"","legends":"YES","unlicensed":""},"desc":"","placementCert":""},{"text":"Drog system","coords":[693.775115,599.168476],"averageTravelTime":"","continuity":{"canon":"","legends":"YES","unlicensed":""},"desc":"","placementCert":""},{"text":"Etti system","coords":[731.902037,597.912253],"averageTravelTime":"","continuity":{"canon":"","legends":"YES","unlicensed":""},"desc":"","placementCert":""}]]}},{"type":"Feature","geometry":{"type":"MultiLineString","coordinates":[[[860.469015,152.4997918],[870.559426336688,155.53063831507708],[893.5265648,157.3883702],[913.2538652,157.2141155],[924.4881205,153.3026584],[933.2501413,151.6877863],[937.1250707,149.9691535],[943.7191563,142.5314713],[947.8754946,135.7503124]]]},"properties":{"ID":"018f6862-e82f-738c-a298-5a2139858ab0","NAME":"Falko Run","ALT_NAMES":"","TYPE":"Hyperspace Route","PARENT_ID":"","PARENT_NAME":"","DATE_FROM":"","DATE_TO":"","CANON":"","LEGENDS":"YES","UNLICENSED":"","LEVEL":"2","ZOOM_LEVEL":"","CONJECTURAL_NAME":"","URLS":"https://starwars.fandom.com/wiki/Falko_Run","DESC":"","color":"","weight":"","opacity":"","smoothFactor":"","SECTIONS_PROPERTIES":[[{"text":"Oseon system","coords":[860.469015,152.4997918]},{"text":"Arleen system","coords":[870.559426336688,155.53063831507708],"averageTravelTime":"","continuity":{"canon":"","legends":"YES","unlicensed":""},"desc":"","placementCert":""},{"text":"Ringneldia system","coords":[893.5265648,157.3883702],"averageTravelTime":"","continuity":{"canon":"","legends":"YES","unlicensed":""},"desc":"","placementCert":""},{"text":"Dilonexa system","coords":[913.2538652,157.2141155],"averageTravelTime":"","continuity":{"canon":"","legends":"YES","unlicensed":""},"desc":"","placementCert":""},{"text":"Ua system","coords":[924.4881205,153.3026584],"averageTravelTime":"","continuity":{"canon":"","legends":"YES","unlicensed":""},"desc":"","placementCert":""},{"text":"Falko system","coords":[933.2501413,151.6877863],"averageTravelTime":"","continuity":{"canon":"","legends":"YES","unlicensed":""},"desc":"","placementCert":""},{"text":"Antipose system","coords":[937.1250707,149.9691535],"averageTravelTime":"","continuity":{"canon":"","legends":"YES","unlicensed":""},"desc":"","placementCert":""},{"text":"Paulking system","coords":[943.7191563,142.5314713],"averageTravelTime":"","continuity":{"canon":"","legends":"YES","unlicensed":""},"desc":"","placementCert":""},{"text":"Douglas system","coords":[947.8754946,135.7503124],"averageTravelTime":"","continuity":{"canon":"","legends":"YES","unlicensed":""},"desc":"","placementCert":""}]]}},{"type":"Feature","geometry":{"type":"MultiLineString","coordinates":[[[742.639565,437.423146],[749.839738,449.676766],[759.756138,463.856015],[777.492188,493.5625]]]},"properties":{"ID":"018f6862-e82f-766e-bb51-3247c219fcb1","NAME":"Far Perlemian","ALT_NAMES":"","TYPE":"Hyperspace Route","PARENT_ID":"","PARENT_NAME":"","DATE_FROM":"","DATE_TO":"","CANON":"","LEGENDS":"YES","UNLICENSED":"","LEVEL":"2","ZOOM_LEVEL":"","CONJECTURAL_NAME":"","URLS":"https://starwars.fandom.com/wiki/Far_Perlemian","DESC":"","color":"","weight":"","opacity":"","smoothFactor":"","SECTIONS_PROPERTIES":[[{"text":"Estaria system","coords":[742.639565,437.423146]},{"text":"Makem system","coords":[749.839738,449.676766],"averageTravelTime":"","continuity":{"canon":"","legends":"YES","unlicensed":""},"desc":"","placementCert":""},{"text":"Quermia system","coords":[759.756138,463.856015],"averageTravelTime":"","continuity":{"canon":"","legends":"YES","unlicensed":""},"desc":"","placementCert":""},{"text":"Far Perlemian route end","coords":[777.492188,493.5625],"averageTravelTime":"","continuity":{"canon":"","legends":"YES","unlicensed":""},"desc":"","placementCert":""}]]}},{"type":"Feature","geometry":{"type":"MultiLineString","coordinates":[[[553.685592,405.030522],[541.203463,397.161353],[533.183545,391.010739],[528.841935,376.297505],[523.354622,366.287682]]]},"properties":{"ID":"018f6862-e82f-7b31-9c41-99e7af01009e","NAME":"Feena Run","ALT_NAMES":"","TYPE":"Hyperspace Route","PARENT_ID":"","PARENT_NAME":"","DATE_FROM":"","DATE_TO":"","CANON":"","LEGENDS":"YES","UNLICENSED":"","LEVEL":"2","ZOOM_LEVEL":"","CONJECTURAL_NAME":"","URLS":"https://starwars.fandom.com/wiki/Feena_Run","DESC":"","color":"","weight":"","opacity":"","smoothFactor":"","SECTIONS_PROPERTIES":[[{"text":"Feena system","coords":[553.685592,405.030522]},{"text":"Barison system","coords":[541.203463,397.161353],"averageTravelTime":"","continuity":{"canon":"","legends":"YES","unlicensed":""},"desc":"","placementCert":""},{"text":"Usta system","coords":[533.183545,391.010739],"averageTravelTime":"","continuity":{"canon":"","legends":"YES","unlicensed":""},"desc":"","placementCert":""},{"text":"the Cometwash system","coords":[528.841935,376.297505],"averageTravelTime":"","continuity":{"canon":"","legends":"YES","unlicensed":""},"desc":"","placementCert":""},{"text":"Korphir system","coords":[523.354622,366.287682],"averageTravelTime":"","continuity":{"canon":"","legends":"YES","unlicensed":""},"desc":"","placementCert":""}]]}},{"type":"Feature","geometry":{"type":"MultiLineString","coordinates":[[[408.553105,-708.266484],[414.010639,-723.506093],[409.151,-745.979],[409.39124,-751.556214],[437.576,-800.879545],[430.697576,-810.442231],[377.473676,-849.846372],[388.210728,-875.346869],[385.861998,-914.604214]],[[388.210728,-875.346869],[485.122,-930.793]],[[385.861998,-914.604214],[360.697033,-944.802171]]]},"properties":{"ID":"018f6862-e82f-7c2b-bf29-4c7d4c7ffcaf","NAME":"Five Veils Route","ALT_NAMES":"Five Veils' Tour trade route","TYPE":"Hyperspace Route","PARENT_ID":"","PARENT_NAME":"","DATE_FROM":"","DATE_TO":"","CANON":"","LEGENDS":"YES","UNLICENSED":"","LEVEL":"2","ZOOM_LEVEL":"","CONJECTURAL_NAME":"","URLS":"https://starwars.fandom.com/wiki/Five_Veils_Route","DESC":"","color":"","weight":"","opacity":"","smoothFactor":"","SECTIONS_PROPERTIES":[[{"text":"Farstine system","coords":[408.553105,-708.266484]},{"text":"Ninzam system","coords":[414.010639,-723.506093],"averageTravelTime":"","continuity":{"canon":"","legends":"YES","unlicensed":""},"desc":"","placementCert":""},{"text":"Trigalis system","coords":[409.151,-745.979],"averageTravelTime":"","continuity":{"canon":"","legends":"YES","unlicensed":""},"desc":"","placementCert":""},{"text":"Stend system","coords":[409.39124,-751.556214],"averageTravelTime":"","continuity":{"canon":"","legends":"YES","unlicensed":""},"desc":"","placementCert":""},{"text":"Lybeya system","coords":[437.576,-800.879545],"averageTravelTime":"","continuity":{"canon":"","legends":"YES","unlicensed":""},"desc":"","placementCert":""},{"text":"Bajic system","coords":[430.697576,-810.442231],"averageTravelTime":"","continuity":{"canon":"","legends":"YES","unlicensed":""},"desc":"","placementCert":""},{"text":"Vohai system","coords":[377.473676,-849.846372],"averageTravelTime":"","continuity":{"canon":"","legends":"YES","unlicensed":""},"desc":"","placementCert":""},{"text":"Elshandruu system","coords":[388.210728,-875.346869],"averageTravelTime":"","continuity":{"canon":"","legends":"YES","unlicensed":""},"desc":"","placementCert":""},{"text":"Suarbi system","coords":[385.861998,-914.604214],"averageTravelTime":"","continuity":{"canon":"","legends":"YES","unlicensed":""},"desc":"","placementCert":""}],[{"text":"Elshandruu system","coords":[388.210728,-875.346869]},{"text":"Skynara system","coords":[485.122,-930.793],"averageTravelTime":"","continuity":{"canon":"","legends":"YES","unlicensed":""},"desc":"","placementCert":""}],[{"text":"Suarbi system","coords":[385.861998,-914.604214]},{"text":"Svivren system","coords":[360.697033,-944.802171],"averageTravelTime":"","continuity":{"canon":"","legends":"YES","unlicensed":""},"desc":"","placementCert":""}]]}},{"type":"Feature","geometry":{"type":"MultiLineString","coordinates":[[[354.7926305,57.624682],[355.3335105,57.2937395],[356.425332,57.1687395],[357.013837,56.7811125],[357.7016555,56.5658595]]]},"properties":{"ID":"018f6862-e82f-7636-ad8d-86471ca1e163","NAME":"Gallinore Reach","ALT_NAMES":"","TYPE":"Hyperspace Route","PARENT_ID":"","PARENT_NAME":"","DATE_FROM":"","DATE_TO":"","CANON":"","LEGENDS":"YES","UNLICENSED":"","LEVEL":"3","ZOOM_LEVEL":"","CONJECTURAL_NAME":"","URLS":"https://starwars.fandom.com/wiki/Gallinore_Reach","DESC":"","color":"","weight":"","opacity":"","smoothFactor":"","SECTIONS_PROPERTIES":[[{"text":"Vergill system","coords":[354.7926305,57.624682]},{"text":"Charubah system","coords":[355.3335105,57.2937395],"averageTravelTime":"","continuity":{"canon":"","legends":"YES","unlicensed":""},"desc":"","placementCert":""},{"text":"Cheruba system","coords":[356.425332,57.1687395],"averageTravelTime":"","continuity":{"canon":"","legends":"YES","unlicensed":""},"desc":"","placementCert":""},{"text":"Relephon system","coords":[357.013837,56.7811125],"averageTravelTime":"","continuity":{"canon":"","legends":"YES","unlicensed":""},"desc":"","placementCert":""},{"text":"Gallinore system","coords":[357.7016555,56.5658595],"averageTravelTime":"","continuity":{"canon":"","legends":"YES","unlicensed":""},"desc":"","placementCert":""}]]}},{"type":"Feature","geometry":{"type":"MultiLineString","coordinates":[[[177.125,-1142.75],[180.96875,-1143.625],[182.21875,-1140.34375]],[[180.96875,-1143.625],[199.34375,-1145.25],[202.96875,-1147.75],[209.15625,-1147.875],[210.25,-1140.34375]],[[199.34375,-1145.25],[210.25,-1140.34375],[213.25,-1136.03125],[215.4375,-1134.625],[215.09375,-1137.75],[219.9375,-1143.03125],[225.40625,-1150.4375],[224.03125,-1151.65625]],[[225.40625,-1150.4375],[225.4375,-1132.84375],[224.84375,-1129.4375]]]},"properties":{"ID":"018f6862-e82f-7fe6-a7ed-0eae9791f779","NAME":"Galtea Run","ALT_NAMES":"","TYPE":"Hyperspace Route","PARENT_ID":"","PARENT_NAME":"","DATE_FROM":"","DATE_TO":"","CANON":"","LEGENDS":"YES","UNLICENSED":"","LEVEL":"3","ZOOM_LEVEL":"","CONJECTURAL_NAME":"","URLS":"https://starwars.fandom.com/wiki/Galtea_Run","DESC":"","color":"","weight":"","opacity":"","smoothFactor":"","SECTIONS_PROPERTIES":[[{"text":"Pembric system","coords":[177.125,-1142.75]},{"text":"Galtea system","coords":[180.96875,-1143.625],"averageTravelTime":"1:8:0:0","continuity":{"canon":"","legends":"YES","unlicensed":""},"desc":"","placementCert":""},{"text":"Sebiris system","coords":[182.21875,-1140.34375],"averageTravelTime":"1:3:0:0","continuity":{"canon":"","legends":"YES","unlicensed":""},"desc":"","placementCert":""}],[{"text":"Galtea system","coords":[180.96875,-1143.625]},{"text":"Timbra Ott system","coords":[199.34375,-1145.25],"averageTravelTime":"14:6:0:0","continuity":{"canon":"","legends":"YES","unlicensed":""},"desc":"","placementCert":""},{"text":"Sapella system","coords":[202.96875,-1147.75],"averageTravelTime":"5:11:0:0","continuity":{"canon":"","legends":"YES","unlicensed":""},"desc":"","placementCert":""},{"text":"Binaros system","coords":[209.15625,-1147.875],"averageTravelTime":"6:4:0:0","continuity":{"canon":"","legends":"YES","unlicensed":""},"desc":"","placementCert":""},{"text":"Jangelle system","coords":[210.25,-1140.34375],"averageTravelTime":"7:2:0:0","continuity":{"canon":"","legends":"YES","unlicensed":""},"desc":"","placementCert":""}],[{"text":"Timbra Ott system","coords":[199.34375,-1145.25]},{"text":"Jangelle system","coords":[210.25,-1140.34375],"averageTravelTime":"12:20:0:0","continuity":{"canon":"","legends":"YES","unlicensed":""},"desc":"","placementCert":""},{"text":"Episol system / Dayark system","coords":[213.25,-1136.03125],"averageTravelTime":"4:9:0:0","continuity":{"canon":"","legends":"YES","unlicensed":""},"desc":"","placementCert":""},{"text":"Pitann system","coords":[215.4375,-1134.625],"averageTravelTime":"2:0:0:0","continuity":{"canon":"","legends":"YES","unlicensed":""},"desc":"","placementCert":""},{"text":"Nameless Kathol Outback sector system 8","coords":[215.09375,-1137.75],"averageTravelTime":"","continuity":{"canon":"","legends":"YES","unlicensed":""},"desc":"","placementCert":""},{"text":"Ehjenla system","coords":[219.9375,-1143.03125],"averageTravelTime":"6:14:0:0","continuity":{"canon":"","legends":"YES","unlicensed":""},"desc":"","placementCert":""},{"text":"Uukaablis system","coords":[225.40625,-1150.4375],"averageTravelTime":"8:19:0:0","continuity":{"canon":"","legends":"YES","unlicensed":""},"desc":"","placementCert":""},{"text":"Qu'mock system","coords":[224.03125,-1151.65625],"averageTravelTime":"2:2:0:0","continuity":{"canon":"","legends":"YES","unlicensed":""},"desc":"","placementCert":""}],[{"text":"Uukaablis system","coords":[225.40625,-1150.4375]},{"text":"Shatuun system","coords":[225.4375,-1132.84375],"averageTravelTime":"13:6:0:0","continuity":{"canon":"","legends":"YES","unlicensed":""},"desc":"","placementCert":""},{"text":"Exocron system","coords":[224.84375,-1129.4375],"averageTravelTime":"4:3:0:0","continuity":{"canon":"","legends":"YES","unlicensed":""},"desc":"","placementCert":""}]]}},{"type":"Feature","geometry":{"type":"MultiLineString","coordinates":[[[350.789555,-441.053342],[360.215028,-435.978087],[366.740356,-420.389804],[406.979877,-408.426703],[472.12875,-394.553046],[492.65448,-371.501072],[501.496333,-363.922341],[516.653794,-343.712392],[521.027089,-329.488768],[537.525278,-314.714271],[545.158768,-304.618365],[563.134406,-272.606955],[708.751064,-244.042221],[736.887534,-228.310001]]]},"properties":{"ID":"018f6862-e82f-71f6-bd2d-1d589993499e","NAME":"Gamor Run","ALT_NAMES":"","TYPE":"Hyperspace Route","PARENT_ID":"","PARENT_NAME":"","DATE_FROM":"","DATE_TO":"","CANON":"YES","LEGENDS":"YES","UNLICENSED":"","LEVEL":"2","ZOOM_LEVEL":"","CONJECTURAL_NAME":"","URLS":"https://starwars.fandom.com/wiki/Gamor_Run,https://starwars.fandom.com/wiki/Gamor_Run/Legends","DESC":"","color":"","weight":"","opacity":"","smoothFactor":"","SECTIONS_PROPERTIES":[[{"text":"Gamor system","coords":[350.789555,-441.053342]},{"text":"Merren system","coords":[360.215028,-435.978087],"averageTravelTime":"","continuity":{"canon":"","legends":"YES","unlicensed":""},"desc":"","placementCert":""},{"text":"Flarestar system","coords":[366.740356,-420.389804],"averageTravelTime":"","continuity":{"canon":"","legends":"YES","unlicensed":""},"desc":"","placementCert":""},{"text":"Charra system","coords":[406.979877,-408.426703],"averageTravelTime":"","continuity":{"canon":"","legends":"YES","unlicensed":""},"desc":"","placementCert":""},{"text":"Aikhibba system","coords":[472.12875,-394.553046],"averageTravelTime":"","continuity":{"canon":"","legends":"YES","unlicensed":""},"desc":"","placementCert":""},{"text":"Hoylin system","coords":[492.65448,-371.501072],"averageTravelTime":"","continuity":{"canon":"","legends":"YES","unlicensed":""},"desc":"","placementCert":""},{"text":"Beris system","coords":[501.496333,-363.922341],"averageTravelTime":"","continuity":{"canon":"","legends":"YES","unlicensed":""},"desc":"","placementCert":""},{"text":"Deneba system","coords":[516.653794,-343.712392],"averageTravelTime":"","continuity":{"canon":"","legends":"YES","unlicensed":""},"desc":"","placementCert":""},{"text":"Chokan system","coords":[521.027089,-329.488768],"averageTravelTime":"","continuity":{"canon":"","legends":"YES","unlicensed":""},"desc":"","placementCert":""},{"text":"Shador system","coords":[537.525278,-314.714271],"averageTravelTime":"","continuity":{"canon":"","legends":"YES","unlicensed":""},"desc":"","placementCert":""},{"text":"Thokosia system","coords":[545.158768,-304.618365],"averageTravelTime":"","continuity":{"canon":"","legends":"YES","unlicensed":""},"desc":"","placementCert":""},{"text":"Daalang system","coords":[563.134406,-272.606955],"averageTravelTime":"","continuity":{"canon":"","legends":"YES","unlicensed":""},"desc":"","placementCert":""},{"text":"Circumtore system","coords":[708.751064,-244.042221],"averageTravelTime":"","continuity":{"canon":"","legends":"YES","unlicensed":""},"desc":"","placementCert":""},{"text":"Rorak system","coords":[736.887534,-228.310001],"averageTravelTime":"","continuity":{"canon":"","legends":"YES","unlicensed":""},"desc":"","placementCert":""}]]}},{"type":"Feature","geometry":{"type":"MultiLineString","coordinates":[[[145.62053,-284.446553],[24.908641,-369.062854],[25.364435621100398,-369.58385765089895]]]},"properties":{"ID":"018f6862-e82f-77de-95a7-219e2e159e44","NAME":"Gandeal-Fondor Hyperlane","ALT_NAMES":"","TYPE":"Hyperspace Route","PARENT_ID":"","PARENT_NAME":"","DATE_FROM":"","DATE_TO":"","CANON":"","LEGENDS":"YES","UNLICENSED":"","LEVEL":"2","ZOOM_LEVEL":"","CONJECTURAL_NAME":"","URLS":"https://starwars.fandom.com/wiki/Gandeal-Fondor_Hyperlane","DESC":"","color":"","weight":"","opacity":"","smoothFactor":"","SECTIONS_PROPERTIES":[[{"text":"Gandeal system","coords":[145.62053,-284.446553]},{"text":"Scarl system","coords":[24.908641,-369.062854],"averageTravelTime":"","continuity":{"canon":"","legends":"YES","unlicensed":""},"desc":"","placementCert":""},{"text":"Fondor system","coords":[25.364435621100398,-369.58385765089895],"averageTravelTime":"","continuity":{"canon":"","legends":"YES","unlicensed":""},"desc":"","placementCert":""}]]}},{"type":"Feature","geometry":{"type":"MultiLineString","coordinates":[[[179.645904,-706.980133],[174.75,-736],[203.062,-747.091],[187.375,-733.875],[193.125,-731.375],[174.375,-671.25],[146.75,-674.125],[179.645904,-706.980133]]]},"properties":{"ID":"018f6862-e82f-7ef4-b1a2-4d5503208a14","NAME":"Gevarno Loop","ALT_NAMES":"","TYPE":"Hyperspace Route","PARENT_ID":"","PARENT_NAME":"","DATE_FROM":"","DATE_TO":"","CANON":"","LEGENDS":"YES","UNLICENSED":"","LEVEL":"3","ZOOM_LEVEL":"","CONJECTURAL_NAME":"","URLS":"https://starwars.fandom.com/wiki/Gevarno_Loop","DESC":"","color":"","weight":"","opacity":"","smoothFactor":"","SECTIONS_PROPERTIES":[[{"text":"Al'Har system","coords":[179.645904,-706.980133]},{"text":"Killisu system","coords":[174.75,-736],"averageTravelTime":"","continuity":{"canon":"","legends":"YES","unlicensed":""},"desc":"","placementCert":""},{"text":"Jutrand system","coords":[203.062,-747.091],"averageTravelTime":"","continuity":{"canon":"","legends":"YES","unlicensed":""},"desc":"","placementCert":""},{"text":"Loposi system","coords":[187.375,-733.875],"averageTravelTime":"","continuity":{"canon":"","legends":"YES","unlicensed":""},"desc":"","placementCert":""},{"text":"Opari system","coords":[193.125,-731.375],"averageTravelTime":"","continuity":{"canon":"","legends":"YES","unlicensed":""},"desc":"","placementCert":""},{"text":"Ventran system","coords":[174.375,-671.25],"averageTravelTime":"","continuity":{"canon":"","legends":"YES","unlicensed":""},"desc":"","placementCert":""},{"text":"Ch'manss system","coords":[146.75,-674.125],"averageTravelTime":"","continuity":{"canon":"","legends":"YES","unlicensed":""},"desc":"","placementCert":""},{"text":"Al'Har system","coords":[179.645904,-706.980133],"averageTravelTime":"","continuity":{"canon":"","legends":"YES","unlicensed":""},"desc":"","placementCert":""}]]}},{"type":"Feature","geometry":{"type":"MultiLineString","coordinates":[[[814.233517,331.44136],[823.667558,319.863371],[902.024314,323.061482]]]},"properties":{"ID":"018f6862-e82f-7fa8-80e3-44b3b94f6a26","NAME":"Giblim Route","ALT_NAMES":"","TYPE":"Hyperspace Route","PARENT_ID":"","PARENT_NAME":"","DATE_FROM":"","DATE_TO":"","CANON":"","LEGENDS":"YES","UNLICENSED":"","LEVEL":"2","ZOOM_LEVEL":"","CONJECTURAL_NAME":"","URLS":"https://starwars.fandom.com/wiki/Giblim_Route","DESC":"","color":"","weight":"","opacity":"","smoothFactor":"","SECTIONS_PROPERTIES":[[{"text":"Caluula system","coords":[814.233517,331.44136]},{"text":"Dellalt system","coords":[823.667558,319.863371],"averageTravelTime":"","continuity":{"canon":"","legends":"YES","unlicensed":""},"desc":"","placementCert":""},{"text":"Minntooine system","coords":[902.024314,323.061482],"averageTravelTime":"","continuity":{"canon":"","legends":"YES","unlicensed":""},"desc":"","placementCert":""}]]}},{"type":"Feature","geometry":{"type":"MultiLineString","coordinates":[[[22.54712090007374,-362.7632390133871],[3.449588,-354.96832],[-44.999648,-342.733478],[-53.166941,-339.365339],[-72.422734,-331.60361],[-105.52422,-315.751674],[-127.166582,-303.669139],[-132.177988,-286.694439]]]},"properties":{"ID":"018f6862-e82f-7183-9a49-382a932ecfa2","NAME":"Giju Run","ALT_NAMES":"Giju Passage","TYPE":"Hyperspace Route","PARENT_ID":"","PARENT_NAME":"","DATE_FROM":"-17000","DATE_TO":"","CANON":"YES","LEGENDS":"YES","UNLICENSED":"","LEVEL":"2","ZOOM_LEVEL":"","CONJECTURAL_NAME":"","URLS":"https://starwars.fandom.com/wiki/Giju_Run,https://starwars.fandom.com/wiki/Giju_Run/Legends","DESC":"","color":"","weight":"","opacity":"","smoothFactor":"","SECTIONS_PROPERTIES":[[{"text":"Tallaan system","coords":[22.54712090007374,-362.7632390133871]},{"text":"Giju system","coords":[3.449588,-354.96832],"averageTravelTime":"","continuity":{"canon":"","legends":"YES","unlicensed":""},"desc":"","placementCert":""},{"text":"Bardotta system","coords":[-44.999648,-342.733478],"averageTravelTime":"","continuity":{"canon":"","legends":"","unlicensed":""},"desc":"","placementCert":""},{"text":"Omar system","coords":[-53.166941,-339.365339],"averageTravelTime":"","continuity":{"canon":"","legends":"YES","unlicensed":""},"desc":"","placementCert":""},{"text":"Illodia system","coords":[-72.422734,-331.60361],"averageTravelTime":"","continuity":{"canon":"","legends":"YES","unlicensed":""},"desc":"","placementCert":""},{"text":"Dahrtag system","coords":[-105.52422,-315.751674],"averageTravelTime":"","continuity":{"canon":"","legends":"YES","unlicensed":""},"desc":"","placementCert":""},{"text":"Hjaff system","coords":[-127.166582,-303.669139],"averageTravelTime":"","continuity":{"canon":"","legends":"YES","unlicensed":""},"desc":"","placementCert":""},{"text":"Atrisi system","coords":[-132.177988,-286.694439],"averageTravelTime":"","continuity":{"canon":"","legends":"YES","unlicensed":""},"desc":"","placementCert":""}]]}},{"type":"Feature","geometry":{"type":"MultiLineString","coordinates":[[[2.062635,-52.16176],[60.999775,-35.181146]]]},"properties":{"ID":"018f6862-e82f-7687-8697-0e0abebe0a65","NAME":"Goluud Corridor","ALT_NAMES":"","TYPE":"Hyperspace Route","PARENT_ID":"","PARENT_NAME":"","DATE_FROM":"-5000","DATE_TO":"","CANON":"","LEGENDS":"YES","UNLICENSED":"","LEVEL":"3","ZOOM_LEVEL":"","CONJECTURAL_NAME":"","URLS":"https://starwars.fandom.com/wiki/Goluud_Corridor","DESC":"","color":"","weight":"","opacity":"","smoothFactor":"","SECTIONS_PROPERTIES":[[{"text":"Empress Teta system","coords":[2.062635,-52.16176]},{"text":"Goluud Minor system","coords":[60.999775,-35.181146],"averageTravelTime":"","continuity":{"canon":"","legends":"YES","unlicensed":""},"desc":"","placementCert":""}]]}},{"type":"Feature","geometry":{"type":"MultiLineString","coordinates":[[[155.028272,-781.267757],[-121.75,-963.75]]]},"properties":{"ID":"018f6862-e82f-74d7-90d8-04096d1e1a69","NAME":"Great Bantha Breakfast Biscuit Run","ALT_NAMES":"","TYPE":"Hyperspace Route","PARENT_ID":"","PARENT_NAME":"","DATE_FROM":"","DATE_TO":"","CANON":"","LEGENDS":"YES","UNLICENSED":"","LEVEL":"3","ZOOM_LEVEL":"","CONJECTURAL_NAME":"","URLS":"https://starwars.fandom.com/wiki/Great_Bantha_Breakfast_Biscuit_Run","DESC":"","color":"","weight":"","opacity":"","smoothFactor":"","SECTIONS_PROPERTIES":[[{"text":"Sullust system","coords":[155.028272,-781.267757]},{"text":"Gastrula system","coords":[-121.75,-963.75],"averageTravelTime":"","continuity":{"canon":"","legends":"YES","unlicensed":""},"desc":"","placementCert":""}]]}},{"type":"Feature","geometry":{"type":"MultiLineString","coordinates":[[[10.083226,-593.947828],[-32.946776,-600.092772],[-82.99427,-622.602171],[-96.404124,-627.391405],[-116.518907,-631.462254],[-126,-630.625],[-170.634919,-629.871026],[-183.747809,-631.494223],[-186.299165,-630.881308],[-195.68972,-633.048359],[-211.017691,-638.151077],[-242.401707,-663.868639]]]},"properties":{"ID":"018f6862-e82f-7d09-922a-1fec02db8657","NAME":"Great Gran Run","ALT_NAMES":"","TYPE":"Hyperspace Route","PARENT_ID":"","PARENT_NAME":"","DATE_FROM":"","DATE_TO":"","CANON":"YES","LEGENDS":"YES","UNLICENSED":"","LEVEL":"2","ZOOM_LEVEL":"","CONJECTURAL_NAME":"","URLS":"https://starwars.fandom.com/wiki/Great_Gran_Run,https://starwars.fandom.com/wiki/Great_Gran_Run/Legends","DESC":"","color":"","weight":"","opacity":"","smoothFactor":"","SECTIONS_PROPERTIES":[[{"text":"Kinyen system","coords":[10.083226,-593.947828]},{"text":"New Balosar system","coords":[-32.946776,-600.092772],"averageTravelTime":"","continuity":{"canon":"","legends":"YES","unlicensed":""},"desc":"","placementCert":""},{"text":"Noe'ha'on system","coords":[-82.99427,-622.602171],"averageTravelTime":"","continuity":{"canon":"","legends":"YES","unlicensed":""},"desc":"","placementCert":""},{"text":"Natalon system","coords":[-96.404124,-627.391405],"averageTravelTime":"","continuity":{"canon":"","legends":"YES","unlicensed":""},"desc":"","placementCert":""},{"text":"Har system","coords":[-116.518907,-631.462254],"averageTravelTime":"","continuity":{"canon":"","legends":"YES","unlicensed":""},"desc":"","placementCert":""},{"text":"Chyron Belt","coords":[-126,-630.625],"averageTravelTime":"","continuity":{"canon":"","legends":"YES","unlicensed":""},"desc":"","placementCert":""},{"text":"Halm system","coords":[-170.634919,-629.871026],"averageTravelTime":"","continuity":{"canon":"YES","legends":"YES","unlicensed":""},"desc":"","placementCert":""},{"text":"Takodana system","coords":[-183.747809,-631.494223],"averageTravelTime":"","continuity":{"canon":"","legends":"YES","unlicensed":""},"desc":"","placementCert":""},{"text":"Petabys Station","coords":[-186.299165,-630.881308],"averageTravelTime":"","continuity":{"canon":"YES","legends":"YES","unlicensed":""},"desc":"","placementCert":""},{"text":"Tashtor Seneca system","coords":[-195.68972,-633.048359],"averageTravelTime":"","continuity":{"canon":"","legends":"YES","unlicensed":""},"desc":"","placementCert":""},{"text":"Chalcedon system","coords":[-211.017691,-638.151077],"averageTravelTime":"","continuity":{"canon":"","legends":"YES","unlicensed":""},"desc":"","placementCert":""},{"text":"Cerean system","coords":[-242.401707,-663.868639],"averageTravelTime":"","continuity":{"canon":"YES","legends":"YES","unlicensed":""},"desc":"","placementCert":""}]]}},{"type":"Feature","geometry":{"type":"MultiLineString","coordinates":[[[354.037348,-69.021278],[370.642164,-51.973831],[407.589945,-18.572913],[441.713119,-3.362997],[458.084415,-0.417482],[472.921543,11.229998],[561.694261,42.828678],[613.030588,71.193516]]]},"properties":{"ID":"018f6862-e82f-761b-9c46-f3fd47198e9a","NAME":"Great Kashyyyk Branch","ALT_NAMES":"","TYPE":"Hyperspace Route","PARENT_ID":"","PARENT_NAME":"","DATE_FROM":"","DATE_TO":"","CANON":"YES","LEGENDS":"YES","UNLICENSED":"","LEVEL":"2","ZOOM_LEVEL":"","CONJECTURAL_NAME":"","URLS":"https://starwars.fandom.com/wiki/Great_Kashyyyk_Branch,https://starwars.fandom.com/wiki/Great_Kashyyyk_Branch/Legends","DESC":"","color":"","weight":"","opacity":"","smoothFactor":"","SECTIONS_PROPERTIES":[[{"text":"Zel system / Zeltros system","coords":[354.037348,-69.021278]},{"text":"Virujansi system","coords":[370.642164,-51.973831],"averageTravelTime":"","continuity":{"canon":"","legends":"YES","unlicensed":""},"desc":"","placementCert":""},{"text":"Umbara system","coords":[407.589945,-18.572913],"averageTravelTime":"","continuity":{"canon":"","legends":"YES","unlicensed":""},"desc":"","placementCert":""},{"text":"Quas Killam system","coords":[441.713119,-3.362997],"averageTravelTime":"","continuity":{"canon":"","legends":"YES","unlicensed":""},"desc":"","placementCert":""},{"text":"Torn Station system","coords":[458.084415,-0.417482],"averageTravelTime":"","continuity":{"canon":"","legends":"YES","unlicensed":""},"desc":"","placementCert":""},{"text":"Kashyyyk system / Hsskassi system","coords":[472.921543,11.229998],"averageTravelTime":"","continuity":{"canon":"","legends":"YES","unlicensed":""},"desc":"","placementCert":""},{"text":"Balamak system","coords":[561.694261,42.828678],"averageTravelTime":"","continuity":{"canon":"","legends":"YES","unlicensed":""},"desc":"","placementCert":""},{"text":"Charros system","coords":[613.030588,71.193516],"averageTravelTime":"","continuity":{"canon":"","legends":"YES","unlicensed":""},"desc":"","placementCert":""}]]}},{"type":"Feature","geometry":{"type":"MultiLineString","coordinates":[[[360.51402325,59.28107],[360.937358,59.06268],[361.27921875,58.88297325],[361.376375,58.65059625],[361.50389,58.429719],[361.605475,58.035095],[361.601568,57.691264],[361.878872,57.452927],[361.988272,57.019232],[362.160286,56.788709],[362.472855,56.581629],[362.668211,56.394085],[362.863567,56.198727],[363.00813,55.948668],[362.867187,55.734376],[362.394425,55.046715],[362.410054,54.683348],[362.3759445,54.313514],[361.941194,54.105235],[361.58174,53.792662],[361.5079385,53.4401935],[361.08192,53.238151],[360.335661,53.058421],[359.855085,52.843527],[359.269017,52.530954],[358.807977,52.023022],[358.542293,51.733892],[358.234973,51.6440675],[357.999204,51.855014],[357.581142,51.944879],[357.29983,52.323874],[356.9435245,52.6184515],[356.60926,52.726508],[356.40609,53.144574],[356.0457665,53.3924575],[356.17557,53.8127],[355.9222655,54.1972145],[356.038821,54.539433],[356.14822,55.141136],[355.988029,55.379473],[355.992078,55.9304795],[356.167957,56.214773],[356.42192,56.347617],[356.704584,56.448921],[356.642833,56.1467315]],[[356.704584,56.448921],[357.013837,56.7811125],[357.297115,57.050907],[357.633127,57.226729]]]},"properties":{"ID":"018f6862-e82f-7b34-8be9-5d66a5fe935e","NAME":"Great Rim Route","ALT_NAMES":"","TYPE":"Hyperspace Route","PARENT_ID":"","PARENT_NAME":"","DATE_FROM":"","DATE_TO":"","CANON":"","LEGENDS":"YES","UNLICENSED":"","LEVEL":"3","ZOOM_LEVEL":"","CONJECTURAL_NAME":"","URLS":"https://starwars.fandom.com/wiki/Great_Rim_Route","DESC":"","color":"","weight":"","opacity":"","smoothFactor":"","SECTIONS_PROPERTIES":[[{"text":"Rynmar system","coords":[360.51402325,59.28107]},{"text":"Hapes Cluster nameless system 39","coords":[360.937358,59.06268],"averageTravelTime":"","continuity":{"canon":"","legends":"YES","unlicensed":""},"desc":"","placementCert":""},{"text":"Zalori system","coords":[361.27921875,58.88297325],"averageTravelTime":"","continuity":{"canon":"","legends":"YES","unlicensed":""},"desc":"","placementCert":""},{"text":"Terephon system","coords":[361.376375,58.65059625],"averageTravelTime":"","continuity":{"canon":"","legends":"YES","unlicensed":""},"desc":"","placementCert":""},{"text":"Hapes Cluster nameless system 34","coords":[361.50389,58.429719],"averageTravelTime":"","continuity":{"canon":"","legends":"YES","unlicensed":""},"desc":"","placementCert":""},{"text":"Hapes Cluster nameless system 33","coords":[361.605475,58.035095],"averageTravelTime":"","continuity":{"canon":"","legends":"YES","unlicensed":""},"desc":"","placementCert":""},{"text":"Hapes Cluster nameless system 32","coords":[361.601568,57.691264],"averageTravelTime":"","continuity":{"canon":"","legends":"YES","unlicensed":""},"desc":"","placementCert":""},{"text":"Hapes Cluster nameless system 31","coords":[361.878872,57.452927],"averageTravelTime":"","continuity":{"canon":"","legends":"YES","unlicensed":""},"desc":"","placementCert":""},{"text":"Hapes Cluster nameless system 30","coords":[361.988272,57.019232],"averageTravelTime":"","continuity":{"canon":"","legends":"YES","unlicensed":""},"desc":"","placementCert":""},{"text":"Hapes Cluster nameless system 29","coords":[362.160286,56.788709],"averageTravelTime":"","continuity":{"canon":"","legends":"YES","unlicensed":""},"desc":"","placementCert":""},{"text":"Hapes Cluster nameless system 28","coords":[362.472855,56.581629],"averageTravelTime":"","continuity":{"canon":"","legends":"YES","unlicensed":""},"desc":"","placementCert":""},{"text":"Hapes Cluster nameless system 27","coords":[362.668211,56.394085],"averageTravelTime":"","continuity":{"canon":"","legends":"YES","unlicensed":""},"desc":"","placementCert":""},{"text":"Hapes Cluster nameless system 26","coords":[362.863567,56.198727],"averageTravelTime":"","continuity":{"canon":"","legends":"YES","unlicensed":""},"desc":"","placementCert":""},{"text":"Reboam system","coords":[363.00813,55.948668],"averageTravelTime":"","continuity":{"canon":"","legends":"YES","unlicensed":""},"desc":"","placementCert":""},{"text":"Hapes Cluster nameless system 25","coords":[362.867187,55.734376],"averageTravelTime":"","continuity":{"canon":"","legends":"YES","unlicensed":""},"desc":"","placementCert":""},{"text":"Hapes Cluster nameless system 24","coords":[362.394425,55.046715],"averageTravelTime":"","continuity":{"canon":"","legends":"YES","unlicensed":""},"desc":"","placementCert":""},{"text":"Hapes Cluster nameless system 23","coords":[362.410054,54.683348],"averageTravelTime":"","continuity":{"canon":"","legends":"YES","unlicensed":""},"desc":"","placementCert":""},{"text":"Dreena system","coords":[362.3759445,54.313514],"averageTravelTime":"","continuity":{"canon":"","legends":"YES","unlicensed":""},"desc":"","placementCert":""},{"text":"Hapes Cluster nameless system 22","coords":[361.941194,54.105235],"averageTravelTime":"","continuity":{"canon":"","legends":"YES","unlicensed":""},"desc":"","placementCert":""},{"text":"Hapes Cluster nameless system 21","coords":[361.58174,53.792662],"averageTravelTime":"","continuity":{"canon":"","legends":"YES","unlicensed":""},"desc":"","placementCert":""},{"text":"Calfa system","coords":[361.5079385,53.4401935],"averageTravelTime":"","continuity":{"canon":"","legends":"YES","unlicensed":""},"desc":"","placementCert":""},{"text":"Hapes Cluster nameless system 20","coords":[361.08192,53.238151],"averageTravelTime":"","continuity":{"canon":"","legends":"YES","unlicensed":""},"desc":"","placementCert":""},{"text":"Hapes Cluster nameless system 19","coords":[360.335661,53.058421],"averageTravelTime":"","continuity":{"canon":"","legends":"YES","unlicensed":""},"desc":"","placementCert":""},{"text":"Hapes Cluster nameless system 18","coords":[359.855085,52.843527],"averageTravelTime":"","continuity":{"canon":"","legends":"YES","unlicensed":""},"desc":"","placementCert":""},{"text":"Hapes Cluster nameless system 17","coords":[359.269017,52.530954],"averageTravelTime":"","continuity":{"canon":"","legends":"YES","unlicensed":""},"desc":"","placementCert":""},{"text":"Hapes Cluster nameless system 16","coords":[358.807977,52.023022],"averageTravelTime":"","continuity":{"canon":"","legends":"YES","unlicensed":""},"desc":"","placementCert":""},{"text":"Hapes Cluster nameless system 15","coords":[358.542293,51.733892],"averageTravelTime":"","continuity":{"canon":"","legends":"YES","unlicensed":""},"desc":"","placementCert":""},{"text":"K'Farri system","coords":[358.234973,51.6440675],"averageTravelTime":"","continuity":{"canon":"","legends":"YES","unlicensed":""},"desc":"","placementCert":""},{"text":"Hapes Cluster nameless system 14","coords":[357.999204,51.855014],"averageTravelTime":"","continuity":{"canon":"","legends":"YES","unlicensed":""},"desc":"","placementCert":""},{"text":"Hapes Cluster nameless system 13","coords":[357.581142,51.944879],"averageTravelTime":"","continuity":{"canon":"","legends":"YES","unlicensed":""},"desc":"","placementCert":""},{"text":"Hapes Cluster nameless system 12","coords":[357.29983,52.323874],"averageTravelTime":"","continuity":{"canon":"","legends":"YES","unlicensed":""},"desc":"","placementCert":""},{"text":"Nantuker system","coords":[356.9435245,52.6184515],"averageTravelTime":"","continuity":{"canon":"","legends":"YES","unlicensed":""},"desc":"","placementCert":""},{"text":"Hapes Cluster nameless system 9","coords":[356.60926,52.726508],"averageTravelTime":"","continuity":{"canon":"","legends":"YES","unlicensed":""},"desc":"","placementCert":""},{"text":"Hapes Cluster nameless system 8","coords":[356.40609,53.144574],"averageTravelTime":"","continuity":{"canon":"","legends":"YES","unlicensed":""},"desc":"","placementCert":""},{"text":"Stalsinek system","coords":[356.0457665,53.3924575],"averageTravelTime":"","continuity":{"canon":"","legends":"YES","unlicensed":""},"desc":"","placementCert":""},{"text":"Hapes Cluster nameless system 7","coords":[356.17557,53.8127],"averageTravelTime":"","continuity":{"canon":"","legends":"YES","unlicensed":""},"desc":"","placementCert":""},{"text":"Jodaka system","coords":[355.9222655,54.1972145],"averageTravelTime":"","continuity":{"canon":"","legends":"YES","unlicensed":""},"desc":"","placementCert":""},{"text":"Hapes Cluster nameless system 6","coords":[356.038821,54.539433],"averageTravelTime":"","continuity":{"canon":"","legends":"YES","unlicensed":""},"desc":"","placementCert":""},{"text":"Hapes Cluster nameless system 5","coords":[356.14822,55.141136],"averageTravelTime":"","continuity":{"canon":"","legends":"YES","unlicensed":""},"desc":"","placementCert":""},{"text":"Hapes Cluster nameless system 4","coords":[355.988029,55.379473],"averageTravelTime":"","continuity":{"canon":"","legends":"YES","unlicensed":""},"desc":"","placementCert":""},{"text":"Divora system","coords":[355.992078,55.9304795],"averageTravelTime":"","continuity":{"canon":"","legends":"YES","unlicensed":""},"desc":"","placementCert":""},{"text":"Hapes Cluster nameless system 64","coords":[356.167957,56.214773],"averageTravelTime":"","continuity":{"canon":"","legends":"YES","unlicensed":""},"desc":"","placementCert":""},{"text":"Hapes Cluster nameless system 65","coords":[356.42192,56.347617],"averageTravelTime":"","continuity":{"canon":"","legends":"YES","unlicensed":""},"desc":"","placementCert":""},{"text":"Wodan system","coords":[356.704584,56.448921],"averageTravelTime":"","continuity":{"canon":"","legends":"YES","unlicensed":""},"desc":"","placementCert":""},{"text":"Algnadesh system","coords":[356.642833,56.1467315],"averageTravelTime":"","continuity":{"canon":"","legends":"YES","unlicensed":""},"desc":"","placementCert":""}],[{"text":"Wodan system","coords":[356.704584,56.448921]},{"text":"Relephon system","coords":[357.013837,56.7811125],"averageTravelTime":"","continuity":{"canon":"","legends":"YES","unlicensed":""},"desc":"","placementCert":""},{"text":"Hapes Cluster nameless system 50","coords":[357.297115,57.050907],"averageTravelTime":"","continuity":{"canon":"","legends":"YES","unlicensed":""},"desc":"","placementCert":""},{"text":"Hapes Cluster nameless system 51","coords":[357.633127,57.226729],"averageTravelTime":"","continuity":{"canon":"","legends":"YES","unlicensed":""},"desc":"","placementCert":""}]]}},{"type":"Feature","geometry":{"type":"MultiLineString","coordinates":[[[700.318966,365.274621],[703.8300637836147,354.9925705341739],[708.4667316091306,348.62325165977296],[710.461616,342.328021],[716.025447,339.127977],[723.540544,337.499203],[730.329397,337.296716],[743.682082,338.200468],[750.095936,339.92549],[766.951173,344.225556]]]},"properties":{"ID":"018f6862-e82f-7f96-b6ec-f863c7581e79","NAME":"Greater Cronese Arc","ALT_NAMES":"","TYPE":"Hyperspace Route","PARENT_ID":"","PARENT_NAME":"","DATE_FROM":"","DATE_TO":"","CANON":"","LEGENDS":"YES","UNLICENSED":"","LEVEL":"2","ZOOM_LEVEL":"","CONJECTURAL_NAME":"","URLS":"https://starwars.fandom.com/wiki/Greater_Cronese_Arc","DESC":"","color":"","weight":"","opacity":"","smoothFactor":"","SECTIONS_PROPERTIES":[[{"text":"Arcan system","coords":[700.318966,365.274621]},{"text":"Janilis system","coords":[703.8300637836147,354.9925705341739],"averageTravelTime":"","continuity":{"canon":"","legends":"YES","unlicensed":""},"desc":"","placementCert":""},{"text":"Chandaar system","coords":[708.4667316091306,348.62325165977296],"averageTravelTime":"","continuity":{"canon":"","legends":"YES","unlicensed":""},"desc":"","placementCert":""},{"text":"Oor system","coords":[710.461616,342.328021],"averageTravelTime":"","continuity":{"canon":"","legends":"YES","unlicensed":""},"desc":"","placementCert":""},{"text":"Barancar system","coords":[716.025447,339.127977],"averageTravelTime":"","continuity":{"canon":"","legends":"YES","unlicensed":""},"desc":"","placementCert":""},{"text":"Soruus system","coords":[723.540544,337.499203],"averageTravelTime":"","continuity":{"canon":"","legends":"YES","unlicensed":""},"desc":"","placementCert":""},{"text":"Pasmin system","coords":[730.329397,337.296716],"averageTravelTime":"","continuity":{"canon":"","legends":"YES","unlicensed":""},"desc":"","placementCert":""},{"text":"Arramanx system","coords":[743.682082,338.200468],"averageTravelTime":"","continuity":{"canon":"","legends":"YES","unlicensed":""},"desc":"","placementCert":""},{"text":"Duinarbulon system","coords":[750.095936,339.92549],"averageTravelTime":"","continuity":{"canon":"","legends":"YES","unlicensed":""},"desc":"","placementCert":""},{"text":"Derellium system","coords":[766.951173,344.225556],"averageTravelTime":"","continuity":{"canon":"","legends":"YES","unlicensed":""},"desc":"","placementCert":""}]]}},{"type":"Feature","geometry":{"type":"MultiLineString","coordinates":[[[361.376375,58.65059625],[361.777353,58.523276],[362.06648,58.464669],[362.355607,58.538905],[362.605662,58.671749],[363.77552,59.2730085],[353.897761,110.211213]]]},"properties":{"ID":"018f6862-e82f-77e6-8512-7d475714b248","NAME":"Hapan Spine","ALT_NAMES":"","TYPE":"Hyperspace Route","PARENT_ID":"","PARENT_NAME":"","DATE_FROM":"","DATE_TO":"","CANON":"","LEGENDS":"YES","UNLICENSED":"","LEVEL":"3","ZOOM_LEVEL":"","CONJECTURAL_NAME":"","URLS":"https://starwars.fandom.com/wiki/Hapan_Spine","DESC":"","color":"","weight":"","opacity":"","smoothFactor":"","SECTIONS_PROPERTIES":[[{"text":"Terephon system","coords":[361.376375,58.65059625]},{"text":"Hapes Cluster nameless system 35","coords":[361.777353,58.523276],"averageTravelTime":"","continuity":{"canon":"","legends":"YES","unlicensed":""},"desc":"","placementCert":""},{"text":"Hapes Cluster nameless system 36","coords":[362.06648,58.464669],"averageTravelTime":"","continuity":{"canon":"","legends":"YES","unlicensed":""},"desc":"","placementCert":""},{"text":"Hapes Cluster nameless system 37","coords":[362.355607,58.538905],"averageTravelTime":"","continuity":{"canon":"","legends":"YES","unlicensed":""},"desc":"","placementCert":""},{"text":"Hapes Cluster nameless system 38","coords":[362.605662,58.671749],"averageTravelTime":"","continuity":{"canon":"","legends":"YES","unlicensed":""},"desc":"","placementCert":""},{"text":"Roqoo Depot","coords":[363.77552,59.2730085],"averageTravelTime":"","continuity":{"canon":"","legends":"YES","unlicensed":""},"desc":"","placementCert":""},{"text":"Taanab system","coords":[353.897761,110.211213],"averageTravelTime":"","continuity":{"canon":"","legends":"YES","unlicensed":""},"desc":"","placementCert":""}]]}},{"type":"Feature","geometry":{"type":"MultiLineString","coordinates":[[[81.097757,-501.89928],[96.847856,-516.864946],[108.560698,-525.687952],[157.583427,-562.383328],[192.845391,-590.191543],[222.660384,-605.959087],[251.54,-596.507],[293.511678,-579.535296],[318.887953,-566.484641],[334.113717,-550.53384],[338.463936,-542.920958],[345.351782,-519.719792],[346.801855,-513.194465],[360.940065,-450.478815],[360.215028,-435.978087]]]},"properties":{"ID":"018f6862-e82f-708d-9f68-d7f46ec79670","NAME":"Harrin Trade Corridor","ALT_NAMES":"Harrin Run","TYPE":"Hyperspace Route","PARENT_ID":"018f6862-e830-7de6-8b5e-da2f61091c90","PARENT_NAME":"Twin Star Runs","DATE_FROM":"","DATE_TO":"","CANON":"","LEGENDS":"YES","UNLICENSED":"","LEVEL":"2","ZOOM_LEVEL":"","CONJECTURAL_NAME":"","URLS":"https://starwars.fandom.com/wiki/Harrin_Trade_Corridor","DESC":"","color":"","weight":"","opacity":"","smoothFactor":"","SECTIONS_PROPERTIES":[[{"text":"Harrin system","coords":[81.097757,-501.89928]},{"text":"Wroona system","coords":[96.847856,-516.864946],"averageTravelTime":"","continuity":{"canon":"","legends":"YES","unlicensed":""},"desc":"","placementCert":""},{"text":"Droecil system","coords":[108.560698,-525.687952],"averageTravelTime":"","continuity":{"canon":"","legends":"YES","unlicensed":""},"desc":"","placementCert":""},{"text":"Lohopa system","coords":[157.583427,-562.383328],"averageTravelTime":"","continuity":{"canon":"","legends":"YES","unlicensed":""},"desc":"","placementCert":""},{"text":"Jurzan system","coords":[192.845391,-590.191543],"averageTravelTime":"","continuity":{"canon":"","legends":"YES","unlicensed":""},"desc":"","placementCert":""},{"text":"Arrgaw system","coords":[222.660384,-605.959087],"averageTravelTime":"","continuity":{"canon":"","legends":"YES","unlicensed":""},"desc":"","placementCert":""},{"text":"Lazerian system","coords":[251.54,-596.507],"averageTravelTime":"0:23:0:0","continuity":{"canon":"","legends":"YES","unlicensed":""},"desc":"","placementCert":""},{"text":"Cerenia system","coords":[293.511678,-579.535296],"averageTravelTime":"2:4:0:0","continuity":{"canon":"","legends":"YES","unlicensed":""},"desc":"","placementCert":""},{"text":"Brevost system","coords":[318.887953,-566.484641],"averageTravelTime":"","continuity":{"canon":"","legends":"YES","unlicensed":""},"desc":"","placementCert":""},{"text":"Momansi system","coords":[334.113717,-550.53384],"averageTravelTime":"","continuity":{"canon":"","legends":"YES","unlicensed":""},"desc":"","placementCert":""},{"text":"Krann system","coords":[338.463936,-542.920958],"averageTravelTime":"","continuity":{"canon":"","legends":"YES","unlicensed":""},"desc":"","placementCert":""},{"text":"Coonee system","coords":[345.351782,-519.719792],"averageTravelTime":"","continuity":{"canon":"","legends":"YES","unlicensed":""},"desc":"","placementCert":""},{"text":"Sika system","coords":[346.801855,-513.194465],"averageTravelTime":"","continuity":{"canon":"","legends":"YES","unlicensed":""},"desc":"","placementCert":""},{"text":"Milagro system","coords":[360.940065,-450.478815],"averageTravelTime":"","continuity":{"canon":"","legends":"YES","unlicensed":""},"desc":"","placementCert":""},{"text":"Merren system","coords":[360.215028,-435.978087],"averageTravelTime":"","continuity":{"canon":"","legends":"YES","unlicensed":""},"desc":"","placementCert":""}]]}},{"type":"Feature","geometry":{"type":"MultiLineString","coordinates":[[[191.147411,-264.331216],[3.449588,-354.96832]]]},"properties":{"ID":"018f6862-e82f-7dcd-9454-b883af992e30","NAME":"Herglic Alley","ALT_NAMES":"","TYPE":"Hyperspace Route","PARENT_ID":"","PARENT_NAME":"","DATE_FROM":"","DATE_TO":"","CANON":"YES","LEGENDS":"","UNLICENSED":"","LEVEL":"3","ZOOM_LEVEL":"","CONJECTURAL_NAME":"","URLS":"https://starwars.fandom.com/wiki/Herglic_Alley","DESC":"","color":"","weight":"","opacity":"","smoothFactor":"","SECTIONS_PROPERTIES":[[{"text":"Byblos system","coords":[191.147411,-264.331216]},{"text":"Giju system","coords":[3.449588,-354.96832],"averageTravelTime":"","continuity":{"canon":"YES","legends":"","unlicensed":""},"desc":"","placementCert":""}]]}},{"type":"Feature","geometry":{"type":"MultiLineString","coordinates":[[[-17.742588,-266.52115],[-3.233122,-270.137997],[-3.883654,-316.701426],[3.449588,-354.96832],[86.380268,-489.69165]]]},"properties":{"ID":"018f6862-e82f-7876-9010-de02bea26bed","NAME":"Hidakai Pool","ALT_NAMES":"","TYPE":"Hyperspace Route","PARENT_ID":"","PARENT_NAME":"","DATE_FROM":"-13000","DATE_TO":"","CANON":"","LEGENDS":"YES","UNLICENSED":"","LEVEL":"2","ZOOM_LEVEL":"","CONJECTURAL_NAME":"","URLS":"https://starwars.fandom.com/wiki/Hidakai_Pool","DESC":"","color":"","weight":"","opacity":"","smoothFactor":"","SECTIONS_PROPERTIES":[[{"text":"Daupherm system","coords":[-17.742588,-266.52115]},{"text":"Botor system","coords":[-3.233122,-270.137997],"averageTravelTime":"","continuity":{"canon":"","legends":"YES","unlicensed":""},"desc":"","placementCert":""},{"text":"Abregado system","coords":[-3.883654,-316.701426],"averageTravelTime":"","continuity":{"canon":"","legends":"YES","unlicensed":""},"desc":"","placementCert":""},{"text":"Giju system","coords":[3.449588,-354.96832],"averageTravelTime":"","continuity":{"canon":"","legends":"YES","unlicensed":""},"desc":"","placementCert":""},{"text":"Yag'Dhul system","coords":[86.380268,-489.69165],"averageTravelTime":"","continuity":{"canon":"","legends":"YES","unlicensed":""},"desc":"","placementCert":""}]]}},{"type":"Feature","geometry":{"type":"MultiLineString","coordinates":[[[708.751064,-244.042221],[734.217047,-258.989781],[759.147439,-269.280815],[788.575036,-289.407191],[806.087993,-310.031587],[840.509903,-339.54426],[848.600137,-344.886867]]]},"properties":{"ID":"018f6862-e82f-74e1-b6fa-451fbc47d2a0","NAME":"Hollastin Run","ALT_NAMES":"","TYPE":"Hyperspace Route","PARENT_ID":"","PARENT_NAME":"","DATE_FROM":"","DATE_TO":"","CANON":"","LEGENDS":"YES","UNLICENSED":"","LEVEL":"2","ZOOM_LEVEL":"","CONJECTURAL_NAME":"","URLS":"https://starwars.fandom.com/wiki/Hollastin_Run","DESC":"","color":"","weight":"","opacity":"","smoothFactor":"","SECTIONS_PROPERTIES":[[{"text":"Circumtore system","coords":[708.751064,-244.042221]},{"text":"Affavan system","coords":[734.217047,-258.989781],"averageTravelTime":"","continuity":{"canon":"","legends":"YES","unlicensed":""},"desc":"","placementCert":""},{"text":"Hollastin system","coords":[759.147439,-269.280815],"averageTravelTime":"","continuity":{"canon":"","legends":"YES","unlicensed":""},"desc":"","placementCert":""},{"text":"Aylayl system","coords":[788.575036,-289.407191],"averageTravelTime":"","continuity":{"canon":"","legends":"YES","unlicensed":""},"desc":"","placementCert":""},{"text":"Tsyk system","coords":[806.087993,-310.031587],"averageTravelTime":"","continuity":{"canon":"","legends":"YES","unlicensed":""},"desc":"","placementCert":""},{"text":"Unagin system","coords":[840.509903,-339.54426],"averageTravelTime":"","continuity":{"canon":"","legends":"YES","unlicensed":""},"desc":"","placementCert":""},{"text":"Syvris system","coords":[848.600137,-344.886867],"averageTravelTime":"","continuity":{"canon":"","legends":"YES","unlicensed":""},"desc":"","placementCert":""}]]}},{"type":"Feature","geometry":{"type":"MultiLineString","coordinates":[[[-46.165509,31.701062],[-36.546921,36.986873],[-28.107271,42.782902]]]},"properties":{"ID":"018f6862-e82f-7ca9-a2b9-0d2d154d0738","NAME":"Hyabb-Twith Corridor","ALT_NAMES":"","TYPE":"Hyperspace Route","PARENT_ID":"","PARENT_NAME":"","DATE_FROM":"","DATE_TO":"","CANON":"","LEGENDS":"YES","UNLICENSED":"","LEVEL":"3","ZOOM_LEVEL":"","CONJECTURAL_NAME":"","URLS":"https://starwars.fandom.com/wiki/Hyabb-Twith_Corridor","DESC":"","color":"","weight":"","opacity":"","smoothFactor":"","SECTIONS_PROPERTIES":[[{"text":"Hyabb system","coords":[-46.165509,31.701062]},{"text":"Voon system","coords":[-36.546921,36.986873],"averageTravelTime":"","continuity":{"canon":"","legends":"YES","unlicensed":""},"desc":"","placementCert":""},{"text":"Twith system","coords":[-28.107271,42.782902],"averageTravelTime":"","continuity":{"canon":"","legends":"YES","unlicensed":""},"desc":"","placementCert":""}]]}},{"type":"Feature","geometry":{"type":"MultiLineString","coordinates":[[[-72.475889,-1093.806722],[-105.134421,-1124.116524]]]},"properties":{"ID":"018f6862-e82f-74e7-9d65-7a1f4d3ee266","NAME":"Hydian Spur","ALT_NAMES":"","TYPE":"Hyperspace Route","PARENT_ID":"018f6862-e82f-78ce-a5f4-fc8c0ca5b053","PARENT_NAME":"Hydian Way","DATE_FROM":"-3694","DATE_TO":"","CANON":"","LEGENDS":"YES","UNLICENSED":"","LEVEL":"2","ZOOM_LEVEL":"","CONJECTURAL_NAME":"","URLS":"https://starwars.fandom.com/wiki/Hydian_Spur","DESC":"","color":"","weight":"","opacity":"","smoothFactor":"","SECTIONS_PROPERTIES":[[{"text":"Terminus system","coords":[-72.475889,-1093.806722]},{"text":"Imynusoph system","coords":[-105.134421,-1124.116524],"averageTravelTime":"","continuity":{"canon":"","legends":"YES","unlicensed":""},"desc":"","placementCert":""}]]}},{"type":"Feature","geometry":{"type":"MultiLineString","coordinates":[[[741.844302,601.625172],[734.669377,603.905863],[714.476438,607.899504],[694.330486,611.039056],[691.5,613.500784],[680.862226,612.474488],[668.11189,612.912273],[580.234619,608.058313],[535.810434,592.340238],[523.288587,586.181952],[518.002555,583.061694],[516.309197,580.228943],[508.346799,571.530118],[483.97208,545.233413],[460.722296,517.319248],[436.625,487.625],[429.563443,475.971172],[408.904958,463.581957],[409.280615,443.45764],[401.595057,432.675743],[396.839964,425.819562],[391.534796,418.901236],[383.458299,406.055624],[370.235121,389.066005],[363.430354,376.413496],[357.642,369.746],[346.028683,351.004566],[329.461413,331.556914],[320.254451,323.155561],[272.772357,291.244921],[263.75,275.005553],[227.513408,252.950479],[190.105453,233.399693],[185.863765,231.478928],[183,233.25],[166.627537,221.892534],[154.761949,215.455628],[148.206827,211.401448],[138.490884,206.517314],[120.501877,192.98712],[112.627585,186.354748],[105.762828,178.280045],[94.90625,167.84375],[96.175251,166.368206],[87.591309,154.534506],[79.408557,142.632322],[71.454924,130.10247],[64.306188,115.244757],[55.574719,89.117516],[53.619669,70.292864],[59.849094,36.264404],[75.84569,10.221973],[104.098568,-19.669217],[118.539895,-33.006208],[125.941824,-41.302816],[139.008579,-54.47756],[151.256528,-74.29063],[159.365706,-90.530834],[163.858919,-100.731641],[168.18923,-111.127299],[176.166727,-132.656929],[180.614387,-146.785625],[182.571686,-152.835458],[186.486284,-166.358613],[188.443582,-172.23051],[198.498843,-207.750827],[200.958325,-213.151496],[202.947493,-219.678455],[207.244425,-230.93592],[210.047387,-240.9465],[211.8125,-244],[213.90625,-249.875],[215.012635,-261.207915],[217.9062,-266],[224.5625,-292.875],[226.500444,-306.253108],[228.371169,-316.603224],[230.696506,-335.194547],[231.116971,-350.331281],[233.048488,-398.958853],[234.6739,-401.3863],[234.4418,-431.076953],[233.048488,-438.359553],[235.531851,-436.526569],[233.696174,-478.392717],[232.694276,-511.927185],[230.97418,-525.687952],[230.114132,-542.028861],[228.107354,-556.649675],[222.660384,-605.959087],[220.08024,-620.579901],[212.564875,-667.598543],[208.525737,-683.553136],[197.418109,-729.195389],[195.5,-736.683],[193.25,-742.029],[191.875,-746.966],[189.375,-752.654],[187.654636,-754.0736],[185.625,-764.683],[182.738793,-772.023719],[154.426377,-829.149199],[144.110572,-846.491043],[111.430497,-898.038498],[88.74765,-923.160302],[70.964408,-945.641003],[33.216962,-989.008626],[9.729661,-1015.180189],[-27.850019,-1051.417738],[-72.475889,-1093.806722],[-105.134421,-1124.116524]],[[668.11189,612.912273],[580.234619,608.058313],[535.810434,592.340238]],[[436.625,487.625],[429.563443,475.971172]],[[383.458299,406.055624],[370.235121,389.066005]],[[217.9062,-266],[224.5625,-292.875]],[[220.08024,-620.579901],[212.564875,-667.598543],[208.525737,-683.553136],[187.654636,-754.0736]],[[173.5625,-790.03125],[154.426377,-829.149199]],[[111.430497,-898.038498],[88.74765,-923.160302],[70.964408,-945.641003]],[[-72.475889,-1093.806722],[-105.134421,-1124.116524]]]},"properties":{"ID":"018f6862-e82f-78ce-a5f4-fc8c0ca5b053","NAME":"Hydian Way","ALT_NAMES":"","TYPE":"Hyperspace Route","PARENT_ID":"","PARENT_NAME":"","DATE_FROM":"-3705","DATE_TO":"","CANON":"YES","LEGENDS":"YES","UNLICENSED":"","LEVEL":"1","ZOOM_LEVEL":"0","CONJECTURAL_NAME":"","URLS":"https://starwars.fandom.com/wiki/Hydian_Way,https://starwars.fandom.com/wiki/Hydian_Way/Legends","DESC":"","color":"red","weight":"","opacity":"","smoothFactor":"","SECTIONS_PROPERTIES":[[{"text":"Bonadan system","coords":[741.844302,601.625172]},{"text":"D'ian system","coords":[734.669377,603.905863],"averageTravelTime":"","continuity":{"canon":"","legends":"YES","unlicensed":""},"desc":"","placementCert":""},{"text":"Lythos system","coords":[714.476438,607.899504],"averageTravelTime":"","continuity":{"canon":"","legends":"YES","unlicensed":""},"desc":"","placementCert":""},{"text":"Mall'ordian system","coords":[694.330486,611.039056],"averageTravelTime":"","continuity":{"canon":"","legends":"YES","unlicensed":""},"desc":"","placementCert":""},{"text":"Salient system","coords":[691.5,613.500784],"averageTravelTime":"","continuity":{"canon":"","legends":"YES","unlicensed":""},"desc":"","placementCert":""},{"text":"Reltooine system","coords":[680.862226,612.474488],"averageTravelTime":"","continuity":{"canon":"YES","legends":"","unlicensed":""},"desc":"","placementCert":""},{"text":"Cadomai system","coords":[668.11189,612.912273],"averageTravelTime":"","continuity":{"canon":"","legends":"YES","unlicensed":""},"desc":"","placementCert":""},{"text":"Ruuria system","coords":[580.234619,608.058313],"averageTravelTime":"","continuity":{"canon":"","legends":"YES","unlicensed":""},"desc":"","placementCert":""},{"text":"Listehol system","coords":[535.810434,592.340238],"averageTravelTime":"","continuity":{"canon":"","legends":"YES","unlicensed":""},"desc":"","placementCert":""},{"text":"Tantive system","coords":[523.288587,586.181952],"averageTravelTime":"","continuity":{"canon":"","legends":"YES","unlicensed":""},"desc":"","placementCert":""},{"text":"Jelucan system","coords":[518.002555,583.061694],"averageTravelTime":"","continuity":{"canon":"","legends":"YES","unlicensed":""},"desc":"","placementCert":""},{"text":"Doniphon system","coords":[516.309197,580.228943],"averageTravelTime":"","continuity":{"canon":"YES","legends":"","unlicensed":""},"desc":"","placementCert":""},{"text":"Telos system","coords":[508.346799,571.530118],"averageTravelTime":"","continuity":{"canon":"","legends":"YES","unlicensed":""},"desc":"","placementCert":""},{"text":"Shi'kar Straits system","coords":[483.97208,545.233413],"averageTravelTime":"","continuity":{"canon":"","legends":"YES","unlicensed":""},"desc":"","placementCert":""},{"text":"Praadost system","coords":[460.722296,517.319248],"averageTravelTime":"","continuity":{"canon":"","legends":"YES","unlicensed":""},"desc":"","placementCert":""},{"text":"Mirrin system","coords":[436.625,487.625],"averageTravelTime":"","continuity":{"canon":"YES","legends":"","unlicensed":""},"desc":"","placementCert":""},{"text":"Pho Ph'eah system","coords":[429.563443,475.971172],"averageTravelTime":"","continuity":{"canon":"","legends":"YES","unlicensed":""},"desc":"","placementCert":""},{"text":"Serenno system","coords":[408.904958,463.581957],"averageTravelTime":"","continuity":{"canon":"","legends":"YES","unlicensed":""},"desc":"","placementCert":""},{"text":"Toprawa system","coords":[409.280615,443.45764],"averageTravelTime":"","continuity":{"canon":"","legends":"YES","unlicensed":""},"desc":"","placementCert":""},{"text":"Simpla system","coords":[401.595057,432.675743],"averageTravelTime":"","continuity":{"canon":"","legends":"YES","unlicensed":""},"desc":"","placementCert":""},{"text":"Hynah system","coords":[396.839964,425.819562],"averageTravelTime":"","continuity":{"canon":"","legends":"YES","unlicensed":""},"desc":"","placementCert":""},{"text":"Sorrus system","coords":[391.534796,418.901236],"averageTravelTime":"","continuity":{"canon":"","legends":"YES","unlicensed":""},"desc":"","placementCert":""},{"text":"Feriae system","coords":[383.458299,406.055624],"averageTravelTime":"","continuity":{"canon":"","legends":"YES","unlicensed":""},"desc":"","placementCert":""},{"text":"Celanon system","coords":[370.235121,389.066005],"averageTravelTime":"","continuity":{"canon":"","legends":"YES","unlicensed":""},"desc":"","placementCert":""},{"text":"Tierell system","coords":[363.430354,376.413496],"averageTravelTime":"","continuity":{"canon":"","legends":"YES","unlicensed":""},"desc":"","placementCert":""},{"text":"Hijado system","coords":[357.642,369.746],"averageTravelTime":"","continuity":{"canon":"","legends":"YES","unlicensed":""},"desc":"","placementCert":""},{"text":"Botajef system","coords":[346.028683,351.004566],"averageTravelTime":"","continuity":{"canon":"","legends":"YES","unlicensed":""},"desc":"","placementCert":""},{"text":"Harloen system","coords":[329.461413,331.556914],"averageTravelTime":"","continuity":{"canon":"","legends":"YES","unlicensed":""},"desc":"","placementCert":""},{"text":"Bandomeer system","coords":[320.254451,323.155561],"averageTravelTime":"","continuity":{"canon":"","legends":"YES","unlicensed":""},"desc":"","placementCert":""},{"text":"Taris system","coords":[272.772357,291.244921],"averageTravelTime":"","continuity":{"canon":"","legends":"YES","unlicensed":""},"desc":"","placementCert":""},{"text":"Otor system","coords":[263.75,275.005553],"averageTravelTime":"","continuity":{"canon":"YES","legends":"","unlicensed":""},"desc":"","placementCert":""},{"text":"Skorrupon system","coords":[227.513408,252.950479],"averageTravelTime":"","continuity":{"canon":"","legends":"YES","unlicensed":""},"desc":"","placementCert":""},{"text":"Corsin system","coords":[190.105453,233.399693],"averageTravelTime":"","continuity":{"canon":"","legends":"YES","unlicensed":""},"desc":"","placementCert":""},{"text":"Leafar system","coords":[185.863765,231.478928],"averageTravelTime":"","continuity":{"canon":"","legends":"YES","unlicensed":""},"desc":"","placementCert":""},{"text":"Mikkia's system","coords":[183,233.25],"averageTravelTime":"","continuity":{"canon":"YES","legends":"","unlicensed":""},"desc":"","placementCert":""},{"text":"Chennis system","coords":[166.627537,221.892534],"averageTravelTime":"","continuity":{"canon":"","legends":"YES","unlicensed":""},"desc":"","placementCert":""},{"text":"Adin system","coords":[154.761949,215.455628],"averageTravelTime":"","continuity":{"canon":"","legends":"YES","unlicensed":""},"desc":"","placementCert":""},{"text":"Draria system","coords":[148.206827,211.401448],"averageTravelTime":"","continuity":{"canon":"","legends":"YES","unlicensed":""},"desc":"","placementCert":""},{"text":"Viga system","coords":[138.490884,206.517314],"averageTravelTime":"","continuity":{"canon":"","legends":"YES","unlicensed":""},"desc":"","placementCert":""},{"text":"Kidriff system","coords":[120.501877,192.98712],"averageTravelTime":"","continuity":{"canon":"","legends":"YES","unlicensed":""},"desc":"","placementCert":""},{"text":"Nessem system","coords":[112.627585,186.354748],"averageTravelTime":"","continuity":{"canon":"","legends":"YES","unlicensed":""},"desc":"","placementCert":""},{"text":"Bogden system","coords":[105.762828,178.280045],"averageTravelTime":"","continuity":{"canon":"","legends":"YES","unlicensed":""},"desc":"","placementCert":""},{"text":"Hevurion system","coords":[94.90625,167.84375],"averageTravelTime":"","continuity":{"canon":"YES","legends":"","unlicensed":""},"desc":"","placementCert":""},{"text":"Paqualis system","coords":[96.175251,166.368206],"averageTravelTime":"","continuity":{"canon":"YES","legends":"","unlicensed":""},"desc":"","placementCert":""},{"text":"Per Lupelo system","coords":[87.591309,154.534506],"averageTravelTime":"","continuity":{"canon":"","legends":"YES","unlicensed":""},"desc":"","placementCert":""},{"text":"Drearia system","coords":[79.408557,142.632322],"averageTravelTime":"","continuity":{"canon":"","legends":"YES","unlicensed":""},"desc":"","placementCert":""},{"text":"Chagri system","coords":[71.454924,130.10247],"averageTravelTime":"","continuity":{"canon":"","legends":"YES","unlicensed":""},"desc":"","placementCert":""},{"text":"Eeropha system","coords":[64.306188,115.244757],"averageTravelTime":"","continuity":{"canon":"","legends":"YES","unlicensed":""},"desc":"","placementCert":""},{"text":"Uviuy Exen system","coords":[55.574719,89.117516],"averageTravelTime":"","continuity":{"canon":"","legends":"YES","unlicensed":""},"desc":"","placementCert":""},{"text":"Wakeelmui system","coords":[53.619669,70.292864],"averageTravelTime":"","continuity":{"canon":"","legends":"YES","unlicensed":""},"desc":"","placementCert":""},{"text":"Brentaal system","coords":[59.849094,36.264404],"averageTravelTime":"","continuity":{"canon":"","legends":"YES","unlicensed":""},"desc":"","placementCert":""},{"text":"Skako system","coords":[75.84569,10.221973],"averageTravelTime":"","continuity":{"canon":"","legends":"YES","unlicensed":""},"desc":"","placementCert":""},{"text":"Aldraig system","coords":[104.098568,-19.669217],"averageTravelTime":"","continuity":{"canon":"","legends":"YES","unlicensed":""},"desc":"","placementCert":""},{"text":"Demophon system","coords":[118.539895,-33.006208],"averageTravelTime":"","continuity":{"canon":"","legends":"YES","unlicensed":""},"desc":"","placementCert":""},{"text":"Glithnos system","coords":[125.941824,-41.302816],"averageTravelTime":"","continuity":{"canon":"","legends":"YES","unlicensed":""},"desc":"","placementCert":""},{"text":"Fedalle system","coords":[139.008579,-54.47756],"averageTravelTime":"","continuity":{"canon":"","legends":"YES","unlicensed":""},"desc":"","placementCert":""},{"text":"Talravin system","coords":[151.256528,-74.29063],"averageTravelTime":"","continuity":{"canon":"","legends":"YES","unlicensed":""},"desc":"","placementCert":""},{"text":"Ruul system","coords":[159.365706,-90.530834],"averageTravelTime":"","continuity":{"canon":"","legends":"YES","unlicensed":""},"desc":"","placementCert":""},{"text":"Trellen system","coords":[163.858919,-100.731641],"averageTravelTime":"","continuity":{"canon":"","legends":"YES","unlicensed":""},"desc":"","placementCert":""},{"text":"Mawan system","coords":[168.18923,-111.127299],"averageTravelTime":"","continuity":{"canon":"","legends":"YES","unlicensed":""},"desc":"","placementCert":""},{"text":"Loretto system","coords":[176.166727,-132.656929],"averageTravelTime":"","continuity":{"canon":"","legends":"YES","unlicensed":""},"desc":"","placementCert":""},{"text":"Baraboo system","coords":[180.614387,-146.785625],"averageTravelTime":"","continuity":{"canon":"","legends":"YES","unlicensed":""},"desc":"","placementCert":""},{"text":"Bellassa system","coords":[182.571686,-152.835458],"averageTravelTime":"","continuity":{"canon":"","legends":"YES","unlicensed":""},"desc":"","placementCert":""},{"text":"Jaciprus system","coords":[186.486284,-166.358613],"averageTravelTime":"","continuity":{"canon":"","legends":"YES","unlicensed":""},"desc":"","placementCert":""},{"text":"Voktunma system","coords":[188.443582,-172.23051],"averageTravelTime":"","continuity":{"canon":"","legends":"YES","unlicensed":""},"desc":"","placementCert":""},{"text":"Exodeen system","coords":[198.498843,-207.750827],"averageTravelTime":"","continuity":{"canon":"","legends":"YES","unlicensed":""},"desc":"","placementCert":""},{"text":"Boudolayz system","coords":[200.958325,-213.151496],"averageTravelTime":"","continuity":{"canon":"","legends":"YES","unlicensed":""},"desc":"","placementCert":""},{"text":"Herzob system","coords":[202.947493,-219.678455],"averageTravelTime":"","continuity":{"canon":"","legends":"YES","unlicensed":""},"desc":"","placementCert":""},{"text":"Besnia system","coords":[207.244425,-230.93592],"averageTravelTime":"","continuity":{"canon":"","legends":"YES","unlicensed":""},"desc":"","placementCert":""},{"text":"Koensayr system","coords":[210.047387,-240.9465],"averageTravelTime":"","continuity":{"canon":"","legends":"YES","unlicensed":""},"desc":"","placementCert":""},{"text":"Suntilla system","coords":[211.8125,-244],"averageTravelTime":"","continuity":{"canon":"YES","legends":"","unlicensed":""},"desc":"","placementCert":""},{"text":"Ubardia's system","coords":[213.90625,-249.875],"averageTravelTime":"","continuity":{"canon":"YES","legends":"","unlicensed":""},"desc":"","placementCert":""},{"text":"Aquilae system","coords":[215.012635,-261.207915],"averageTravelTime":"","continuity":{"canon":"","legends":"YES","unlicensed":""},"desc":"","placementCert":""},{"text":"Korbori's system","coords":[217.9062,-266],"averageTravelTime":"","continuity":{"canon":"","legends":"YES","unlicensed":""},"desc":"","placementCert":""},{"text":"Candovant system","coords":[224.5625,-292.875],"averageTravelTime":"","continuity":{"canon":"YES","legends":"","unlicensed":""},"desc":"","placementCert":""},{"text":"Mardona system","coords":[226.500444,-306.253108],"averageTravelTime":"","continuity":{"canon":"YES","legends":"","unlicensed":""},"desc":"","placementCert":""},{"text":"Denon system","coords":[228.371169,-316.603224],"averageTravelTime":"","continuity":{"canon":"YES","legends":"","unlicensed":""},"desc":"","placementCert":""},{"text":"Sagar system","coords":[230.696506,-335.194547],"averageTravelTime":"","continuity":{"canon":"","legends":"YES","unlicensed":""},"desc":"","placementCert":""},{"text":"Ronyards system","coords":[231.116971,-350.331281],"averageTravelTime":"","continuity":{"canon":"","legends":"YES","unlicensed":""},"desc":"","placementCert":""},{"text":"Chardaan system","coords":[233.048488,-398.958853],"averageTravelTime":"","continuity":{"canon":"","legends":"YES","unlicensed":""},"desc":"","placementCert":""},{"text":"Babbadod system","coords":[234.6739,-401.3863],"averageTravelTime":"","continuity":{"canon":"","legends":"YES","unlicensed":""},"desc":"","placementCert":""},{"text":"Nordra system","coords":[234.4418,-431.076953],"averageTravelTime":"","continuity":{"canon":"","legends":"YES","unlicensed":""},"desc":"","placementCert":""},{"text":"Perithal system","coords":[233.048488,-438.359553],"averageTravelTime":"","continuity":{"canon":"","legends":"YES","unlicensed":""},"desc":"","placementCert":""},{"text":"Shibric system","coords":[235.531851,-436.526569],"averageTravelTime":"","continuity":{"canon":"","legends":"YES","unlicensed":""},"desc":"","placementCert":""},{"text":"Baroli system","coords":[233.696174,-478.392717],"averageTravelTime":"","continuity":{"canon":"","legends":"YES","unlicensed":""},"desc":"","placementCert":""},{"text":"Gacerian system","coords":[232.694276,-511.927185],"averageTravelTime":"","continuity":{"canon":"","legends":"YES","unlicensed":""},"desc":"","placementCert":""},{"text":"Ragith system","coords":[230.97418,-525.687952],"averageTravelTime":"","continuity":{"canon":"","legends":"YES","unlicensed":""},"desc":"","placementCert":""},{"text":"Majoor system","coords":[230.114132,-542.028861],"averageTravelTime":"","continuity":{"canon":"","legends":"YES","unlicensed":""},"desc":"","placementCert":""},{"text":"Ramordia system","coords":[228.107354,-556.649675],"averageTravelTime":"","continuity":{"canon":"","legends":"YES","unlicensed":""},"desc":"","placementCert":""},{"text":"Arrgaw system","coords":[222.660384,-605.959087],"averageTravelTime":"","continuity":{"canon":"","legends":"YES","unlicensed":""},"desc":"","placementCert":""},{"text":"Pax system","coords":[220.08024,-620.579901],"averageTravelTime":"","continuity":{"canon":"","legends":"YES","unlicensed":""},"desc":"","placementCert":""},{"text":"ZeHeth system","coords":[212.564875,-667.598543],"averageTravelTime":"","continuity":{"canon":"","legends":"YES","unlicensed":""},"desc":"","placementCert":""},{"text":"Malastare system","coords":[208.525737,-683.553136],"averageTravelTime":"","continuity":{"canon":"","legends":"YES","unlicensed":""},"desc":"","placementCert":""},{"text":"Chryya system","coords":[197.418109,-729.195389],"averageTravelTime":"","continuity":{"canon":"","legends":"YES","unlicensed":""},"desc":"","placementCert":""},{"text":"Aquilaris system","coords":[195.5,-736.683],"averageTravelTime":"","continuity":{"canon":"","legends":"YES","unlicensed":""},"desc":"","placementCert":""},{"text":"Kamasto system","coords":[193.25,-742.029],"averageTravelTime":"","continuity":{"canon":"","legends":"YES","unlicensed":""},"desc":"","placementCert":""},{"text":"Ventruun system","coords":[191.875,-746.966],"averageTravelTime":"","continuity":{"canon":"","legends":"YES","unlicensed":""},"desc":"","placementCert":""},{"text":"Oranessan system","coords":[189.375,-752.654],"averageTravelTime":"","continuity":{"canon":"","legends":"YES","unlicensed":""},"desc":"","placementCert":""},{"text":"Knel'char system / Darkknell system","coords":[187.654636,-754.0736],"averageTravelTime":"","continuity":{"canon":"","legends":"YES","unlicensed":""},"desc":"","placementCert":""},{"text":"Tanta Aurek system","coords":[185.625,-764.683],"averageTravelTime":"","continuity":{"canon":"","legends":"YES","unlicensed":""},"desc":"","placementCert":""},{"text":"Cmaoli Di system","coords":[182.738793,-772.023719],"averageTravelTime":"","continuity":{"canon":"","legends":"YES","unlicensed":""},"desc":"","placementCert":""},{"text":"Eriadu system","coords":[154.426377,-829.149199],"averageTravelTime":"","continuity":{"canon":"","legends":"YES","unlicensed":""},"desc":"","placementCert":""},{"text":"Averam system","coords":[144.110572,-846.491043],"averageTravelTime":"","continuity":{"canon":"","legends":"YES","unlicensed":""},"desc":"","placementCert":""},{"text":"Rogue Antar system","coords":[111.430497,-898.038498],"averageTravelTime":"","continuity":{"canon":"","legends":"YES","unlicensed":""},"desc":"","placementCert":""},{"text":"Shumavar system","coords":[88.74765,-923.160302],"averageTravelTime":"","continuity":{"canon":"","legends":"YES","unlicensed":""},"desc":"","placementCert":""},{"text":"Atravis system","coords":[70.964408,-945.641003],"averageTravelTime":"","continuity":{"canon":"","legends":"YES","unlicensed":""},"desc":"","placementCert":""},{"text":"Tosste system","coords":[33.216962,-989.008626],"averageTravelTime":"","continuity":{"canon":"","legends":"YES","unlicensed":""},"desc":"","placementCert":""},{"text":"Rutan system","coords":[9.729661,-1015.180189],"averageTravelTime":"","continuity":{"canon":"","legends":"YES","unlicensed":""},"desc":"","placementCert":""},{"text":"Fwatna system","coords":[-27.850019,-1051.417738],"averageTravelTime":"","continuity":{"canon":"","legends":"YES","unlicensed":""},"desc":"","placementCert":""},{"text":"Terminus system","coords":[-72.475889,-1093.806722],"averageTravelTime":"","continuity":{"canon":"","legends":"YES","unlicensed":""},"desc":"","placementCert":""},{"text":"Imynusoph system","coords":[-105.134421,-1124.116524],"averageTravelTime":"","continuity":{"canon":"","legends":"YES","unlicensed":""},"desc":"","placementCert":""}],[{"text":"Cadomai system","coords":[668.11189,612.912273]},{"text":"Ruuria system","coords":[580.234619,608.058313],"averageTravelTime":"","continuity":{"canon":"YES","legends":"","unlicensed":""},"desc":"","placementCert":""},{"text":"Listehol system","coords":[535.810434,592.340238],"averageTravelTime":"","continuity":{"canon":"YES","legends":"","unlicensed":""},"desc":"","placementCert":""}],[{"text":"Mirrin system","coords":[436.625,487.625]},{"text":"Pho Ph'eah system","coords":[429.563443,475.971172],"averageTravelTime":"","continuity":{"canon":"YES","legends":"","unlicensed":""},"desc":"","placementCert":""}],[{"text":"Feriae system","coords":[383.458299,406.055624]},{"text":"Celanon system","coords":[370.235121,389.066005],"averageTravelTime":"","continuity":{"canon":"YES","legends":"","unlicensed":""},"desc":"","placementCert":""}],[{"text":"Korbori's system","coords":[217.9062,-266]},{"text":"Candovant system","coords":[224.5625,-292.875],"averageTravelTime":"","continuity":{"canon":"YES","legends":"","unlicensed":""},"desc":"","placementCert":""}],[{"text":"Pax system","coords":[220.08024,-620.579901]},{"text":"ZeHeth system","coords":[212.564875,-667.598543],"averageTravelTime":"","continuity":{"canon":"YES","legends":"","unlicensed":""},"desc":"","placementCert":""},{"text":"Malastare system","coords":[208.525737,-683.553136],"averageTravelTime":"","continuity":{"canon":"YES","legends":"","unlicensed":""},"desc":"","placementCert":""},{"text":"Darkknell system","coords":[187.654636,-754.0736],"averageTravelTime":"","continuity":{"canon":"YES","legends":"","unlicensed":""},"desc":"","placementCert":""}],[{"text":"Orish's system","coords":[173.5625,-790.03125]},{"text":"Eriadu system","coords":[154.426377,-829.149199],"averageTravelTime":"","continuity":{"canon":"YES","legends":"","unlicensed":""},"desc":"","placementCert":""}],[{"text":"Rogue Antar system","coords":[111.430497,-898.038498]},{"text":"Shumavar system","coords":[88.74765,-923.160302],"averageTravelTime":"","continuity":{"canon":"YES","legends":"","unlicensed":""},"desc":"","placementCert":""},{"text":"Atravis system","coords":[70.964408,-945.641003],"averageTravelTime":"","continuity":{"canon":"YES","legends":"","unlicensed":""},"desc":"","placementCert":""}],[{"text":"Terminus system","coords":[-72.475889,-1093.806722]},{"text":"Imynusoph system","coords":[-105.134421,-1124.116524],"averageTravelTime":"","continuity":{"canon":"YES","legends":"","unlicensed":""},"desc":"","placementCert":""}]]}},{"type":"Feature","geometry":{"type":"MultiLineString","coordinates":[[[701.22394,485.423807],[689,491.375]]]},"properties":{"ID":"018f6862-e82f-7e61-82fd-a9afd8ba955f","NAME":"Hyperlane GH972","ALT_NAMES":"","TYPE":"Hyperspace Route","PARENT_ID":"","PARENT_NAME":"","DATE_FROM":"","DATE_TO":"","CANON":"","LEGENDS":"YES","UNLICENSED":"","LEVEL":"3","ZOOM_LEVEL":"","CONJECTURAL_NAME":"","URLS":"https://starwars.fandom.com/wiki/Hyperlane_GH972","DESC":"","color":"","weight":"","opacity":"","smoothFactor":"","SECTIONS_PROPERTIES":[[{"text":"Refrax system","coords":[701.22394,485.423807]},{"text":"Kestel system","coords":[689,491.375],"averageTravelTime":"","continuity":{"canon":"","legends":"YES","unlicensed":""},"desc":"","placementCert":""}]]}},{"type":"Feature","geometry":{"type":"MultiLineString","coordinates":[[[678.100288,84.914635],[702.484411,63.521873],[704.841241,59.714687],[684.102405,27.749132],[692.476166,3.708335],[691.936157,-30.669002]]]},"properties":{"ID":"018f6862-e82f-7c26-9697-81ffaaf56dd0","NAME":"Ilosian Spur","ALT_NAMES":"","TYPE":"Hyperspace Route","PARENT_ID":"","PARENT_NAME":"","DATE_FROM":"","DATE_TO":"","CANON":"","LEGENDS":"YES","UNLICENSED":"","LEVEL":"3","ZOOM_LEVEL":"","CONJECTURAL_NAME":"","URLS":"https://starwars.fandom.com/wiki/Ilosian_Spur","DESC":"","color":"","weight":"","opacity":"","smoothFactor":"","SECTIONS_PROPERTIES":[[{"text":"Saari Ha system / Bimmisaari system","coords":[678.100288,84.914635]},{"text":"Xoman system","coords":[702.484411,63.521873],"averageTravelTime":"","continuity":{"canon":"","legends":"YES","unlicensed":""},"desc":"","placementCert":""},{"text":"Boz Pity system","coords":[704.841241,59.714687],"averageTravelTime":"","continuity":{"canon":"","legends":"YES","unlicensed":""},"desc":"","placementCert":""},{"text":"Alee system","coords":[684.102405,27.749132],"averageTravelTime":"","continuity":{"canon":"","legends":"YES","unlicensed":""},"desc":"","placementCert":""},{"text":"Tal Nami system","coords":[692.476166,3.708335],"averageTravelTime":"","continuity":{"canon":"","legends":"YES","unlicensed":""},"desc":"","placementCert":""},{"text":"Ilos Minor system","coords":[691.936157,-30.669002],"averageTravelTime":"","continuity":{"canon":"","legends":"YES","unlicensed":""},"desc":"","placementCert":""}]]}},{"type":"Feature","geometry":{"type":"MultiLineString","coordinates":[[[-95.223,-854.071],[155.028272,-781.267757]]]},"properties":{"ID":"018f6862-e82f-7a9d-a1bd-e3e6cf49f58c","NAME":"Incisor Sidestep","ALT_NAMES":"","TYPE":"Hyperspace Route","PARENT_ID":"","PARENT_NAME":"","DATE_FROM":"","DATE_TO":"","CANON":"","LEGENDS":"YES","UNLICENSED":"","LEVEL":"4","ZOOM_LEVEL":"","CONJECTURAL_NAME":"","URLS":"https://starwars.fandom.com/wiki/Incisor_Sidestep","DESC":"","color":"","weight":"","opacity":"","smoothFactor":"","SECTIONS_PROPERTIES":[[{"text":"Anoat system","coords":[-95.223,-854.071]},{"text":"Sullust system","coords":[155.028272,-781.267757],"averageTravelTime":"","continuity":{"canon":"","legends":"YES","unlicensed":""},"desc":"","placementCert":""}]]}},{"type":"Feature","geometry":{"type":"MultiLineString","coordinates":[[[772.303748,379.804814],[778.487584,372.007191],[777.125,359.000367],[771.722487,354.383192],[766.951173,344.225556]]]},"properties":{"ID":"018f6862-e82f-7950-ba00-335c53e62442","NAME":"Indrexu Route","ALT_NAMES":"Ihala Route","TYPE":"Hyperspace Route","PARENT_ID":"","PARENT_NAME":"","DATE_FROM":"","DATE_TO":"","CANON":"","LEGENDS":"YES","UNLICENSED":"","LEVEL":"2","ZOOM_LEVEL":"","CONJECTURAL_NAME":"","URLS":"https://starwars.fandom.com/wiki/Indrexu_Route","DESC":"","color":"","weight":"","opacity":"","smoothFactor":"","SECTIONS_PROPERTIES":[[{"text":"Dravione system","coords":[772.303748,379.804814]},{"text":"Argai system","coords":[778.487584,372.007191],"averageTravelTime":"","continuity":{"canon":"","legends":"YES","unlicensed":""},"desc":"","placementCert":""},{"text":"Corlass system","coords":[777.125,359.000367],"averageTravelTime":"","continuity":{"canon":"","legends":"YES","unlicensed":""},"desc":"","placementCert":""},{"text":"Panna system","coords":[771.722487,354.383192],"averageTravelTime":"","continuity":{"canon":"","legends":"YES","unlicensed":""},"desc":"","placementCert":""},{"text":"Derellium system","coords":[766.951173,344.225556],"averageTravelTime":"","continuity":{"canon":"","legends":"YES","unlicensed":""},"desc":"","placementCert":""}]]}},{"type":"Feature","geometry":{"type":"MultiLineString","coordinates":[[[680.862226,612.474488],[680.687004,605.086896],[680.5625,600.187345],[695.925193,587.525009],[714.564113,584.337478],[730.14497,585.8813]]]},"properties":{"ID":"018f6862-e82f-76f3-893d-3e3866bdac79","NAME":"Intra-Sector Spur","ALT_NAMES":"","TYPE":"Hyperspace Route","PARENT_ID":"","PARENT_NAME":"","DATE_FROM":"","DATE_TO":"","CANON":"","LEGENDS":"YES","UNLICENSED":"","LEVEL":"2","ZOOM_LEVEL":"","CONJECTURAL_NAME":"","URLS":"https://starwars.fandom.com/wiki/Intra-Sector_Spur","DESC":"","color":"","weight":"","opacity":"","smoothFactor":"","SECTIONS_PROPERTIES":[[{"text":"Reltooine system","coords":[680.862226,612.474488]},{"text":"Knolstee system","coords":[680.687004,605.086896],"averageTravelTime":"","continuity":{"canon":"","legends":"YES","unlicensed":""},"desc":"","placementCert":""},{"text":"Kail system","coords":[680.5625,600.187345],"averageTravelTime":"","continuity":{"canon":"","legends":"YES","unlicensed":""},"desc":"","placementCert":""},{"text":"Craci system","coords":[695.925193,587.525009],"averageTravelTime":"","continuity":{"canon":"","legends":"YES","unlicensed":""},"desc":"","placementCert":""},{"text":"Jerrist system","coords":[714.564113,584.337478],"averageTravelTime":"","continuity":{"canon":"","legends":"YES","unlicensed":""},"desc":"","placementCert":""},{"text":"Biewa system","coords":[730.14497,585.8813],"averageTravelTime":"","continuity":{"canon":"","legends":"YES","unlicensed":""},"desc":"","placementCert":""}]]}},{"type":"Feature","geometry":{"type":"MultiLineString","coordinates":[[[-87.474,-858.066],[-81.706,-858.899],[-82.09,-863.11]]]},"properties":{"ID":"018f6862-e82f-745d-97aa-6cb8783f4343","NAME":"Ione-Isis hyperroute","ALT_NAMES":"","TYPE":"Hyperspace Route","PARENT_ID":"","PARENT_NAME":"","DATE_FROM":"","DATE_TO":"","CANON":"","LEGENDS":"YES","UNLICENSED":"","LEVEL":"4","ZOOM_LEVEL":"","CONJECTURAL_NAME":"","URLS":"https://starwars.fandom.com/wiki/Ione%E2%80%93Isis_hyperroute","DESC":"","color":"","weight":"","opacity":"","smoothFactor":"","SECTIONS_PROPERTIES":[[{"text":"Ione system","coords":[-87.474,-858.066]},{"text":"Burnin Konn system","coords":[-81.706,-858.899],"averageTravelTime":"","continuity":{"canon":"","legends":"YES","unlicensed":""},"desc":"","placementCert":""},{"text":"Isis system","coords":[-82.09,-863.11],"averageTravelTime":"","continuity":{"canon":"","legends":"YES","unlicensed":""},"desc":"","placementCert":""}]]}},{"type":"Feature","geometry":{"type":"MultiLineString","coordinates":[[[-90.985,-845.786],[-94.094,-847.937],[-97.057868,-850.335128],[-95.223,-854.071],[-95.779077,-858.221005],[-91.156,-861.241],[-88.722,-861.646]]]},"properties":{"ID":"018f6862-e82f-78c1-adb5-206a5698d299","NAME":"Ison Corridor","ALT_NAMES":"Ison Trade Corridor","TYPE":"Hyperspace Route","PARENT_ID":"","PARENT_NAME":"","DATE_FROM":"","DATE_TO":"","CANON":"YES","LEGENDS":"YES","UNLICENSED":"","LEVEL":"3","ZOOM_LEVEL":"","CONJECTURAL_NAME":"","URLS":"https://starwars.fandom.com/wiki/Ison_Trade_Corridor,https://starwars.fandom.com/wiki/Ison_Corridor","DESC":"","color":"","weight":"","opacity":"","smoothFactor":"","SECTIONS_PROPERTIES":[[{"text":"Indellian system","coords":[-90.985,-845.786]},{"text":"Varonat system","coords":[-94.094,-847.937],"averageTravelTime":"","continuity":{"canon":"","legends":"YES","unlicensed":""},"desc":"","placementCert":""},{"text":"Bespin system","coords":[-97.057868,-850.335128],"averageTravelTime":"","continuity":{"canon":"","legends":"YES","unlicensed":""},"desc":"","placementCert":""},{"text":"Anoat system","coords":[-95.223,-854.071],"averageTravelTime":"","continuity":{"canon":"","legends":"YES","unlicensed":""},"desc":"","placementCert":""},{"text":"Hoth system","coords":[-95.779077,-858.221005],"averageTravelTime":"","continuity":{"canon":"","legends":"YES","unlicensed":""},"desc":"","placementCert":""},{"text":"Ison system","coords":[-91.156,-861.241],"averageTravelTime":"","continuity":{"canon":"","legends":"YES","unlicensed":""},"desc":"","placementCert":""},{"text":"Mataou system","coords":[-88.722,-861.646],"averageTravelTime":"","continuity":{"canon":"","legends":"YES","unlicensed":""},"desc":"","placementCert":""}]]}},{"type":"Feature","geometry":{"type":"MultiLineString","coordinates":[[[233.048488,-398.958853],[227.475007,-402.133313],[223.338371,-413.821469],[220.001157,-428.748768]]]},"properties":{"ID":"018f6862-e82f-7545-8c68-f27271eb1fee","NAME":"Itani Run","ALT_NAMES":"","TYPE":"Hyperspace Route","PARENT_ID":"","PARENT_NAME":"","DATE_FROM":"-3703","DATE_TO":"","CANON":"","LEGENDS":"YES","UNLICENSED":"","LEVEL":"3","ZOOM_LEVEL":"","CONJECTURAL_NAME":"","URLS":"https://starwars.fandom.com/wiki/Itani_Run","DESC":"","color":"","weight":"","opacity":"","smoothFactor":"","SECTIONS_PROPERTIES":[[{"text":"Chardaan system","coords":[233.048488,-398.958853]},{"text":"Kalandis system","coords":[227.475007,-402.133313],"averageTravelTime":"","continuity":{"canon":"","legends":"YES","unlicensed":""},"desc":"","placementCert":""},{"text":"Itani system","coords":[223.338371,-413.821469],"averageTravelTime":"","continuity":{"canon":"","legends":"YES","unlicensed":""},"desc":"","placementCert":""},{"text":"Fremond system","coords":[220.001157,-428.748768],"averageTravelTime":"","continuity":{"canon":"","legends":"YES","unlicensed":""},"desc":"","placementCert":""}]]}},{"type":"Feature","geometry":{"type":"MultiLineString","coordinates":[[[383.458299,406.055624],[405.101559,393.859401],[417.574382,388.290265],[433.166664,382.871671],[461.486679,381.362717],[481.023924,379.312512],[502.576096,383.486097],[508.520788,372.076495],[505.26458,368.337887],[497.063761,364.358078],[492.480951,354.107054],[471.978903,358.689865],[456.119967,366.347982],[443.336337,368.579087],[418.58313,367.553985],[363.430354,376.413496]]]},"properties":{"ID":"018f6862-e82f-736d-897c-98efff1a90c8","NAME":"Junction-Tierell Loop","ALT_NAMES":"","TYPE":"Hyperspace Route","PARENT_ID":"","PARENT_NAME":"","DATE_FROM":"","DATE_TO":"","CANON":"YES","LEGENDS":"YES","UNLICENSED":"","LEVEL":"2","ZOOM_LEVEL":"","CONJECTURAL_NAME":"","URLS":"https://starwars.fandom.com/wiki/Junction-Tierell_Loop,https://starwars.fandom.com/wiki/Junction-Tierell_Loop/Legends","DESC":"","color":"","weight":"","opacity":"","smoothFactor":"","SECTIONS_PROPERTIES":[[{"text":"Feriae system","coords":[383.458299,406.055624]},{"text":"Tertiary Feswe system","coords":[405.101559,393.859401],"averageTravelTime":"","continuity":{"canon":"","legends":"YES","unlicensed":""},"desc":"","placementCert":""},{"text":"Selitan system","coords":[417.574382,388.290265],"averageTravelTime":"","continuity":{"canon":"","legends":"YES","unlicensed":""},"desc":"","placementCert":""},{"text":"Pinoora system","coords":[433.166664,382.871671],"averageTravelTime":"","continuity":{"canon":"","legends":"YES","unlicensed":""},"desc":"","placementCert":""},{"text":"Torque system","coords":[461.486679,381.362717],"averageTravelTime":"","continuity":{"canon":"","legends":"YES","unlicensed":""},"desc":"","placementCert":""},{"text":"Jovan system","coords":[481.023924,379.312512],"averageTravelTime":"","continuity":{"canon":"","legends":"YES","unlicensed":""},"desc":"","placementCert":""},{"text":"Vallusk Cluster","coords":[502.576096,383.486097],"averageTravelTime":"","continuity":{"canon":"","legends":"YES","unlicensed":""},"desc":"","placementCert":""},{"text":"Arkuda system","coords":[508.520788,372.076495],"averageTravelTime":"","continuity":{"canon":"","legends":"YES","unlicensed":""},"desc":"","placementCert":""},{"text":"Gulvitch system","coords":[505.26458,368.337887],"averageTravelTime":"","continuity":{"canon":"","legends":"YES","unlicensed":""},"desc":"","placementCert":""},{"text":"Bronsoon system","coords":[497.063761,364.358078],"averageTravelTime":"","continuity":{"canon":"","legends":"YES","unlicensed":""},"desc":"","placementCert":""},{"text":"Povanaria system","coords":[492.480951,354.107054],"averageTravelTime":"","continuity":{"canon":"","legends":"YES","unlicensed":""},"desc":"","placementCert":""},{"text":"Durgen's Star system","coords":[471.978903,358.689865],"averageTravelTime":"","continuity":{"canon":"","legends":"YES","unlicensed":""},"desc":"","placementCert":""},{"text":"Trinovat system","coords":[456.119967,366.347982],"averageTravelTime":"","continuity":{"canon":"","legends":"YES","unlicensed":""},"desc":"","placementCert":""},{"text":"Near Indosa system","coords":[443.336337,368.579087],"averageTravelTime":"","continuity":{"canon":"","legends":"YES","unlicensed":""},"desc":"","placementCert":""},{"text":"Presbalin system","coords":[418.58313,367.553985],"averageTravelTime":"","continuity":{"canon":"","legends":"YES","unlicensed":""},"desc":"","placementCert":""},{"text":"Tierell system","coords":[363.430354,376.413496],"averageTravelTime":"","continuity":{"canon":"","legends":"YES","unlicensed":""},"desc":"","placementCert":""}]]}},{"type":"Feature","geometry":{"type":"MultiLineString","coordinates":[[[708.751064,-244.042221],[708.635651,-291.187665],[704.496354,-331.066258],[679.716553,-390.415281],[634.608175,-424.439887],[620.431256,-435.265897]]]},"properties":{"ID":"018f6862-e82f-73a9-a4da-57f7f74d775c","NAME":"Kaaga Run","ALT_NAMES":"","TYPE":"Hyperspace Route","PARENT_ID":"","PARENT_NAME":"","DATE_FROM":"","DATE_TO":"","CANON":"","LEGENDS":"YES","UNLICENSED":"","LEVEL":"2","ZOOM_LEVEL":"","CONJECTURAL_NAME":"","URLS":"https://starwars.fandom.com/wiki/Kaaga_Run","DESC":"","color":"","weight":"","opacity":"","smoothFactor":"","SECTIONS_PROPERTIES":[[{"text":"Circumtore system","coords":[708.751064,-244.042221]},{"text":"Carnovia system","coords":[708.635651,-291.187665],"averageTravelTime":"","continuity":{"canon":"","legends":"YES","unlicensed":""},"desc":"","placementCert":""},{"text":"Nar Kaaga system","coords":[704.496354,-331.066258],"averageTravelTime":"","continuity":{"canon":"","legends":"YES","unlicensed":""},"desc":"","placementCert":""},{"text":"Dohlban system","coords":[679.716553,-390.415281],"averageTravelTime":"","continuity":{"canon":"","legends":"YES","unlicensed":""},"desc":"","placementCert":""},{"text":"Void Station system","coords":[634.608175,-424.439887],"averageTravelTime":"","continuity":{"canon":"","legends":"YES","unlicensed":""},"desc":"","placementCert":""},{"text":"Both system","coords":[620.431256,-435.265897],"averageTravelTime":"","continuity":{"canon":"","legends":"YES","unlicensed":""},"desc":"","placementCert":""}]]}},{"type":"Feature","geometry":{"type":"MultiLineString","coordinates":[[[620.504034,502.182797],[616.813981,497.877735],[623.886582,492.342656],[642.644351,490.497629],[660.398,493.439]]]},"properties":{"ID":"018f6862-e82f-796e-be18-002ecea02bee","NAME":"Kamat Aegit","ALT_NAMES":"","TYPE":"Hyperspace Route","PARENT_ID":"","PARENT_NAME":"","DATE_FROM":"","DATE_TO":"","CANON":"","LEGENDS":"YES","UNLICENSED":"","LEVEL":"3","ZOOM_LEVEL":"","CONJECTURAL_NAME":"","URLS":"https://starwars.fandom.com/wiki/Kamat_Aegit","DESC":"","color":"","weight":"","opacity":"","smoothFactor":"","SECTIONS_PROPERTIES":[[{"text":"Begeren system","coords":[620.504034,502.182797]},{"text":"Kalsunor system","coords":[616.813981,497.877735],"averageTravelTime":"","continuity":{"canon":"","legends":"YES","unlicensed":""},"desc":"","placementCert":""},{"text":"Ashas Ree system","coords":[623.886582,492.342656],"averageTravelTime":"","continuity":{"canon":"","legends":"YES","unlicensed":""},"desc":"","placementCert":""},{"text":"Jaguada system","coords":[642.644351,490.497629],"averageTravelTime":"","continuity":{"canon":"","legends":"YES","unlicensed":""},"desc":"","placementCert":""},{"text":"Khar Delba system","coords":[660.398,493.439],"averageTravelTime":"","continuity":{"canon":"","legends":"YES","unlicensed":""},"desc":"","placementCert":""}]]}},{"type":"Feature","geometry":{"type":"MultiLineString","coordinates":[[[616.484397,466.863434],[628.652901,478.504958],[638.800546,483.57878],[642.644351,490.497629]]]},"properties":{"ID":"018f6862-e82f-7279-b20b-e5cd74011393","NAME":"Kamat Krote","ALT_NAMES":"","TYPE":"Hyperspace Route","PARENT_ID":"","PARENT_NAME":"","DATE_FROM":"-5000","DATE_TO":"","CANON":"","LEGENDS":"YES","UNLICENSED":"","LEVEL":"3","ZOOM_LEVEL":"","CONJECTURAL_NAME":"","URLS":"https://starwars.fandom.com/wiki/Kamat_Krote","DESC":"","color":"","weight":"","opacity":"","smoothFactor":"","SECTIONS_PROPERTIES":[[{"text":"Horuset system","coords":[616.484397,466.863434]},{"text":"Bosthirda system","coords":[628.652901,478.504958],"averageTravelTime":"","continuity":{"canon":"","legends":"YES","unlicensed":""},"desc":"","placementCert":""},{"text":"Dromund system","coords":[638.800546,483.57878],"averageTravelTime":"","continuity":{"canon":"","legends":"YES","unlicensed":""},"desc":"","placementCert":""},{"text":"Jaguada system","coords":[642.644351,490.497629],"averageTravelTime":"","continuity":{"canon":"","legends":"YES","unlicensed":""},"desc":"","placementCert":""}]]}},{"type":"Feature","geometry":{"type":"MultiLineString","coordinates":[[[10.9375,-786.3125],[6.5625,-787.3125],[4.3125,-788.375],[3.5625,-791.0625],[5.125,-791.8125],[9.5625,-796.9375]]]},"properties":{"ID":"018f6862-e82f-7174-9450-2aa850a24298","NAME":"Kassido Bypass","ALT_NAMES":"","TYPE":"Hyperspace Route","PARENT_ID":"","PARENT_NAME":"","DATE_FROM":"","DATE_TO":"","CANON":"","LEGENDS":"YES","UNLICENSED":"","LEVEL":"3","ZOOM_LEVEL":"","CONJECTURAL_NAME":"","URLS":"https://starwars.fandom.com/wiki/Kassido_Bypass","DESC":"","color":"","weight":"","opacity":"","smoothFactor":"","SECTIONS_PROPERTIES":[[{"text":"Kassido system","coords":[10.9375,-786.3125]},{"text":"Yhifar system","coords":[6.5625,-787.3125],"averageTravelTime":"","continuity":{"canon":"","legends":"YES","unlicensed":""},"desc":"","placementCert":""},{"text":"Kardura system","coords":[4.3125,-788.375],"averageTravelTime":"","continuity":{"canon":"","legends":"YES","unlicensed":""},"desc":"","placementCert":""},{"text":"Dioll system","coords":[3.5625,-791.0625],"averageTravelTime":"","continuity":{"canon":"","legends":"YES","unlicensed":""},"desc":"","placementCert":""},{"text":"Thermon system","coords":[5.125,-791.8125],"averageTravelTime":"","continuity":{"canon":"","legends":"YES","unlicensed":""},"desc":"","placementCert":""},{"text":"Malador system","coords":[9.5625,-796.9375],"averageTravelTime":"","continuity":{"canon":"","legends":"YES","unlicensed":""},"desc":"","placementCert":""}]]}},{"type":"Feature","geometry":{"type":"MultiLineString","coordinates":[[[96.847856,-516.864946],[68.326071,-525.968997]]]},"properties":{"ID":"018f6862-e82f-7fd2-b7ee-c23cda30b4b3","NAME":"Keller's Void","ALT_NAMES":"","TYPE":"Hyperspace Route","PARENT_ID":"","PARENT_NAME":"","DATE_FROM":"","DATE_TO":"","CANON":"","LEGENDS":"YES","UNLICENSED":"","LEVEL":"3","ZOOM_LEVEL":"","CONJECTURAL_NAME":"","URLS":"https://starwars.fandom.com/wiki/Keller%27s_Void","DESC":"","color":"","weight":"","opacity":"","smoothFactor":"","SECTIONS_PROPERTIES":[[{"text":"Wroona system","coords":[96.847856,-516.864946]},{"text":"Calus system","coords":[68.326071,-525.968997],"averageTravelTime":"","continuity":{"canon":"","legends":"YES","unlicensed":""},"desc":"","placementCert":""}]]}},{"type":"Feature","geometry":{"type":"MultiLineString","coordinates":[[[894.604874,-24.86009],[887.1875,-23],[838.497715,-16.425319],[829.671875,-19.75]]]},"properties":{"ID":"018f6862-e82f-710f-a19e-df03ec4bb47d","NAME":"Kessel Run","ALT_NAMES":"","TYPE":"Hyperspace Route","PARENT_ID":"","PARENT_NAME":"","DATE_FROM":"","DATE_TO":"","CANON":"YES","LEGENDS":"YES","UNLICENSED":"","LEVEL":"3","ZOOM_LEVEL":"","CONJECTURAL_NAME":"","URLS":"https://starwars.fandom.com/wiki/Kessel_Run,https://starwars.fandom.com/wiki/Kessel_Run/Legends","DESC":"","color":"","weight":"","opacity":"","smoothFactor":"","SECTIONS_PROPERTIES":[[{"text":"Formos system","coords":[894.604874,-24.86009]},{"text":"Rion system","coords":[887.1875,-23],"averageTravelTime":"","continuity":{"canon":"","legends":"YES","unlicensed":""},"desc":"","placementCert":""},{"text":"Kessel system","coords":[838.497715,-16.425319],"averageTravelTime":"","continuity":{"canon":"","legends":"YES","unlicensed":""},"desc":"","placementCert":""},{"text":"Oba Diah system","coords":[829.671875,-19.75],"averageTravelTime":"","continuity":{"canon":"YES","legends":"","unlicensed":""},"desc":"","placementCert":""}]]}},{"type":"Feature","geometry":{"type":"MultiLineString","coordinates":[[[838.497715,-16.425319],[826.724,-20.32]]]},"properties":{"ID":"018f6862-e82f-7c50-8687-19182841cf5a","NAME":"Kessel Trade Corridor","ALT_NAMES":"","TYPE":"Hyperspace Route","PARENT_ID":"","PARENT_NAME":"","DATE_FROM":"","DATE_TO":"","CANON":"","LEGENDS":"YES","UNLICENSED":"","LEVEL":"3","ZOOM_LEVEL":"","CONJECTURAL_NAME":"","URLS":"https://starwars.fandom.com/wiki/Kessel_Trade_Corridor","DESC":"","color":"","weight":"","opacity":"","smoothFactor":"","SECTIONS_PROPERTIES":[[{"text":"Kessel system","coords":[838.497715,-16.425319]},{"text":"Zerm system","coords":[826.724,-20.32],"averageTravelTime":"","continuity":{"canon":"","legends":"YES","unlicensed":""},"desc":"","placementCert":""}]]}},{"type":"Feature","geometry":{"type":"MultiLineString","coordinates":[[[251.54,-596.507],[251.902012,-598.792022],[252.175,-601.907]]]},"properties":{"ID":"018f6862-e82f-79c3-ab21-1c266f0cee83","NAME":"Kira Run","ALT_NAMES":"","TYPE":"Hyperspace Route","PARENT_ID":"","PARENT_NAME":"","DATE_FROM":"-70","DATE_TO":"","CANON":"","LEGENDS":"YES","UNLICENSED":"","LEVEL":"2","ZOOM_LEVEL":"","CONJECTURAL_NAME":"","URLS":"https://starwars.fandom.com/wiki/Kira_Run","DESC":"","color":"","weight":"","opacity":"","smoothFactor":"","SECTIONS_PROPERTIES":[[{"text":"Lazerian system","coords":[251.54,-596.507]},{"text":"Kira system","coords":[251.902012,-598.792022],"averageTravelTime":"0:1:0:0","continuity":{"canon":"","legends":"YES","unlicensed":""},"desc":"","placementCert":""},{"text":"Ropagi system","coords":[252.175,-601.907],"averageTravelTime":"0:1:0:0","continuity":{"canon":"","legends":"YES","unlicensed":""},"desc":"","placementCert":""}]]}},{"type":"Feature","geometry":{"type":"MultiLineString","coordinates":[[[728.871637,360.396437],[734.413211,349.794383],[739.343273,345.325578],[743.682082,338.200468]]]},"properties":{"ID":"018f6862-e82f-7d4a-9fbf-064875ad55d6","NAME":"Kismaano Bypass","ALT_NAMES":"","TYPE":"Hyperspace Route","PARENT_ID":"","PARENT_NAME":"","DATE_FROM":"","DATE_TO":"","CANON":"","LEGENDS":"YES","UNLICENSED":"","LEVEL":"3","ZOOM_LEVEL":"","CONJECTURAL_NAME":"","URLS":"https://starwars.fandom.com/wiki/Kismaano_Bypass","DESC":"","color":"","weight":"","opacity":"","smoothFactor":"","SECTIONS_PROPERTIES":[[{"text":"Cadinth system","coords":[728.871637,360.396437]},{"text":"Kismaano system","coords":[734.413211,349.794383],"averageTravelTime":"","continuity":{"canon":"","legends":"YES","unlicensed":""},"desc":"","placementCert":""},{"text":"Gadon system","coords":[739.343273,345.325578],"averageTravelTime":"","continuity":{"canon":"","legends":"YES","unlicensed":""},"desc":"","placementCert":""},{"text":"Arramanx system","coords":[743.682082,338.200468],"averageTravelTime":"","continuity":{"canon":"","legends":"YES","unlicensed":""},"desc":"","placementCert":""}]]}},{"type":"Feature","geometry":{"type":"MultiLineString","coordinates":[[[-108.937127,-841.597856],[-113.25,-841.5625],[-235.488937,-794.455489],[-279.38782,-809.834078]]]},"properties":{"ID":"018f6862-e82f-7709-afa6-44684ea0ce10","NAME":"Koda Spur","ALT_NAMES":"","TYPE":"Hyperspace Route","PARENT_ID":"","PARENT_NAME":"","DATE_FROM":"","DATE_TO":"","CANON":"","LEGENDS":"YES","UNLICENSED":"","LEVEL":"2","ZOOM_LEVEL":"","CONJECTURAL_NAME":"","URLS":"https://starwars.fandom.com/wiki/Koda_Spur,https://starwars.fandom.com/wiki/Koda_Spur/Legends","DESC":"","color":"","weight":"","opacity":"","smoothFactor":"","SECTIONS_PROPERTIES":[[{"text":"Lutrillia system","coords":[-108.937127,-841.597856]},{"text":"Nameless Yarith sector system 2","coords":[-113.25,-841.5625],"averageTravelTime":"","continuity":{"canon":"","legends":"YES","unlicensed":""},"desc":"","placementCert":""},{"text":"Ryoone system","coords":[-235.488937,-794.455489],"averageTravelTime":"","continuity":{"canon":"","legends":"YES","unlicensed":""},"desc":"","placementCert":""},{"text":"Koda Space Station/Koda","coords":[-279.38782,-809.834078],"averageTravelTime":"","continuity":{"canon":"","legends":"YES","unlicensed":""},"desc":"","placementCert":""}]]}},{"type":"Feature","geometry":{"type":"MultiLineString","coordinates":[[[0.113903,0.18186],[0.229188,-7.483109],[1.537314,-11.532072],[0.353771,-13.774575],[1.913896,-24.033515],[2.75,-29.625],[2.062635,-52.16176]]]},"properties":{"ID":"018f6862-e82f-7883-9f0e-69198c5dc3fc","NAME":"Koros Trunk Line","ALT_NAMES":"Carbonite Pipeline","TYPE":"Hyperspace Route","PARENT_ID":"","PARENT_NAME":"","DATE_FROM":"-25000","DATE_TO":"","CANON":"YES","LEGENDS":"YES","UNLICENSED":"","LEVEL":"3","ZOOM_LEVEL":"","CONJECTURAL_NAME":"","URLS":"https://starwars.fandom.com/wiki/Koros_Trunk_Line,https://starwars.fandom.com/wiki/Koros_Trunk_Line/Legends","DESC":"","color":"","weight":"","opacity":"","smoothFactor":"","SECTIONS_PROPERTIES":[[{"text":"Coruscant system/Imperial system/Yuuzhan'tar system","coords":[0.113903,0.18186]},{"text":"Foerost system","coords":[0.229188,-7.483109],"averageTravelTime":"","continuity":{"canon":"","legends":"YES","unlicensed":""},"desc":"","placementCert":""},{"text":"Kaikielius system","coords":[1.537314,-11.532072],"averageTravelTime":"","continuity":{"canon":"","legends":"YES","unlicensed":""},"desc":"","placementCert":""},{"text":"Ruan system","coords":[0.353771,-13.774575],"averageTravelTime":"","continuity":{"canon":"","legends":"YES","unlicensed":""},"desc":"","placementCert":""},{"text":"Jerrilek system","coords":[1.913896,-24.033515],"averageTravelTime":"","continuity":{"canon":"","legends":"YES","unlicensed":""},"desc":"","placementCert":""},{"text":"Nacon system","coords":[2.75,-29.625],"averageTravelTime":"","continuity":{"canon":"YES","legends":"","unlicensed":""},"desc":"","placementCert":""},{"text":"Empress Teta system","coords":[2.062635,-52.16176],"averageTravelTime":"","continuity":{"canon":"YES","legends":"","unlicensed":""},"desc":"","placementCert":""}]]}},{"type":"Feature","geometry":{"type":"MultiLineString","coordinates":[[[523.354622,366.287682],[508.520788,372.076495]]]},"properties":{"ID":"018f6862-e82f-7287-8f08-de5f181199a4","NAME":"Korphir Trace","ALT_NAMES":"","TYPE":"Hyperspace Route","PARENT_ID":"","PARENT_NAME":"","DATE_FROM":"","DATE_TO":"","CANON":"","LEGENDS":"YES","UNLICENSED":"","LEVEL":"2","ZOOM_LEVEL":"","CONJECTURAL_NAME":"","URLS":"https://starwars.fandom.com/wiki/Korphir_Trace","DESC":"","color":"","weight":"","opacity":"","smoothFactor":"","SECTIONS_PROPERTIES":[[{"text":"Korphir system","coords":[523.354622,366.287682]},{"text":"Arkuda system","coords":[508.520788,372.076495],"averageTravelTime":"","continuity":{"canon":"","legends":"YES","unlicensed":""},"desc":"","placementCert":""}]]}},{"type":"Feature","geometry":{"type":"MultiLineString","coordinates":[[[45.75589046,-354.7890056],[47.37250177,-352.5034851],[46.8915265,-350.1910762],[47.35914134,-349.1693141],[45.944929626330115,-346.86997198290317]]]},"properties":{"ID":"018f6862-e82f-7d7d-95ff-cf626eb754df","NAME":"Leozi Route","ALT_NAMES":"","TYPE":"Hyperspace Route","PARENT_ID":"018f6862-e831-7007-8f35-5866539f9dd9","PARENT_NAME":"Procopian Shipping Lane","DATE_FROM":"","DATE_TO":"","CANON":"","LEGENDS":"YES","UNLICENSED":"","LEVEL":"3","ZOOM_LEVEL":"","CONJECTURAL_NAME":"","URLS":"https://starwars.fandom.com/wiki/Leozi_Route","DESC":"","color":"","weight":"","opacity":"","smoothFactor":"","SECTIONS_PROPERTIES":[[{"text":"Javis system","coords":[45.75589046,-354.7890056]},{"text":"Tanya system","coords":[47.37250177,-352.5034851],"averageTravelTime":"","continuity":{"canon":"","legends":"YES","unlicensed":""},"desc":"","placementCert":""},{"text":"Tanzis system","coords":[46.8915265,-350.1910762],"averageTravelTime":"","continuity":{"canon":"","legends":"YES","unlicensed":""},"desc":"","placementCert":""},{"text":"Pozzi system","coords":[47.35914134,-349.1693141],"averageTravelTime":"","continuity":{"canon":"","legends":"YES","unlicensed":""},"desc":"","placementCert":""},{"text":"Tanda system","coords":[45.944929626330115,-346.86997198290317],"averageTravelTime":"","continuity":{"canon":"","legends":"YES","unlicensed":""},"desc":"","placementCert":""}]]}},{"type":"Feature","geometry":{"type":"MultiLineString","coordinates":[[[766.951173,344.225556],[776.875,337.881981],[791.375001,332.009467],[798.355366,324.967787],[814.233517,331.44136]]]},"properties":{"ID":"018f6862-e82f-7c95-98de-04def7b1b336","NAME":"Lesser Cronese Arc","ALT_NAMES":"","TYPE":"Hyperspace Route","PARENT_ID":"","PARENT_NAME":"","DATE_FROM":"","DATE_TO":"","CANON":"","LEGENDS":"YES","UNLICENSED":"","LEVEL":"2","ZOOM_LEVEL":"","CONJECTURAL_NAME":"","URLS":"https://starwars.fandom.com/wiki/Lesser_Cronese_Arc","DESC":"","color":"","weight":"","opacity":"","smoothFactor":"","SECTIONS_PROPERTIES":[[{"text":"Derellium system","coords":[766.951173,344.225556]},{"text":"Eibon system","coords":[776.875,337.881981],"averageTravelTime":"","continuity":{"canon":"","legends":"YES","unlicensed":""},"desc":"","placementCert":""},{"text":"Algor system","coords":[791.375001,332.009467],"averageTravelTime":"","continuity":{"canon":"","legends":"YES","unlicensed":""},"desc":"","placementCert":""},{"text":"Saheelindeel system","coords":[798.355366,324.967787],"averageTravelTime":"","continuity":{"canon":"","legends":"YES","unlicensed":""},"desc":"","placementCert":""},{"text":"Caluula system","coords":[814.233517,331.44136],"averageTravelTime":"","continuity":{"canon":"","legends":"YES","unlicensed":""},"desc":"","placementCert":""}]]}},{"type":"Feature","geometry":{"type":"MultiLineString","coordinates":[[[354.037348,-69.021278],[368.015768,-35.923635],[369.766699,-23.3753],[371.517629,-14.328826],[371.528063,17.267336],[385.816895,37.323622],[401.625738,58.134476],[424.810583,69.482848],[437.554668,71.020027],[453.0791984749753,71.651007],[473.83601,73.01813],[613.030588,71.193516],[678.100288,84.914635],[692.182583,110.911218],[696.984826,122.196488],[748.433391,148.622396],[804.748853,161.360417]]]},"properties":{"ID":"018f6862-e82f-73ac-a6bb-5c06e30e0b42","NAME":"Lesser Lantillian Route","ALT_NAMES":"","TYPE":"Hyperspace Route","PARENT_ID":"","PARENT_NAME":"","DATE_FROM":"","DATE_TO":"","CANON":"","LEGENDS":"YES","UNLICENSED":"","LEVEL":"2","ZOOM_LEVEL":"","CONJECTURAL_NAME":"","URLS":"https://starwars.fandom.com/wiki/Lesser_Lantillian_Route","DESC":"","color":"","weight":"","opacity":"","smoothFactor":"","SECTIONS_PROPERTIES":[[{"text":"Zel system / Zeltros system","coords":[354.037348,-69.021278]},{"text":"Merson system","coords":[368.015768,-35.923635],"averageTravelTime":"","continuity":{"canon":"","legends":"YES","unlicensed":""},"desc":"","placementCert":""},{"text":"Aweris system / Taboon system","coords":[369.766699,-23.3753],"averageTravelTime":"","continuity":{"canon":"","legends":"YES","unlicensed":""},"desc":"","placementCert":""},{"text":"Ambria system / Stenness system","coords":[371.517629,-14.328826],"averageTravelTime":"","continuity":{"canon":"","legends":"YES","unlicensed":""},"desc":"","placementCert":""},{"text":"Japrael system / Onderon system","coords":[371.528063,17.267336],"averageTravelTime":"","continuity":{"canon":"","legends":"YES","unlicensed":""},"desc":"","placementCert":""},{"text":"Porus Vida system","coords":[385.816895,37.323622],"averageTravelTime":"","continuity":{"canon":"","legends":"YES","unlicensed":""},"desc":"","placementCert":""},{"text":"Vena system","coords":[401.625738,58.134476],"averageTravelTime":"","continuity":{"canon":"","legends":"YES","unlicensed":""},"desc":"","placementCert":""},{"text":"Nazzri system","coords":[424.810583,69.482848],"averageTravelTime":"","continuity":{"canon":"","legends":"YES","unlicensed":""},"desc":"","placementCert":""},{"text":"Avenelle system","coords":[437.554668,71.020027],"averageTravelTime":"","continuity":{"canon":"","legends":"YES","unlicensed":""},"desc":"","placementCert":""},{"text":"Uyter system","coords":[453.0791984749753,71.651007],"averageTravelTime":"","continuity":{"canon":"","legends":"YES","unlicensed":""},"desc":"","placementCert":""},{"text":"Thanos system","coords":[473.83601,73.01813],"averageTravelTime":"","continuity":{"canon":"","legends":"YES","unlicensed":""},"desc":"","placementCert":""},{"text":"Charros system","coords":[613.030588,71.193516],"averageTravelTime":"","continuity":{"canon":"","legends":"YES","unlicensed":""},"desc":"","placementCert":""},{"text":"Saari Ha system / Bimmisaari system","coords":[678.100288,84.914635],"averageTravelTime":"","continuity":{"canon":"","legends":"YES","unlicensed":""},"desc":"","placementCert":""},{"text":"Peg Shar system","coords":[692.182583,110.911218],"averageTravelTime":"","continuity":{"canon":"","legends":"YES","unlicensed":""},"desc":"","placementCert":""},{"text":"Pusat Station","coords":[696.984826,122.196488],"averageTravelTime":"","continuity":{"canon":"","legends":"YES","unlicensed":""},"desc":"","placementCert":""},{"text":"Dernatine system","coords":[748.433391,148.622396],"averageTravelTime":"","continuity":{"canon":"","legends":"YES","unlicensed":""},"desc":"","placementCert":""},{"text":"Junkfort system","coords":[804.748853,161.360417],"averageTravelTime":"","continuity":{"canon":"","legends":"YES","unlicensed":""},"desc":"","placementCert":""}]]}},{"type":"Feature","geometry":{"type":"MultiLineString","coordinates":[[[-275.808803,-865.97991],[-247.624043,-872.690567],[-208.702231,-891.480408],[-164.411893,-892.542928],[-134.213936,-887.342169],[-103.4375,-894.875],[-87.239335,-889.690899],[-74.434,-888.603],[-66.915,-883.062],[61.737255,-894.304476],[138.070981,-839.444853],[154.426377,-829.149199]]]},"properties":{"ID":"018f6862-e82f-71e9-bbb5-2f753353fbda","NAME":"Lipsec Run","ALT_NAMES":"","TYPE":"Hyperspace Route","PARENT_ID":"","PARENT_NAME":"","DATE_FROM":"","DATE_TO":"","CANON":"YES","LEGENDS":"YES","UNLICENSED":"","LEVEL":"2","ZOOM_LEVEL":"","CONJECTURAL_NAME":"","URLS":"https://starwars.fandom.com/wiki/Lipsec_Run,https://starwars.fandom.com/wiki/Lipsec_Run/Legends","DESC":"","color":"","weight":"","opacity":"","smoothFactor":"","SECTIONS_PROPERTIES":[[{"text":"Lipsec system","coords":[-275.808803,-865.97991]},{"text":"Virgillia system","coords":[-247.624043,-872.690567],"averageTravelTime":"","continuity":{"canon":"","legends":"YES","unlicensed":""},"desc":"","placementCert":""},{"text":"Sump system","coords":[-208.702231,-891.480408],"averageTravelTime":"","continuity":{"canon":"","legends":"YES","unlicensed":""},"desc":"","placementCert":""},{"text":"Keskin system","coords":[-164.411893,-892.542928],"averageTravelTime":"","continuity":{"canon":"","legends":"YES","unlicensed":""},"desc":"","placementCert":""},{"text":"Abridon system","coords":[-134.213936,-887.342169],"averageTravelTime":"","continuity":{"canon":"","legends":"YES","unlicensed":""},"desc":"","placementCert":""},{"text":"Nameless Yarith sector system 8","coords":[-103.4375,-894.875],"averageTravelTime":"","continuity":{"canon":"","legends":"YES","unlicensed":""},"desc":"","placementCert":""},{"text":"Isde Naha system","coords":[-87.239335,-889.690899],"averageTravelTime":"","continuity":{"canon":"","legends":"YES","unlicensed":""},"desc":"","placementCert":""},{"text":"Bettel system","coords":[-74.434,-888.603],"averageTravelTime":"","continuity":{"canon":"","legends":"YES","unlicensed":""},"desc":"","placementCert":""},{"text":"Mev system","coords":[-66.915,-883.062],"averageTravelTime":"","continuity":{"canon":"","legends":"YES","unlicensed":""},"desc":"","placementCert":""},{"text":"Kelrodo-Ai system","coords":[61.737255,-894.304476],"averageTravelTime":"","continuity":{"canon":"","legends":"YES","unlicensed":""},"desc":"","placementCert":""},{"text":"Dorvalla system","coords":[138.070981,-839.444853],"averageTravelTime":"","continuity":{"canon":"","legends":"YES","unlicensed":""},"desc":"","placementCert":""},{"text":"Eriadu system","coords":[154.426377,-829.149199],"averageTravelTime":"","continuity":{"canon":"","legends":"YES","unlicensed":""},"desc":"","placementCert":""}]]}},{"type":"Feature","geometry":{"type":"MultiLineString","coordinates":[[[535.810434,592.340238],[539.476624,593.511604],[544.637309,565.449059],[558.695649,557.687341],[562.085784,545.53727],[628.540787,558.318666],[673.241039,553.843536],[706.37142,547.737462]]]},"properties":{"ID":"018f6862-e82f-704d-aeaa-5651ead2f494","NAME":"Listehol Run","ALT_NAMES":"","TYPE":"Hyperspace Route","PARENT_ID":"","PARENT_NAME":"","DATE_FROM":"","DATE_TO":"","CANON":"","LEGENDS":"YES","UNLICENSED":"","LEVEL":"2","ZOOM_LEVEL":"","CONJECTURAL_NAME":"","URLS":"https://starwars.fandom.com/wiki/Listehol_Run","DESC":"","color":"","weight":"","opacity":"","smoothFactor":"","SECTIONS_PROPERTIES":[[{"text":"Listehol system","coords":[535.810434,592.340238]},{"text":"Teagan system","coords":[539.476624,593.511604],"averageTravelTime":"","continuity":{"canon":"","legends":"YES","unlicensed":""},"desc":"","placementCert":""},{"text":"Mirial system","coords":[544.637309,565.449059],"averageTravelTime":"","continuity":{"canon":"","legends":"YES","unlicensed":""},"desc":"","placementCert":""},{"text":"Sagma system","coords":[558.695649,557.687341],"averageTravelTime":"","continuity":{"canon":"","legends":"YES","unlicensed":""},"desc":"","placementCert":""},{"text":"Sikurd system","coords":[562.085784,545.53727],"averageTravelTime":"","continuity":{"canon":"","legends":"YES","unlicensed":""},"desc":"","placementCert":""},{"text":"Gigor system","coords":[628.540787,558.318666],"averageTravelTime":"","continuity":{"canon":"","legends":"YES","unlicensed":""},"desc":"","placementCert":""},{"text":"Kormoran system","coords":[673.241039,553.843536],"averageTravelTime":"","continuity":{"canon":"","legends":"YES","unlicensed":""},"desc":"","placementCert":""},{"text":"Zygerria system","coords":[706.37142,547.737462],"averageTravelTime":"","continuity":{"canon":"","legends":"YES","unlicensed":""},"desc":"","placementCert":""}]]}},{"type":"Feature","geometry":{"type":"MultiLineString","coordinates":[[[515.856074,-614.456715],[528.424468,-695.002968],[532.75,-719.25],[516.426222,-768.500624],[476.497812,-812.119896],[471.422877,-830.049933],[466.054352,-846.15551],[463,-852.25],[452.5,-870.5],[437.534059,-889.103716]]]},"properties":{"ID":"018f6862-e82f-7423-bef3-a5ead716888f","NAME":"Llanic Spice Run","ALT_NAMES":"","TYPE":"Hyperspace Route","PARENT_ID":"","PARENT_NAME":"","DATE_FROM":"","DATE_TO":"","CANON":"YES","LEGENDS":"YES","UNLICENSED":"","LEVEL":"2","ZOOM_LEVEL":"","CONJECTURAL_NAME":"","URLS":"https://starwars.fandom.com/wiki/Llanic_Spice_Run,https://starwars.fandom.com/wiki/Llanic_Spice_Run/Legends","DESC":"","color":"","weight":"","opacity":"","smoothFactor":"","SECTIONS_PROPERTIES":[[{"text":"Mon Gazza system","coords":[515.856074,-614.456715]},{"text":"Llanic system","coords":[528.424468,-695.002968],"averageTravelTime":"","continuity":{"canon":"","legends":"YES","unlicensed":""},"desc":"","placementCert":""},{"text":"Magravia system","coords":[532.75,-719.25],"averageTravelTime":"","continuity":{"canon":"","legends":"YES","unlicensed":""},"desc":"","placementCert":""},{"text":"Socorro system","coords":[516.426222,-768.500624],"averageTravelTime":"","continuity":{"canon":"","legends":"YES","unlicensed":""},"desc":"","placementCert":""},{"text":"Bahalian system","coords":[476.497812,-812.119896],"averageTravelTime":"","continuity":{"canon":"","legends":"YES","unlicensed":""},"desc":"","placementCert":""},{"text":"Andasala system","coords":[471.422877,-830.049933],"averageTravelTime":"","continuity":{"canon":"","legends":"YES","unlicensed":""},"desc":"","placementCert":""},{"text":"Reuss system","coords":[466.054352,-846.15551],"averageTravelTime":"","continuity":{"canon":"","legends":"YES","unlicensed":""},"desc":"","placementCert":""},{"text":"Jermac system","coords":[463,-852.25],"averageTravelTime":"","continuity":{"canon":"","legends":"YES","unlicensed":""},"desc":"","placementCert":""},{"text":"Midani system","coords":[452.5,-870.5],"averageTravelTime":"","continuity":{"canon":"","legends":"YES","unlicensed":""},"desc":"","placementCert":""},{"text":"Spice Terminus","coords":[437.534059,-889.103716],"averageTravelTime":"","continuity":{"canon":"","legends":"YES","unlicensed":""},"desc":"","placementCert":""}]]}},{"type":"Feature","geometry":{"type":"MultiLineString","coordinates":[[[668.1875,620.6875],[686.907569,622.53122],[699.406188,619.393812],[714.476438,607.899504]]]},"properties":{"ID":"018f6862-e82f-75c3-8a9a-838c62b2615b","NAME":"Lo'Uran-Lythos hyperlane","ALT_NAMES":"","TYPE":"Hyperspace Route","PARENT_ID":"","PARENT_NAME":"","DATE_FROM":"","DATE_TO":"","CANON":"","LEGENDS":"YES","UNLICENSED":"","LEVEL":"2","ZOOM_LEVEL":"","CONJECTURAL_NAME":"","URLS":"https://starwars.fandom.com/wiki/Lo%27Uran-Lythos_hyperlane","DESC":"","color":"","weight":"","opacity":"","smoothFactor":"","SECTIONS_PROPERTIES":[[{"text":"Lo'Uran-Lythos hyperlane end","coords":[668.1875,620.6875]},{"text":"Lo'Uran system","coords":[686.907569,622.53122],"averageTravelTime":"","continuity":{"canon":"","legends":"YES","unlicensed":""},"desc":"","placementCert":""},{"text":"Ninn system","coords":[699.406188,619.393812],"averageTravelTime":"","continuity":{"canon":"","legends":"YES","unlicensed":""},"desc":"","placementCert":""},{"text":"Lythos system","coords":[714.476438,607.899504],"averageTravelTime":"","continuity":{"canon":"","legends":"YES","unlicensed":""},"desc":"","placementCert":""}]]}},{"type":"Feature","geometry":{"type":"MultiLineString","coordinates":[[[292.745637,26.274661],[349.27035701125703,50.37132785371986],[353.361056,53.044892],[353.722574,52.757807],[354.082029,52.507748],[354.343806,52.093741],[354.550883,51.734129],[354.867359,51.519235],[355.218072,51.1636895]],[[353.361056,53.044892],[353.5699955,53.880149],[354.093646,54.359346],[353.9722485,54.731032],[354.088187,55.350037],[353.92564,55.808904],[354.261652,56.223064],[354.490441,56.604172],[354.5910045,57.2617405],[354.7926305,57.624682]]]},"properties":{"ID":"018f6862-e82f-7845-8e96-05cb817fd4e8","NAME":"Lorell Route","ALT_NAMES":"","TYPE":"Hyperspace Route","PARENT_ID":"","PARENT_NAME":"","DATE_FROM":"","DATE_TO":"","CANON":"","LEGENDS":"YES","UNLICENSED":"","LEVEL":"3","ZOOM_LEVEL":"","CONJECTURAL_NAME":"","URLS":"https://starwars.fandom.com/wiki/Lorell_Route","DESC":"","color":"","weight":"","opacity":"","smoothFactor":"","SECTIONS_PROPERTIES":[[{"text":"Manress system","coords":[292.745637,26.274661]},{"text":"Lorell system","coords":[349.27035701125703,50.37132785371986],"averageTravelTime":"","continuity":{"canon":"","legends":"YES","unlicensed":""},"desc":"","placementCert":""},{"text":"Andalia system","coords":[353.361056,53.044892],"averageTravelTime":"","continuity":{"canon":"","legends":"YES","unlicensed":""},"desc":"","placementCert":""},{"text":"Hapes Cluster nameless system 76","coords":[353.722574,52.757807],"averageTravelTime":"","continuity":{"canon":"","legends":"YES","unlicensed":""},"desc":"","placementCert":""},{"text":"Hapes Cluster nameless system 77","coords":[354.082029,52.507748],"averageTravelTime":"","continuity":{"canon":"","legends":"YES","unlicensed":""},"desc":"","placementCert":""},{"text":"Hapes Cluster nameless system 78","coords":[354.343806,52.093741],"averageTravelTime":"","continuity":{"canon":"","legends":"YES","unlicensed":""},"desc":"","placementCert":""},{"text":"Hapes Cluster nameless system 79","coords":[354.550883,51.734129],"averageTravelTime":"","continuity":{"canon":"","legends":"YES","unlicensed":""},"desc":"","placementCert":""},{"text":"Hapes Cluster nameless system 80","coords":[354.867359,51.519235],"averageTravelTime":"","continuity":{"canon":"","legends":"YES","unlicensed":""},"desc":"","placementCert":""},{"text":"Chosper system","coords":[355.218072,51.1636895],"averageTravelTime":"","continuity":{"canon":"","legends":"YES","unlicensed":""},"desc":"","placementCert":""}],[{"text":"Andalia system","coords":[353.361056,53.044892]},{"text":"Sennex system","coords":[353.5699955,53.880149],"averageTravelTime":"","continuity":{"canon":"","legends":"YES","unlicensed":""},"desc":"","placementCert":""},{"text":"Hapes Cluster nameless system 1","coords":[354.093646,54.359346],"averageTravelTime":"","continuity":{"canon":"","legends":"YES","unlicensed":""},"desc":"","placementCert":""},{"text":"Daruvvia system","coords":[353.9722485,54.731032],"averageTravelTime":"","continuity":{"canon":"","legends":"YES","unlicensed":""},"desc":"","placementCert":""},{"text":"Ket system","coords":[354.088187,55.350037],"averageTravelTime":"","continuity":{"canon":"","legends":"YES","unlicensed":""},"desc":"","placementCert":""},{"text":"Hapes Cluster nameless system 2","coords":[353.92564,55.808904],"averageTravelTime":"","continuity":{"canon":"","legends":"YES","unlicensed":""},"desc":"","placementCert":""},{"text":"Hapes Cluster nameless system 3","coords":[354.261652,56.223064],"averageTravelTime":"","continuity":{"canon":"","legends":"YES","unlicensed":""},"desc":"","placementCert":""},{"text":"Lovola system","coords":[354.490441,56.604172],"averageTravelTime":"","continuity":{"canon":"","legends":"YES","unlicensed":""},"desc":"","placementCert":""},{"text":"Maires system","coords":[354.5910045,57.2617405],"averageTravelTime":"","continuity":{"canon":"","legends":"YES","unlicensed":""},"desc":"","placementCert":""},{"text":"Vergill system","coords":[354.7926305,57.624682],"averageTravelTime":"","continuity":{"canon":"","legends":"YES","unlicensed":""},"desc":"","placementCert":""}]]}},{"type":"Feature","geometry":{"type":"MultiLineString","coordinates":[[[724.027033,590.375053],[731.672993,592.721972],[738.340157,594.224859]]]},"properties":{"ID":"018f6862-e82f-7bf9-a6a2-33bdc2dad5b8","NAME":"Lucaya Cross","ALT_NAMES":"","TYPE":"Hyperspace Route","PARENT_ID":"","PARENT_NAME":"","DATE_FROM":"","DATE_TO":"","CANON":"","LEGENDS":"YES","UNLICENSED":"","LEVEL":"3","ZOOM_LEVEL":"","CONJECTURAL_NAME":"","URLS":"https://starwars.fandom.com/wiki/Lucaya_Cross","DESC":"","color":"","weight":"","opacity":"","smoothFactor":"","SECTIONS_PROPERTIES":[[{"text":"Media system","coords":[724.027033,590.375053]},{"text":"Lucaya system","coords":[731.672993,592.721972],"averageTravelTime":"","continuity":{"canon":"","legends":"YES","unlicensed":""},"desc":"","placementCert":""},{"text":"Saffalore system","coords":[738.340157,594.224859],"averageTravelTime":"","continuity":{"canon":"","legends":"YES","unlicensed":""},"desc":"","placementCert":""}]]}},{"type":"Feature","geometry":{"type":"MultiLineString","coordinates":[[[-108.937127,-841.597856],[-107.0625,-855.8125],[-97.1875,-871.5],[-88.348,-873.507]]]},"properties":{"ID":"018f6862-e82f-7ec3-a6db-32be5c8508e2","NAME":"Lutrillia-Darlyn Boda trade route","ALT_NAMES":"","TYPE":"Hyperspace Route","PARENT_ID":"","PARENT_NAME":"","DATE_FROM":"-500","DATE_TO":"","CANON":"","LEGENDS":"YES","UNLICENSED":"","LEVEL":"3","ZOOM_LEVEL":"","CONJECTURAL_NAME":"","URLS":"https://starwars.fandom.com/wiki/Lutrillia%E2%80%93Darlyn_Boda_trade_route","DESC":"","color":"","weight":"","opacity":"","smoothFactor":"","SECTIONS_PROPERTIES":[[{"text":"Lutrillia system","coords":[-108.937127,-841.597856]},{"text":"Nameless Yarith sector system 1","coords":[-107.0625,-855.8125],"averageTravelTime":"","continuity":{"canon":"","legends":"YES","unlicensed":""},"desc":"","placementCert":""},{"text":"Nameless Yarith sector system 10","coords":[-97.1875,-871.5],"averageTravelTime":"","continuity":{"canon":"","legends":"YES","unlicensed":""},"desc":"","placementCert":""},{"text":"Darlyn Boda system","coords":[-88.348,-873.507],"averageTravelTime":"","continuity":{"canon":"","legends":"YES","unlicensed":""},"desc":"","placementCert":""}]]}},{"type":"Feature","geometry":{"type":"MultiLineString","coordinates":[[[-108.937127,-841.597856],[-103.0625,-841.25],[-99.5625,-838.875],[-96.64,-834.897],[-89.69991,-837.347773]],[[-108.937127,-841.597856],[-221.016439,-795.719619]]]},"properties":{"ID":"018f6862-e82f-7194-8960-a41894861a84","NAME":"Lutrillian Cross","ALT_NAMES":"","TYPE":"Hyperspace Route","PARENT_ID":"","PARENT_NAME":"","DATE_FROM":"-400","DATE_TO":"","CANON":"YES","LEGENDS":"YES","UNLICENSED":"","LEVEL":"2","ZOOM_LEVEL":"","CONJECTURAL_NAME":"","URLS":"https://starwars.fandom.com/wiki/Lutrillian_Cross,https://starwars.fandom.com/wiki/Lutrillian_Cross/Legends","DESC":"","color":"","weight":"","opacity":"","smoothFactor":"","SECTIONS_PROPERTIES":[[{"text":"Lutrillia system","coords":[-108.937127,-841.597856]},{"text":"Nameless Yarith sector system 6","coords":[-103.0625,-841.25],"averageTravelTime":"","continuity":{"canon":"","legends":"YES","unlicensed":""},"desc":"","placementCert":""},{"text":"Nameless Yarith sector system 7","coords":[-99.5625,-838.875],"averageTravelTime":"","continuity":{"canon":"","legends":"YES","unlicensed":""},"desc":"","placementCert":""},{"text":"Mijos system","coords":[-96.64,-834.897],"averageTravelTime":"","continuity":{"canon":"","legends":"YES","unlicensed":""},"desc":"","placementCert":""},{"text":"Gerrenthum system","coords":[-89.69991,-837.347773],"averageTravelTime":"","continuity":{"canon":"","legends":"YES","unlicensed":""},"desc":"","placementCert":""}],[{"text":"Lutrillia system","coords":[-108.937127,-841.597856]},{"text":"Lotho Minor system","coords":[-221.016439,-795.719619],"averageTravelTime":"","continuity":{"canon":"YES","legends":"","unlicensed":""},"desc":"","placementCert":""}]]}},{"type":"Feature","geometry":{"type":"MultiLineString","coordinates":[[[620.431256,-435.265897],[624.039927,-458.722254],[632.546078,-464.908546],[650.073905,-473.156935],[665.600396,-484.931322],[670.320809,-490.962961],[681.335104,-504.337463],[698.905528,-508.008894],[701.936663,-507.999531],[707.115033,-509.7767],[717.526355,-520.188021],[732.697137,-532.384141],[736.89445,-544.408435],[732.102204,-557.966244]]]},"properties":{"ID":"018f6862-e830-7362-a980-f01f9dcf2fa8","NAME":"Manda Merchant Route","ALT_NAMES":"Manda Merchant Run","TYPE":"Hyperspace Route","PARENT_ID":"","PARENT_NAME":"","DATE_FROM":"-4000","DATE_TO":"","CANON":"YES","LEGENDS":"YES","UNLICENSED":"","LEVEL":"2","ZOOM_LEVEL":"","CONJECTURAL_NAME":"","URLS":"https://starwars.fandom.com/wiki/Manda_Merchant_Run,https://starwars.fandom.com/wiki/Manda_Merchant_Route","DESC":"","color":"","weight":"","opacity":"","smoothFactor":"","SECTIONS_PROPERTIES":[[{"text":"Both system","coords":[620.431256,-435.265897]},{"text":"Kothlis system","coords":[624.039927,-458.722254],"averageTravelTime":"","continuity":{"canon":"","legends":"YES","unlicensed":""},"desc":"","placementCert":""},{"text":"Thoran system","coords":[632.546078,-464.908546],"averageTravelTime":"","continuity":{"canon":"","legends":"YES","unlicensed":""},"desc":"","placementCert":""},{"text":"Zygia system","coords":[650.073905,-473.156935],"averageTravelTime":"","continuity":{"canon":"","legends":"YES","unlicensed":""},"desc":"","placementCert":""},{"text":"Holess system","coords":[665.600396,-484.931322],"averageTravelTime":"","continuity":{"canon":"","legends":"YES","unlicensed":""},"desc":"","placementCert":""},{"text":"Boranda system","coords":[670.320809,-490.962961],"averageTravelTime":"","continuity":{"canon":"","legends":"YES","unlicensed":""},"desc":"","placementCert":""},{"text":"Manda system","coords":[681.335104,-504.337463],"averageTravelTime":"","continuity":{"canon":"","legends":"YES","unlicensed":""},"desc":"","placementCert":""},{"text":"Dennaskar system","coords":[698.905528,-508.008894],"averageTravelTime":"","continuity":{"canon":"","legends":"YES","unlicensed":""},"desc":"","placementCert":""},{"text":"Pastil system","coords":[701.936663,-507.999531],"averageTravelTime":"","continuity":{"canon":"","legends":"","unlicensed":""},"desc":"","placementCert":""},{"text":"Hishyim system","coords":[707.115033,-509.7767],"averageTravelTime":"","continuity":{"canon":"","legends":"YES","unlicensed":""},"desc":"","placementCert":""},{"text":"Rishi system","coords":[717.526355,-520.188021],"averageTravelTime":"","continuity":{"canon":"","legends":"YES","unlicensed":""},"desc":"","placementCert":""},{"text":"Ukio system","coords":[732.697137,-532.384141],"averageTravelTime":"","continuity":{"canon":"","legends":"YES","unlicensed":""},"desc":"","placementCert":""},{"text":"Scarif system","coords":[736.89445,-544.408435],"averageTravelTime":"","continuity":{"canon":"","legends":"YES","unlicensed":""},"desc":"","placementCert":""},{"text":"Molavar system","coords":[732.102204,-557.966244],"averageTravelTime":"","continuity":{"canon":"YES","legends":"","unlicensed":""},"desc":"","placementCert":""}]]}},{"type":"Feature","geometry":{"type":"MultiLineString","coordinates":[[[681.335104,-504.337463],[703.545438,-582.358482]]]},"properties":{"ID":"018f6862-e830-78a4-92aa-0c602739c901","NAME":"Manda-Roon Merchant Route","ALT_NAMES":"","TYPE":"Hyperspace Route","PARENT_ID":"","PARENT_NAME":"","DATE_FROM":"-15","DATE_TO":"","CANON":"","LEGENDS":"YES","UNLICENSED":"","LEVEL":"3","ZOOM_LEVEL":"","CONJECTURAL_NAME":"","URLS":"https://starwars.fandom.com/wiki/Manda-Roon_Merchant_Route","DESC":"","color":"","weight":"","opacity":"","smoothFactor":"","SECTIONS_PROPERTIES":[[{"text":"Manda system","coords":[681.335104,-504.337463]},{"text":"Roon system","coords":[703.545438,-582.358482],"averageTravelTime":"","continuity":{"canon":"","legends":"YES","unlicensed":""},"desc":"","placementCert":""}]]}},{"type":"Feature","geometry":{"type":"MultiLineString","coordinates":[[[190.105453,233.399693],[235.391284,235.379775],[243.042381,251.259205],[262.56891,271.093239],[272.772357,291.244921],[317.304694,307.225006],[327.452339,299.537396],[354.820231,282.932158],[364.103885,272.891027]]]},"properties":{"ID":"018f6862-e830-72b9-95e1-ed4da09f6d87","NAME":"Mandalorian Road","ALT_NAMES":"","TYPE":"Hyperspace Route","PARENT_ID":"","PARENT_NAME":"","DATE_FROM":"-3705","DATE_TO":"","CANON":"","LEGENDS":"YES","UNLICENSED":"","LEVEL":"3","ZOOM_LEVEL":"","CONJECTURAL_NAME":"","URLS":"https://starwars.fandom.com/wiki/Mandalorian_Road","DESC":"","color":"","weight":"","opacity":"","smoothFactor":"","SECTIONS_PROPERTIES":[[{"text":"Corsin system","coords":[190.105453,233.399693]},{"text":"Ploo system","coords":[235.391284,235.379775],"averageTravelTime":"","continuity":{"canon":"","legends":"YES","unlicensed":""},"desc":"","placementCert":""},{"text":"Atreyis system","coords":[243.042381,251.259205],"averageTravelTime":"","continuity":{"canon":"","legends":"YES","unlicensed":""},"desc":"","placementCert":""},{"text":"Jebble system","coords":[262.56891,271.093239],"averageTravelTime":"","continuity":{"canon":"","legends":"YES","unlicensed":""},"desc":"","placementCert":""},{"text":"Taris system","coords":[272.772357,291.244921],"averageTravelTime":"","continuity":{"canon":"","legends":"YES","unlicensed":""},"desc":"","placementCert":""},{"text":"Vanquo system","coords":[317.304694,307.225006],"averageTravelTime":"","continuity":{"canon":"","legends":"YES","unlicensed":""},"desc":"","placementCert":""},{"text":"Flashpoint system","coords":[327.452339,299.537396],"averageTravelTime":"","continuity":{"canon":"","legends":"YES","unlicensed":""},"desc":"","placementCert":""},{"text":"Ordo system","coords":[354.820231,282.932158],"averageTravelTime":"","continuity":{"canon":"","legends":"YES","unlicensed":""},"desc":"","placementCert":""},{"text":"Mandalore system","coords":[364.103885,272.891027],"averageTravelTime":"","continuity":{"canon":"","legends":"YES","unlicensed":""},"desc":"","placementCert":""}]]}},{"type":"Feature","geometry":{"type":"MultiLineString","coordinates":[[[0.113903,0.18186],[-12.924691,1.390859],[-32.816054,-6.587643],[-45.397601,-14.102796],[-73.143967,-34.09321],[-91.214904,-53.938914]]]},"properties":{"ID":"018f6862-e830-7dcb-9efb-ab73d92e39b0","NAME":"Metellos Trade Route","ALT_NAMES":"","TYPE":"Hyperspace Route","PARENT_ID":"","PARENT_NAME":"","DATE_FROM":"-20000","DATE_TO":"","CANON":"YES","LEGENDS":"YES","UNLICENSED":"","LEVEL":"2","ZOOM_LEVEL":"","CONJECTURAL_NAME":"","URLS":"https://starwars.fandom.com/wiki/Metellos_Trade_Route,https://starwars.fandom.com/wiki/Metellos_Trade_Route/Legends","DESC":"","color":"","weight":"","opacity":"","smoothFactor":"","SECTIONS_PROPERTIES":[[{"text":"Coruscant system/Imperial system/Yuuzhan'tar system","coords":[0.113903,0.18186]},{"text":"Metellos system","coords":[-12.924691,1.390859],"averageTravelTime":"","continuity":{"canon":"","legends":"YES","unlicensed":""},"desc":"","placementCert":""},{"text":"Norkronia system","coords":[-32.816054,-6.587643],"averageTravelTime":"","continuity":{"canon":"","legends":"YES","unlicensed":""},"desc":"","placementCert":""},{"text":"Alland system","coords":[-45.397601,-14.102796],"averageTravelTime":"","continuity":{"canon":"","legends":"YES","unlicensed":""},"desc":"","placementCert":""},{"text":"Cal-Seti system","coords":[-73.143967,-34.09321],"averageTravelTime":"","continuity":{"canon":"","legends":"YES","unlicensed":""},"desc":"","placementCert":""},{"text":"Orooturoo system","coords":[-91.214904,-53.938914],"averageTravelTime":"","continuity":{"canon":"","legends":"YES","unlicensed":""},"desc":"","placementCert":""}]]}},{"type":"Feature","geometry":{"type":"MultiLineString","coordinates":[[[-12.924691,1.390859],[-415.170792,244.955364]]]},"properties":{"ID":"018f6862-e830-7a38-a1fd-31bcd243c9c6","NAME":"Metellos-Ilum hyperspace route","ALT_NAMES":"","TYPE":"Hyperspace Route","PARENT_ID":"","PARENT_NAME":"","DATE_FROM":"","DATE_TO":"","CANON":"YES","LEGENDS":"YES","UNLICENSED":"","LEVEL":"4","ZOOM_LEVEL":"","CONJECTURAL_NAME":"","URLS":"https://starwars.fandom.com/wiki/Metellos-Ilum_hyperspace_route,https://starwars.fandom.com/wiki/Metellos-Ilum_hyperspace_route/Legends","DESC":"","color":"","weight":"","opacity":"","smoothFactor":"","SECTIONS_PROPERTIES":[[{"text":"Metellos system","coords":[-12.924691,1.390859]},{"text":"Ilum system","coords":[-415.170792,244.955364],"averageTravelTime":"","continuity":{"canon":"","legends":"YES","unlicensed":""},"desc":"","placementCert":""}]]}},{"type":"Feature","geometry":{"type":"MultiLineString","coordinates":[[[907.731959,330.498024],[902.024314,323.061482]]]},"properties":{"ID":"018f6862-e830-76b1-b36f-6ae54e3c5155","NAME":"Minntooine Spur","ALT_NAMES":"","TYPE":"Hyperspace Route","PARENT_ID":"","PARENT_NAME":"","DATE_FROM":"","DATE_TO":"","CANON":"","LEGENDS":"YES","UNLICENSED":"","LEVEL":"3","ZOOM_LEVEL":"","CONJECTURAL_NAME":"","URLS":"https://starwars.fandom.com/wiki/Minntooine_Spur","DESC":"","color":"","weight":"","opacity":"","smoothFactor":"","SECTIONS_PROPERTIES":[[{"text":"Mon Calamari system/","coords":[907.731959,330.498024]},{"text":"Minntooine system","coords":[902.024314,323.061482],"averageTravelTime":"","continuity":{"canon":"","legends":"YES","unlicensed":""},"desc":"","placementCert":""}]]}},{"type":"Feature","geometry":{"type":"MultiLineString","coordinates":[[[760.75,627.75],[755.200547,626.649537],[668.11189,612.912273],[580.234619,608.058313],[535.810434,592.340238],[508.346799,571.530118]]]},"properties":{"ID":"018f6862-e830-78be-b6eb-72eaec500fe0","NAME":"Morellian Trail","ALT_NAMES":"","TYPE":"Hyperspace Route","PARENT_ID":"","PARENT_NAME":"","DATE_FROM":"-3705","DATE_TO":"","CANON":"","LEGENDS":"YES","UNLICENSED":"","LEVEL":"2","ZOOM_LEVEL":"","CONJECTURAL_NAME":"","URLS":"https://starwars.fandom.com/wiki/Morellian_Trail","DESC":"","color":"","weight":"","opacity":"","smoothFactor":"","SECTIONS_PROPERTIES":[[{"text":"Morellian Trail start","coords":[760.75,627.75]},{"text":"Farana system","coords":[755.200547,626.649537],"averageTravelTime":"","continuity":{"canon":"","legends":"YES","unlicensed":""},"desc":"","placementCert":""},{"text":"Cadomai system","coords":[668.11189,612.912273],"averageTravelTime":"","continuity":{"canon":"","legends":"YES","unlicensed":""},"desc":"","placementCert":""},{"text":"Ruuria system","coords":[580.234619,608.058313],"averageTravelTime":"","continuity":{"canon":"","legends":"YES","unlicensed":""},"desc":"","placementCert":""},{"text":"Listehol system","coords":[535.810434,592.340238],"averageTravelTime":"","continuity":{"canon":"","legends":"YES","unlicensed":""},"desc":"","placementCert":""},{"text":"Telos system","coords":[508.346799,571.530118],"averageTravelTime":"","continuity":{"canon":"","legends":"YES","unlicensed":""},"desc":"","placementCert":""}]]}},{"type":"Feature","geometry":{"type":"MultiLineString","coordinates":[[[642.073549,-670.80315],[670.729397,-761.442783],[438.75,-832.25],[703.545438,-582.358482]]]},"properties":{"ID":"018f6862-e830-7cf0-bbbe-26dd8027c07b","NAME":"Mumble's Turnaround","ALT_NAMES":"","TYPE":"Hyperspace Route","PARENT_ID":"","PARENT_NAME":"","DATE_FROM":"","DATE_TO":"","CANON":"YES","LEGENDS":"","UNLICENSED":"","LEVEL":"4","ZOOM_LEVEL":"","CONJECTURAL_NAME":"","URLS":"https://starwars.fandom.com/wiki/Mumble%27s_Turnaround","DESC":"","color":"","weight":"","opacity":"","smoothFactor":"","SECTIONS_PROPERTIES":[[{"text":"Tatooine system / Tatoo system / Tri-planetary system J11.9","coords":[642.073549,-670.80315]},{"text":"Ryloth system","coords":[670.729397,-761.442783],"averageTravelTime":"","continuity":{"canon":"YES","legends":"","unlicensed":""},"desc":"","placementCert":""},{"text":"Seylott system","coords":[438.75,-832.25],"averageTravelTime":"","continuity":{"canon":"YES","legends":"","unlicensed":""},"desc":"","placementCert":""},{"text":"Roon system","coords":[703.545438,-582.358482],"averageTravelTime":"","continuity":{"canon":"YES","legends":"","unlicensed":""},"desc":"","placementCert":""}]]}},{"type":"Feature","geometry":{"type":"MultiLineString","coordinates":[[[-255.11475,253.565488],[-257.113529,233.577701],[-289.247739,188.835811]]]},"properties":{"ID":"018f6862-e830-709c-9a97-ab44ce5fc6d0","NAME":"Murgo Choke","ALT_NAMES":"","TYPE":"Hyperspace Route","PARENT_ID":"","PARENT_NAME":"","DATE_FROM":"","DATE_TO":"","CANON":"","LEGENDS":"YES","UNLICENSED":"","LEVEL":"2","ZOOM_LEVEL":"","CONJECTURAL_NAME":"","URLS":"https://starwars.fandom.com/wiki/Murgo_Choke","DESC":"","color":"","weight":"","opacity":"","smoothFactor":"","SECTIONS_PROPERTIES":[[{"text":"Rago system","coords":[-255.11475,253.565488]},{"text":"Murgo system","coords":[-257.113529,233.577701],"averageTravelTime":"","continuity":{"canon":"","legends":"YES","unlicensed":""},"desc":"","placementCert":""},{"text":"Utegetu Nebula","coords":[-289.247739,188.835811],"averageTravelTime":"","continuity":{"canon":"","legends":"YES","unlicensed":""},"desc":"","placementCert":""}]]}},{"type":"Feature","geometry":{"type":"MultiLineString","coordinates":[[[0.666494,558.291105],[-18.336361,564.452438],[-44.474235,570.295022],[-87.678604,589.514047]]]},"properties":{"ID":"018f6862-e830-753a-8928-0a55040a52ad","NAME":"Myto's Arrow","ALT_NAMES":"","TYPE":"Hyperspace Route","PARENT_ID":"","PARENT_NAME":"","DATE_FROM":"","DATE_TO":"","CANON":"","LEGENDS":"YES","UNLICENSED":"","LEVEL":"3","ZOOM_LEVEL":"","CONJECTURAL_NAME":"","URLS":"https://starwars.fandom.com/wiki/Myto%27s_Arrow,https://starwars.fandom.com/wiki/Myto%27s_Arrow/Legends","DESC":"","color":"","weight":"","opacity":"","smoothFactor":"","SECTIONS_PROPERTIES":[[{"text":"Dantooine system","coords":[0.666494,558.291105]},{"text":"Angor system","coords":[-18.336361,564.452438],"averageTravelTime":"","continuity":{"canon":"","legends":"YES","unlicensed":""},"desc":"","placementCert":""},{"text":"Gabredor system","coords":[-44.474235,570.295022],"averageTravelTime":"","continuity":{"canon":"","legends":"YES","unlicensed":""},"desc":"","placementCert":""},{"text":"Jaemus system","coords":[-87.678604,589.514047],"averageTravelTime":"","continuity":{"canon":"","legends":"YES","unlicensed":""},"desc":"","placementCert":""}]]}},{"type":"Feature","geometry":{"type":"MultiLineString","coordinates":[[[616.484397,466.863434],[610.202637,488.037594],[616.07848,518.580367],[622.656565,514.32922],[656.943306,508.179132],[660.398,493.439],[659.864598,482.041258],[616.484397,466.863434]]]},"properties":{"ID":"018f6862-e830-7e0a-9b5f-83e350d52046","NAME":"Nache Bhelfia","ALT_NAMES":"","TYPE":"Hyperspace Route","PARENT_ID":"","PARENT_NAME":"","DATE_FROM":"-6900","DATE_TO":"","CANON":"","LEGENDS":"YES","UNLICENSED":"","LEVEL":"3","ZOOM_LEVEL":"","CONJECTURAL_NAME":"","URLS":"https://starwars.fandom.com/wiki/Nache_Bhelfia","DESC":"","color":"","weight":"","opacity":"","smoothFactor":"","SECTIONS_PROPERTIES":[[{"text":"Horuset system","coords":[616.484397,466.863434]},{"text":"Nicht Ka system","coords":[610.202637,488.037594],"averageTravelTime":"","continuity":{"canon":"","legends":"YES","unlicensed":""},"desc":"","placementCert":""},{"text":"Ziost system","coords":[616.07848,518.580367],"averageTravelTime":"","continuity":{"canon":"","legends":"YES","unlicensed":""},"desc":"","placementCert":""},{"text":"Ch'hodos system","coords":[622.656565,514.32922],"averageTravelTime":"","continuity":{"canon":"","legends":"YES","unlicensed":""},"desc":"","placementCert":""},{"text":"Krayiss system","coords":[656.943306,508.179132],"averageTravelTime":"","continuity":{"canon":"","legends":"YES","unlicensed":""},"desc":"","placementCert":""},{"text":"Khar Delba system","coords":[660.398,493.439],"averageTravelTime":"","continuity":{"canon":"","legends":"YES","unlicensed":""},"desc":"","placementCert":""},{"text":"Rhelg system","coords":[659.864598,482.041258],"averageTravelTime":"","continuity":{"canon":"","legends":"YES","unlicensed":""},"desc":"","placementCert":""},{"text":"Horuset system","coords":[616.484397,466.863434],"averageTravelTime":"","continuity":{"canon":"","legends":"YES","unlicensed":""},"desc":"","placementCert":""}]]}},{"type":"Feature","geometry":{"type":"MultiLineString","coordinates":[[[618.743901,-700.090011],[625.266884,-703.917271],[630.358804,-715.565455]]]},"properties":{"ID":"018f6862-e830-7867-a168-854f3083553b","NAME":"Najiba Loop","ALT_NAMES":"","TYPE":"Hyperspace Route","PARENT_ID":"","PARENT_NAME":"","DATE_FROM":"","DATE_TO":"","CANON":"","LEGENDS":"YES","UNLICENSED":"","LEVEL":"3","ZOOM_LEVEL":"","CONJECTURAL_NAME":"","URLS":"https://starwars.fandom.com/wiki/Najiba_Loop","DESC":"","color":"","weight":"","opacity":"","smoothFactor":"","SECTIONS_PROPERTIES":[[{"text":"Issor system / Trulalis system","coords":[618.743901,-700.090011]},{"text":"Faj system","coords":[625.266884,-703.917271],"averageTravelTime":"","continuity":{"canon":"","legends":"YES","unlicensed":""},"desc":"","placementCert":""},{"text":"Vasch system","coords":[630.358804,-715.565455],"averageTravelTime":"","continuity":{"canon":"","legends":"YES","unlicensed":""},"desc":"","placementCert":""}]]}},{"type":"Feature","geometry":{"type":"MultiLineString","coordinates":[[[0.113903,0.18186],[-6.775016,11.678499],[-13.337686,18.24117],[-14.471975,29.98916],[-28.107271,42.782902],[-36.655496,44.478574],[-41.057141,62.869226],[-47.012904,74.119],[-66.038257,97.859332],[-90.00746,124.786126],[-93.801203,135.715718],[-94.479455,142.233482],[-98.133753,147.168965],[-110.150426,157.123264],[-121.350336,162.082928],[-127.583576,172.478888],[-136.571804,184.376997],[-141.387524,192.827701],[-158.404616,211.437385],[-166.860987,220.970021],[-180.75,239.503613],[-187.925039,251.720461],[-192.537605,263.251876],[-198.072684,273.553274],[-202.531498,285.85345],[-207.60532,301.22867],[-207.912825,315.066368]]]},"properties":{"ID":"018f6862-e830-7c95-9b26-59746537d06e","NAME":"Namadii Corridor","ALT_NAMES":"","TYPE":"Hyperspace Route","PARENT_ID":"","PARENT_NAME":"","DATE_FROM":"","DATE_TO":"","CANON":"YES","LEGENDS":"YES","UNLICENSED":"","LEVEL":"2","ZOOM_LEVEL":"","CONJECTURAL_NAME":"","URLS":"https://starwars.fandom.com/wiki/Namadii_Corridor,https://starwars.fandom.com/wiki/Namadii_Corridor/Legends","DESC":"","color":"","weight":"","opacity":"","smoothFactor":"","SECTIONS_PROPERTIES":[[{"text":"Coruscant system/Imperial system/Yuuzhan'tar system","coords":[0.113903,0.18186]},{"text":"Tanjay system","coords":[-6.775016,11.678499],"averageTravelTime":"","continuity":{"canon":"","legends":"YES","unlicensed":""},"desc":"","placementCert":""},{"text":"Weerden system","coords":[-13.337686,18.24117],"averageTravelTime":"","continuity":{"canon":"","legends":"YES","unlicensed":""},"desc":"","placementCert":""},{"text":"Galvoni system","coords":[-14.471975,29.98916],"averageTravelTime":"","continuity":{"canon":"","legends":"YES","unlicensed":""},"desc":"","placementCert":""},{"text":"Twith system","coords":[-28.107271,42.782902],"averageTravelTime":"","continuity":{"canon":"","legends":"YES","unlicensed":""},"desc":"","placementCert":""},{"text":"Panto system","coords":[-36.655496,44.478574],"averageTravelTime":"","continuity":{"canon":"","legends":"YES","unlicensed":""},"desc":"","placementCert":""},{"text":"Pyria system / Borleias system","coords":[-41.057141,62.869226],"averageTravelTime":"","continuity":{"canon":"","legends":"YES","unlicensed":""},"desc":"","placementCert":""},{"text":"Mirit system","coords":[-47.012904,74.119],"averageTravelTime":"","continuity":{"canon":"","legends":"YES","unlicensed":""},"desc":"","placementCert":""},{"text":"Palanhi system","coords":[-66.038257,97.859332],"averageTravelTime":"","continuity":{"canon":"","legends":"YES","unlicensed":""},"desc":"","placementCert":""},{"text":"O'pahz system","coords":[-90.00746,124.786126],"averageTravelTime":"","continuity":{"canon":"","legends":"YES","unlicensed":""},"desc":"","placementCert":""},{"text":"Voltare system","coords":[-93.801203,135.715718],"averageTravelTime":"","continuity":{"canon":"","legends":"YES","unlicensed":""},"desc":"","placementCert":""},{"text":"Meastrinnar system","coords":[-94.479455,142.233482],"averageTravelTime":"","continuity":{"canon":"","legends":"YES","unlicensed":""},"desc":"","placementCert":""},{"text":"Aphran system","coords":[-98.133753,147.168965],"averageTravelTime":"","continuity":{"canon":"","legends":"YES","unlicensed":""},"desc":"","placementCert":""},{"text":"Bengat system","coords":[-110.150426,157.123264],"averageTravelTime":"","continuity":{"canon":"","legends":"YES","unlicensed":""},"desc":"","placementCert":""},{"text":"Bilbringi system","coords":[-121.350336,162.082928],"averageTravelTime":"","continuity":{"canon":"","legends":"YES","unlicensed":""},"desc":"","placementCert":""},{"text":"Rondai system","coords":[-127.583576,172.478888],"averageTravelTime":"","continuity":{"canon":"","legends":"YES","unlicensed":""},"desc":"","placementCert":""},{"text":"Coth Fuuras system","coords":[-136.571804,184.376997],"averageTravelTime":"","continuity":{"canon":"","legends":"YES","unlicensed":""},"desc":"","placementCert":""},{"text":"Dorin system","coords":[-141.387524,192.827701],"averageTravelTime":"","continuity":{"canon":"","legends":"YES","unlicensed":""},"desc":"","placementCert":""},{"text":"Carvandir system","coords":[-158.404616,211.437385],"averageTravelTime":"","continuity":{"canon":"","legends":"YES","unlicensed":""},"desc":"","placementCert":""},{"text":"Vaced system","coords":[-166.860987,220.970021],"averageTravelTime":"","continuity":{"canon":"","legends":"YES","unlicensed":""},"desc":"","placementCert":""},{"text":"Jalor system","coords":[-180.75,239.503613],"averageTravelTime":"","continuity":{"canon":"","legends":"YES","unlicensed":""},"desc":"","placementCert":""},{"text":"Belshar Othacuu system","coords":[-187.925039,251.720461],"averageTravelTime":"","continuity":{"canon":"","legends":"YES","unlicensed":""},"desc":"","placementCert":""},{"text":"Ord Varee system","coords":[-192.537605,263.251876],"averageTravelTime":"","continuity":{"canon":"","legends":"YES","unlicensed":""},"desc":"","placementCert":""},{"text":"Kalaan system","coords":[-198.072684,273.553274],"averageTravelTime":"","continuity":{"canon":"","legends":"YES","unlicensed":""},"desc":"","placementCert":""},{"text":"Masgen system","coords":[-202.531498,285.85345],"averageTravelTime":"","continuity":{"canon":"","legends":"YES","unlicensed":""},"desc":"","placementCert":""},{"text":"Ansion system","coords":[-207.60532,301.22867],"averageTravelTime":"","continuity":{"canon":"","legends":"YES","unlicensed":""},"desc":"","placementCert":""},{"text":"Namadii system","coords":[-207.912825,315.066368],"averageTravelTime":"","continuity":{"canon":"","legends":"YES","unlicensed":""},"desc":"","placementCert":""}]]}},{"type":"Feature","geometry":{"type":"MultiLineString","coordinates":[[[198.498843,-207.750827],[234.923418,-209.214351],[283.01417,-209.795112],[300.125,-215.9375],[313.186912,-223.357994],[342.0625,-234.75],[371.326807,-235.861197],[371.231645,-201.052182],[405.398035,-223.357994],[413,-215.4375],[471.039851,-218.669293],[527.644255,-210.761423]]]},"properties":{"ID":"018f6862-e830-7777-b2fc-ba5141b7de57","NAME":"Nanth'ri Route","ALT_NAMES":"Nanth'ri Trade Route","TYPE":"Hyperspace Route","PARENT_ID":"","PARENT_NAME":"","DATE_FROM":"","DATE_TO":"","CANON":"YES","LEGENDS":"YES","UNLICENSED":"","LEVEL":"2","ZOOM_LEVEL":"","CONJECTURAL_NAME":"","URLS":"https://starwars.fandom.com/wiki/Nanth%27ri_Trade_Route,https://starwars.fandom.com/wiki/Nanth%27ri_Route","DESC":"","color":"","weight":"","opacity":"","smoothFactor":"","SECTIONS_PROPERTIES":[[{"text":"Exodeen system","coords":[198.498843,-207.750827]},{"text":"Quellor system","coords":[234.923418,-209.214351],"averageTravelTime":"","continuity":{"canon":"YES","legends":"YES","unlicensed":""},"desc":"","placementCert":""},{"text":"Prindaar system / Antar system","coords":[283.01417,-209.795112],"averageTravelTime":"","continuity":{"canon":"YES","legends":"YES","unlicensed":""},"desc":"","placementCert":""},{"text":"Lonera's system","coords":[300.125,-215.9375],"averageTravelTime":"","continuity":{"canon":"","legends":"YES","unlicensed":""},"desc":"","placementCert":""},{"text":"Gyndine system","coords":[313.186912,-223.357994],"averageTravelTime":"","continuity":{"canon":"","legends":"","unlicensed":""},"desc":"","placementCert":""},{"text":"Kerev Doi's system","coords":[342.0625,-234.75],"averageTravelTime":"","continuity":{"canon":"YES","legends":"","unlicensed":""},"desc":"","placementCert":""},{"text":"Fabrin system","coords":[371.326807,-235.861197],"averageTravelTime":"","continuity":{"canon":"","legends":"YES","unlicensed":""},"desc":"","placementCert":""},{"text":"Circarpous system","coords":[371.231645,-201.052182],"averageTravelTime":"","continuity":{"canon":"","legends":"YES","unlicensed":""},"desc":"","placementCert":""},{"text":"Zaloriis system","coords":[405.398035,-223.357994],"averageTravelTime":"","continuity":{"canon":"","legends":"YES","unlicensed":""},"desc":"","placementCert":""},{"text":"Batuv's system","coords":[413,-215.4375],"averageTravelTime":"","continuity":{"canon":"YES","legends":"","unlicensed":""},"desc":"","placementCert":""},{"text":"Attahox system","coords":[471.039851,-218.669293],"averageTravelTime":"","continuity":{"canon":"","legends":"YES","unlicensed":""},"desc":"","placementCert":""},{"text":"Nanth'ri system","coords":[527.644255,-210.761423],"averageTravelTime":"","continuity":{"canon":"YES","legends":"YES","unlicensed":""},"desc":"","placementCert":""}]]}},{"type":"Feature","geometry":{"type":"MultiLineString","coordinates":[[[0.113903,0.18186],[2.062635,-52.16176],[-44.386269,-88.716064],[-3.883654,-316.701426],[3.449588,-354.96832],[65.869977,-442.216206],[86.380268,-489.69165]]]},"properties":{"ID":"018f6862-e830-7c22-8120-97ff74142e20","NAME":"Nexus Route","ALT_NAMES":"","TYPE":"Hyperspace Route","PARENT_ID":"","PARENT_NAME":"","DATE_FROM":"-32","DATE_TO":"","CANON":"YES","LEGENDS":"YES","UNLICENSED":"","LEVEL":"4","ZOOM_LEVEL":"","CONJECTURAL_NAME":"","URLS":"https://starwars.fandom.com/wiki/Nexus_Route,https://starwars.fandom.com/wiki/Nexus_Route/Legends","DESC":"","color":"","weight":"","opacity":"","smoothFactor":"","SECTIONS_PROPERTIES":[[{"text":"Coruscant system/Imperial system/Yuuzhan'tar system","coords":[0.113903,0.18186]},{"text":"Empress Teta system","coords":[2.062635,-52.16176],"averageTravelTime":"","continuity":{"canon":"YES","legends":"YES","unlicensed":""},"desc":"","placementCert":""},{"text":"Prakith system","coords":[-44.386269,-88.716064],"averageTravelTime":"","continuity":{"canon":"","legends":"YES","unlicensed":""},"desc":"","placementCert":""},{"text":"Abregado system","coords":[-3.883654,-316.701426],"averageTravelTime":"","continuity":{"canon":"","legends":"YES","unlicensed":""},"desc":"","placementCert":""},{"text":"Giju system","coords":[3.449588,-354.96832],"averageTravelTime":"","continuity":{"canon":"","legends":"YES","unlicensed":""},"desc":"","placementCert":""},{"text":"Polith system / Thyferra system","coords":[65.869977,-442.216206],"averageTravelTime":"","continuity":{"canon":"","legends":"YES","unlicensed":""},"desc":"","placementCert":""},{"text":"Yag'Dhul system","coords":[86.380268,-489.69165],"averageTravelTime":"","continuity":{"canon":"","legends":"YES","unlicensed":""},"desc":"","placementCert":""}]]}},{"type":"Feature","geometry":{"type":"MultiLineString","coordinates":[[[472.921543,11.229998],[475.592183,-0.417482],[478.10478,-10.198264],[479.248869,-20.030615],[479.913721,-31.887142]]]},"properties":{"ID":"018f6862-e830-7b04-9ef6-4ea205b0ce1f","NAME":"Nightroad","ALT_NAMES":"Night Road","TYPE":"Hyperspace Route","PARENT_ID":"","PARENT_NAME":"","DATE_FROM":"","DATE_TO":"","CANON":"YES","LEGENDS":"YES","UNLICENSED":"","LEVEL":"3","ZOOM_LEVEL":"","CONJECTURAL_NAME":"","URLS":"https://starwars.fandom.com/wiki/Nightroad,https://starwars.fandom.com/wiki/Nightroad/Legends","DESC":"","color":"","weight":"","opacity":"","smoothFactor":"","SECTIONS_PROPERTIES":[[{"text":"Kashyyyk system / Hsskassi system","coords":[472.921543,11.229998]},{"text":"Tholatin system","coords":[475.592183,-0.417482],"averageTravelTime":"","continuity":{"canon":"","legends":"YES","unlicensed":""},"desc":"","placementCert":""},{"text":"Mytaranor system","coords":[478.10478,-10.198264],"averageTravelTime":"","continuity":{"canon":"","legends":"YES","unlicensed":""},"desc":"","placementCert":""},{"text":"Pizilis system","coords":[479.248869,-20.030615],"averageTravelTime":"","continuity":{"canon":"","legends":"YES","unlicensed":""},"desc":"","placementCert":""},{"text":"Terr'skiar system","coords":[479.913721,-31.887142],"averageTravelTime":"","continuity":{"canon":"","legends":"YES","unlicensed":""},"desc":"","placementCert":""}]]}},{"type":"Feature","geometry":{"type":"MultiLineString","coordinates":[[[805.3132257998022,155.21634619691594],[755.03721,173.768095]]]},"properties":{"ID":"018f6862-e830-7ed7-b823-463c203977a6","NAME":"Nimat Corridor","ALT_NAMES":"","TYPE":"Hyperspace Route","PARENT_ID":"","PARENT_NAME":"","DATE_FROM":"","DATE_TO":"","CANON":"","LEGENDS":"YES","UNLICENSED":"","LEVEL":"3","ZOOM_LEVEL":"","CONJECTURAL_NAME":"","URLS":"https://starwars.fandom.com/wiki/Nimat_Corridor","DESC":"","color":"","weight":"","opacity":"","smoothFactor":"","SECTIONS_PROPERTIES":[[{"text":"Nimat system","coords":[805.3132257998022,155.21634619691594]},{"text":"Annoo system","coords":[755.03721,173.768095],"averageTravelTime":"","continuity":{"canon":"","legends":"YES","unlicensed":""},"desc":"","placementCert":""}]]}},{"type":"Feature","geometry":{"type":"MultiLineString","coordinates":[[[-89.69991,-837.347773],[-82.388,-840.776],[-75.222,-843.09],[-70.275,-842.261],[-65.711,-841.278],[24.493107,-843.722897],[154.426377,-829.149199]]]},"properties":{"ID":"018f6862-e830-70ca-a25c-fd89f91d01af","NAME":"Nothoiin Corridor","ALT_NAMES":"","TYPE":"Hyperspace Route","PARENT_ID":"","PARENT_NAME":"","DATE_FROM":"-450","DATE_TO":"","CANON":"","LEGENDS":"YES","UNLICENSED":"","LEVEL":"2","ZOOM_LEVEL":"","CONJECTURAL_NAME":"","URLS":"https://starwars.fandom.com/wiki/Nothoiin_Corridor","DESC":"","color":"","weight":"","opacity":"","smoothFactor":"","SECTIONS_PROPERTIES":[[{"text":"Gerrenthum system","coords":[-89.69991,-837.347773]},{"text":"Council system","coords":[-82.388,-840.776],"averageTravelTime":"","continuity":{"canon":"","legends":"YES","unlicensed":""},"desc":"","placementCert":""},{"text":"Nothoiin system","coords":[-75.222,-843.09],"averageTravelTime":"","continuity":{"canon":"","legends":"YES","unlicensed":""},"desc":"","placementCert":""},{"text":"Saila Na system","coords":[-70.275,-842.261],"averageTravelTime":"","continuity":{"canon":"","legends":"YES","unlicensed":""},"desc":"","placementCert":""},{"text":"Bavva system","coords":[-65.711,-841.278],"averageTravelTime":"","continuity":{"canon":"","legends":"YES","unlicensed":""},"desc":"","placementCert":""},{"text":"Dolla system","coords":[24.493107,-843.722897],"averageTravelTime":"","continuity":{"canon":"","legends":"YES","unlicensed":""},"desc":"","placementCert":""},{"text":"Eriadu system","coords":[154.426377,-829.149199],"averageTravelTime":"","continuity":{"canon":"","legends":"YES","unlicensed":""},"desc":"","placementCert":""}]]}},{"type":"Feature","geometry":{"type":"MultiLineString","coordinates":[[[-75.222,-843.09],[-69.744,-853.374],[-66.913,-863.242],[-67.4375,-867.9375],[-67.5625,-870.6875],[-66.066,-874.249],[-69,-876.25],[-66.915,-883.062]]]},"properties":{"ID":"018f6862-e830-7de0-9dc2-a86ee0ba664f","NAME":"Nothoiin Route","ALT_NAMES":"","TYPE":"Hyperspace Route","PARENT_ID":"","PARENT_NAME":"","DATE_FROM":"-450","DATE_TO":"","CANON":"","LEGENDS":"YES","UNLICENSED":"","LEVEL":"3","ZOOM_LEVEL":"","CONJECTURAL_NAME":"","URLS":"https://starwars.fandom.com/wiki/Nothoiin_Route","DESC":"","color":"","weight":"","opacity":"","smoothFactor":"","SECTIONS_PROPERTIES":[[{"text":"Nothoiin system","coords":[-75.222,-843.09]},{"text":"Zephry system","coords":[-69.744,-853.374],"averageTravelTime":"","continuity":{"canon":"","legends":"YES","unlicensed":""},"desc":"","placementCert":""},{"text":"Polmanar system","coords":[-66.913,-863.242],"averageTravelTime":"","continuity":{"canon":"","legends":"YES","unlicensed":""},"desc":"","placementCert":""},{"text":"Delphon system","coords":[-67.4375,-867.9375],"averageTravelTime":"","continuity":{"canon":"","legends":"YES","unlicensed":""},"desc":"","placementCert":""},{"text":"Nameless Anoat sector system 1","coords":[-67.5625,-870.6875],"averageTravelTime":"","continuity":{"canon":"","legends":"YES","unlicensed":""},"desc":"","placementCert":""},{"text":"Tinoon system","coords":[-66.066,-874.249],"averageTravelTime":"","continuity":{"canon":"","legends":"YES","unlicensed":""},"desc":"","placementCert":""},{"text":"Nameless Anoat sector system 2","coords":[-69,-876.25],"averageTravelTime":"","continuity":{"canon":"","legends":"YES","unlicensed":""},"desc":"","placementCert":""},{"text":"Mev system","coords":[-66.915,-883.062],"averageTravelTime":"","continuity":{"canon":"","legends":"YES","unlicensed":""},"desc":"","placementCert":""}]]}},{"type":"Feature","geometry":{"type":"MultiLineString","coordinates":[[[704.920997,-205.684217],[687.66332,-187.099027],[671.58877,-170.654989],[636.754866,-160.370173],[526.25,-158.5]]]},"properties":{"ID":"018f6862-e830-79b0-a9cf-b4c3ee2f7b5f","NAME":"Oktos Route","ALT_NAMES":"","TYPE":"Hyperspace Route","PARENT_ID":"","PARENT_NAME":"","DATE_FROM":"","DATE_TO":"","CANON":"","LEGENDS":"YES","UNLICENSED":"","LEVEL":"2","ZOOM_LEVEL":"","CONJECTURAL_NAME":"","URLS":"https://starwars.fandom.com/wiki/Oktos_Route","DESC":"","color":"","weight":"","opacity":"","smoothFactor":"","SECTIONS_PROPERTIES":[[{"text":"Y'Toub system/Nal Hutta system/Nar Shaddaa system","coords":[704.920997,-205.684217]},{"text":"Kleeva system","coords":[687.66332,-187.099027],"averageTravelTime":"","continuity":{"canon":"","legends":"YES","unlicensed":""},"desc":"","placementCert":""},{"text":"Toydaria system","coords":[671.58877,-170.654989],"averageTravelTime":"","continuity":{"canon":"","legends":"YES","unlicensed":""},"desc":"","placementCert":""},{"text":"Tol Amn system","coords":[636.754866,-160.370173],"averageTravelTime":"","continuity":{"canon":"","legends":"YES","unlicensed":""},"desc":"","placementCert":""},{"text":"Trax Tube-Oktos Route junction","coords":[526.25,-158.5],"averageTravelTime":"","continuity":{"canon":"","legends":"YES","unlicensed":""},"desc":"","placementCert":""}]]}},{"type":"Feature","geometry":{"type":"MultiLineString","coordinates":[[[515.856074,-614.456715],[616.347703,-642.814229],[618.244693,-645.975879],[619.675756,-654.728657],[627.168777,-664.137492],[642.073549,-670.80315],[646.300175,-686.06227],[648.305327,-701.146668],[655.410719,-714.725122],[643.102423,-756.064138],[670.729397,-761.442783]]]},"properties":{"ID":"018f6862-e830-7226-b791-5c751d647403","NAME":"Old Corellian Run","ALT_NAMES":"","TYPE":"Hyperspace Route","PARENT_ID":"","PARENT_NAME":"","DATE_FROM":"-17000","DATE_TO":"","CANON":"","LEGENDS":"YES","UNLICENSED":"","LEVEL":"2","ZOOM_LEVEL":"","CONJECTURAL_NAME":"","URLS":"https://starwars.fandom.com/wiki/Old_Corellian_Run","DESC":"","color":"","weight":"","opacity":"","smoothFactor":"","SECTIONS_PROPERTIES":[[{"text":"Mon Gazza system","coords":[515.856074,-614.456715]},{"text":"Milarian system","coords":[616.347703,-642.814229],"averageTravelTime":"","continuity":{"canon":"","legends":"YES","unlicensed":""},"desc":"","placementCert":""},{"text":"Pii system","coords":[618.244693,-645.975879],"averageTravelTime":"","continuity":{"canon":"","legends":"YES","unlicensed":""},"desc":"","placementCert":""},{"text":"Austan system","coords":[619.675756,-654.728657],"averageTravelTime":"","continuity":{"canon":"","legends":"YES","unlicensed":""},"desc":"","placementCert":""},{"text":"Utaruun system","coords":[627.168777,-664.137492],"averageTravelTime":"","continuity":{"canon":"","legends":"YES","unlicensed":""},"desc":"","placementCert":""},{"text":"Tatooine system / Tatoo system / Tri-planetary system J11.9","coords":[642.073549,-670.80315],"averageTravelTime":"","continuity":{"canon":"","legends":"YES","unlicensed":""},"desc":"","placementCert":""},{"text":"Obana system","coords":[646.300175,-686.06227],"averageTravelTime":"","continuity":{"canon":"","legends":"YES","unlicensed":""},"desc":"","placementCert":""},{"text":"Vor Deo system","coords":[648.305327,-701.146668],"averageTravelTime":"","continuity":{"canon":"","legends":"YES","unlicensed":""},"desc":"","placementCert":""},{"text":"Khubeaie system","coords":[655.410719,-714.725122],"averageTravelTime":"","continuity":{"canon":"","legends":"YES","unlicensed":""},"desc":"","placementCert":""},{"text":"Shimia system","coords":[643.102423,-756.064138],"averageTravelTime":"","continuity":{"canon":"","legends":"YES","unlicensed":""},"desc":"","placementCert":""},{"text":"Ryloth system","coords":[670.729397,-761.442783],"averageTravelTime":"","continuity":{"canon":"","legends":"YES","unlicensed":""},"desc":"","placementCert":""}]]}},{"type":"Feature","geometry":{"type":"MultiLineString","coordinates":[[[334.807847,-706.923984],[334.75,-706.964844]]]},"properties":{"ID":"018f6862-e830-7c84-bd86-1828b6fbe581","NAME":"Old Trade Federation Route","ALT_NAMES":"","TYPE":"Hyperspace Route","PARENT_ID":"","PARENT_NAME":"","DATE_FROM":"","DATE_TO":"","CANON":"YES","LEGENDS":"YES","UNLICENSED":"","LEVEL":"3","ZOOM_LEVEL":"","CONJECTURAL_NAME":"","URLS":"https://starwars.fandom.com/wiki/Old_Trade_Federation_Route,https://starwars.fandom.com/wiki/Old_Trade_Federation_Route/Legends","DESC":"","color":"","weight":"","opacity":"","smoothFactor":"","SECTIONS_PROPERTIES":[[{"text":"Naboo system","coords":[334.807847,-706.923984]},{"text":"Enmaekeda Nebula","coords":[334.75,-706.964844],"averageTravelTime":"","continuity":{"canon":"","legends":"YES","unlicensed":""},"desc":"","placementCert":""}]]}},{"type":"Feature","geometry":{"type":"MultiLineString","coordinates":[[[313.186912,-223.357994],[333.846948,-203.035176],[355.273913,-167.122377],[365.836501,-160.483035],[386.3581,-136.641765],[410.802947,-110.084401],[458.382098,-40.647327],[479.913721,-31.887142],[497.114962,-34.585835],[505.625,-35.433],[513.297515,-35.954212],[526.929376,-35.007572],[545.314494,-45.207831],[595.564552,-64.932551],[651.850399,-82.888913],[656.074575,-84.020528],[685.705873,-93.740599],[704.663924,-129.880392],[713.474573,-171.590778],[704.920997,-205.684217]]]},"properties":{"ID":"018f6862-e830-7703-9788-ea903616ccff","NAME":"Ootmian Pabol","ALT_NAMES":"Outlanders' Route/Ootmian Pankapolla","TYPE":"Hyperspace Route","PARENT_ID":"","PARENT_NAME":"","DATE_FROM":"-12000","DATE_TO":"","CANON":"YES","LEGENDS":"YES","UNLICENSED":"","LEVEL":"2","ZOOM_LEVEL":"","CONJECTURAL_NAME":"","URLS":"https://starwars.fandom.com/wiki/Ootmian_Pabol,https://starwars.fandom.com/wiki/Ootmian_Pabol/Legends","DESC":"","color":"","weight":"","opacity":"","smoothFactor":"","SECTIONS_PROPERTIES":[[{"text":"Gyndine system","coords":[313.186912,-223.357994]},{"text":"Reytha system","coords":[333.846948,-203.035176],"averageTravelTime":"","continuity":{"canon":"","legends":"YES","unlicensed":""},"desc":"","placementCert":""},{"text":"Chanosant system","coords":[355.273913,-167.122377],"averageTravelTime":"","continuity":{"canon":"","legends":"YES","unlicensed":""},"desc":"","placementCert":""},{"text":"Trammen system","coords":[365.836501,-160.483035],"averageTravelTime":"","continuity":{"canon":"","legends":"YES","unlicensed":""},"desc":"","placementCert":""},{"text":"Belasco system","coords":[386.3581,-136.641765],"averageTravelTime":"","continuity":{"canon":"","legends":"YES","unlicensed":""},"desc":"","placementCert":""},{"text":"Zirulast system","coords":[410.802947,-110.084401],"averageTravelTime":"","continuity":{"canon":"","legends":"YES","unlicensed":""},"desc":"","placementCert":""},{"text":"New Apsolon system","coords":[458.382098,-40.647327],"averageTravelTime":"","continuity":{"canon":"","legends":"YES","unlicensed":""},"desc":"","placementCert":""},{"text":"Terr'skiar system","coords":[479.913721,-31.887142],"averageTravelTime":"","continuity":{"canon":"","legends":"YES","unlicensed":""},"desc":"","placementCert":""},{"text":"Coachelle system","coords":[497.114962,-34.585835],"averageTravelTime":"","continuity":{"canon":"","legends":"YES","unlicensed":""},"desc":"","placementCert":""},{"text":"Kyyr system","coords":[505.625,-35.433],"averageTravelTime":"","continuity":{"canon":"","legends":"YES","unlicensed":""},"desc":"","placementCert":""},{"text":"Ota system","coords":[513.297515,-35.954212],"averageTravelTime":"","continuity":{"canon":"","legends":"YES","unlicensed":""},"desc":"","placementCert":""},{"text":"Randon system","coords":[526.929376,-35.007572],"averageTravelTime":"","continuity":{"canon":"","legends":"YES","unlicensed":""},"desc":"","placementCert":""},{"text":"Blimph system","coords":[545.314494,-45.207831],"averageTravelTime":"","continuity":{"canon":"","legends":"YES","unlicensed":""},"desc":"","placementCert":""},{"text":"Ubrikkia system","coords":[595.564552,-64.932551],"averageTravelTime":"","continuity":{"canon":"","legends":"YES","unlicensed":""},"desc":"","placementCert":""},{"text":"Kwenn system","coords":[651.850399,-82.888913],"averageTravelTime":"","continuity":{"canon":"","legends":"YES","unlicensed":""},"desc":"","placementCert":""},{"text":"Keldooine system","coords":[656.074575,-84.020528],"averageTravelTime":"","continuity":{"canon":"","legends":"YES","unlicensed":""},"desc":"","placementCert":""},{"text":"Nar Bo Sholla system","coords":[685.705873,-93.740599],"averageTravelTime":"","continuity":{"canon":"","legends":"YES","unlicensed":""},"desc":"","placementCert":""},{"text":"Irith system","coords":[704.663924,-129.880392],"averageTravelTime":"","continuity":{"canon":"","legends":"YES","unlicensed":""},"desc":"","placementCert":""},{"text":"Du Hutta system","coords":[713.474573,-171.590778],"averageTravelTime":"","continuity":{"canon":"","legends":"YES","unlicensed":""},"desc":"","placementCert":""},{"text":"Y'Toub system/Nal Hutta system/Nar Shaddaa system","coords":[704.920997,-205.684217],"averageTravelTime":"","continuity":{"canon":"","legends":"YES","unlicensed":""},"desc":"","placementCert":""}]]}},{"type":"Feature","geometry":{"type":"MultiLineString","coordinates":[[[940.001108,265.404407],[942.614895,283.854671]]]},"properties":{"ID":"018f6862-e830-7ce3-9381-6a4afbea054b","NAME":"Outer Rim trade route","ALT_NAMES":"","TYPE":"Hyperspace Route","PARENT_ID":"","PARENT_NAME":"","DATE_FROM":"-15","DATE_TO":"","CANON":"YES","LEGENDS":"","UNLICENSED":"","LEVEL":"3","ZOOM_LEVEL":"","CONJECTURAL_NAME":"","URLS":"https://starwars.fandom.com/wiki/Outer_Rim_trade_route","DESC":"","color":"","weight":"","opacity":"","smoothFactor":"","SECTIONS_PROPERTIES":[[{"text":"Garel system","coords":[940.001108,265.404407]},{"text":"Lothal system","coords":[942.614895,283.854671],"averageTravelTime":"","continuity":{"canon":"YES","legends":"","unlicensed":""},"desc":"","placementCert":""}]]}},{"type":"Feature","geometry":{"type":"MultiLineString","coordinates":[[[759.756138,463.856015],[780.647871,463.797084],[800.394109,452.367083],[811.299303,439.903164],[831.219593,419.261626],[853.223607,388.873523],[866.3326,381.938584],[875.500023,378.61474],[895.02562,368.248741],[901.255553,360.269515],[905.338011,340.073816],[907.731959,330.498024]]]},"properties":{"ID":"018f6862-e830-7e31-8acf-13a242510a1d","NAME":"Overic Griplink","ALT_NAMES":"","TYPE":"Hyperspace Route","PARENT_ID":"","PARENT_NAME":"","DATE_FROM":"","DATE_TO":"","CANON":"YES","LEGENDS":"YES","UNLICENSED":"","LEVEL":"2","ZOOM_LEVEL":"","CONJECTURAL_NAME":"","URLS":"https://starwars.fandom.com/wiki/Overic_Griplink,https://starwars.fandom.com/wiki/Overic_Griplink/Legends","DESC":"","color":"","weight":"","opacity":"","smoothFactor":"","SECTIONS_PROPERTIES":[[{"text":"Quermia system","coords":[759.756138,463.856015]},{"text":"Kaelta system","coords":[780.647871,463.797084],"averageTravelTime":"","continuity":{"canon":"","legends":"YES","unlicensed":""},"desc":"","placementCert":""},{"text":"Karkaris system","coords":[800.394109,452.367083],"averageTravelTime":"","continuity":{"canon":"","legends":"YES","unlicensed":""},"desc":"","placementCert":""},{"text":"Florn system","coords":[811.299303,439.903164],"averageTravelTime":"","continuity":{"canon":"YES","legends":"","unlicensed":""},"desc":"","placementCert":""},{"text":"Ton-Falk system","coords":[831.219593,419.261626],"averageTravelTime":"","continuity":{"canon":"","legends":"YES","unlicensed":""},"desc":"","placementCert":""},{"text":"Pakuuni system","coords":[853.223607,388.873523],"averageTravelTime":"","continuity":{"canon":"","legends":"YES","unlicensed":""},"desc":"","placementCert":""},{"text":"Shaylin system","coords":[866.3326,381.938584],"averageTravelTime":"","continuity":{"canon":"","legends":"YES","unlicensed":""},"desc":"","placementCert":""},{"text":"Turkana system","coords":[875.500023,378.61474],"averageTravelTime":"","continuity":{"canon":"","legends":"YES","unlicensed":""},"desc":"","placementCert":""},{"text":"Codru system","coords":[895.02562,368.248741],"averageTravelTime":"","continuity":{"canon":"","legends":"YES","unlicensed":""},"desc":"","placementCert":""},{"text":"Reginard system","coords":[901.255553,360.269515],"averageTravelTime":"","continuity":{"canon":"","legends":"YES","unlicensed":""},"desc":"","placementCert":""},{"text":"Ruisto system","coords":[905.338011,340.073816],"averageTravelTime":"","continuity":{"canon":"","legends":"YES","unlicensed":""},"desc":"","placementCert":""},{"text":"Mon Calamari system/","coords":[907.731959,330.498024],"averageTravelTime":"","continuity":{"canon":"","legends":"YES","unlicensed":""},"desc":"","placementCert":""}]]}},{"type":"Feature","geometry":{"type":"MultiLineString","coordinates":[[[-327.596,-694.288],[-335.097,-682.185],[-340.433,-678.422],[-342.579842,-680.98946]]]},"properties":{"ID":"018f6862-e830-78e8-b4dd-9321aaa7d356","NAME":"Ovise Reach","ALT_NAMES":"","TYPE":"Hyperspace Route","PARENT_ID":"","PARENT_NAME":"","DATE_FROM":"","DATE_TO":"","CANON":"YES","LEGENDS":"YES","UNLICENSED":"","LEVEL":"2","ZOOM_LEVEL":"","CONJECTURAL_NAME":"","URLS":"https://starwars.fandom.com/wiki/Ovise_Reach,https://starwars.fandom.com/wiki/Ovise_Reach/Legends","DESC":"","color":"","weight":"","opacity":"","smoothFactor":"","SECTIONS_PROPERTIES":[[{"text":"Ovise system","coords":[-327.596,-694.288]},{"text":"Trindello system","coords":[-335.097,-682.185],"averageTravelTime":"","continuity":{"canon":"","legends":"YES","unlicensed":""},"desc":"","placementCert":""},{"text":"Zorbia system","coords":[-340.433,-678.422],"averageTravelTime":"","continuity":{"canon":"YES","legends":"YES","unlicensed":""},"desc":"","placementCert":""},{"text":"Endor system","coords":[-342.579842,-680.98946],"averageTravelTime":"","continuity":{"canon":"YES","legends":"YES","unlicensed":""},"desc":"","placementCert":""}]]}},{"type":"Feature","geometry":{"type":"MultiLineString","coordinates":[[[704.920997,-205.684217],[743.539352,-181.479816],[769.936226,-155.568775],[758.482142,-117.283204],[759.010506,-83.980702],[770.56019,-23.630353],[767,97.248387],[768.259899,104.425853]]]},"properties":{"ID":"018f6862-e830-76b4-b48c-71a6a974a86f","NAME":"Pabol Hutta","ALT_NAMES":"","TYPE":"Hyperspace Route","PARENT_ID":"","PARENT_NAME":"","DATE_FROM":"","DATE_TO":"","CANON":"YES","LEGENDS":"YES","UNLICENSED":"","LEVEL":"2","ZOOM_LEVEL":"","CONJECTURAL_NAME":"","URLS":"https://starwars.fandom.com/wiki/Pabol_Hutta,https://starwars.fandom.com/wiki/Pabol_Hutta/Legends","DESC":"","color":"","weight":"","opacity":"","smoothFactor":"","SECTIONS_PROPERTIES":[[{"text":"Y'Toub system/Nal Hutta system/Nar Shaddaa system","coords":[704.920997,-205.684217]},{"text":"Hosko system","coords":[743.539352,-181.479816],"averageTravelTime":"","continuity":{"canon":"","legends":"YES","unlicensed":""},"desc":"","placementCert":""},{"text":"Ardos system","coords":[769.936226,-155.568775],"averageTravelTime":"","continuity":{"canon":"","legends":"YES","unlicensed":""},"desc":"","placementCert":""},{"text":"Gos Hutta system","coords":[758.482142,-117.283204],"averageTravelTime":"","continuity":{"canon":"","legends":"YES","unlicensed":""},"desc":"","placementCert":""},{"text":"Mulatan system","coords":[759.010506,-83.980702],"averageTravelTime":"","continuity":{"canon":"","legends":"YES","unlicensed":""},"desc":"","placementCert":""},{"text":"Sleheyron system","coords":[770.56019,-23.630353],"averageTravelTime":"","continuity":{"canon":"","legends":"YES","unlicensed":""},"desc":"","placementCert":""},{"text":"Suolriep-Lant unnamed route-Sisar Run junction","coords":[767,97.248387],"averageTravelTime":"","continuity":{"canon":"","legends":"YES","unlicensed":""},"desc":"","placementCert":""},{"text":"Sespe system","coords":[768.259899,104.425853],"averageTravelTime":"","continuity":{"canon":"","legends":"YES","unlicensed":""},"desc":"","placementCert":""}]]}},{"type":"Feature","geometry":{"type":"MultiLineString","coordinates":[[[711.229391,-35.320772],[685.705873,-93.740599]]]},"properties":{"ID":"018f6862-e830-75c0-85a2-2b4a1eaac067","NAME":"Pabol Kreeta","ALT_NAMES":"","TYPE":"Hyperspace Route","PARENT_ID":"","PARENT_NAME":"","DATE_FROM":"","DATE_TO":"","CANON":"","LEGENDS":"YES","UNLICENSED":"","LEVEL":"3","ZOOM_LEVEL":"","CONJECTURAL_NAME":"","URLS":"https://starwars.fandom.com/wiki/Pabol_Kreeta","DESC":"","color":"","weight":"","opacity":"","smoothFactor":"","SECTIONS_PROPERTIES":[[{"text":"Nar Kreeta system","coords":[711.229391,-35.320772]},{"text":"Nar Bo Sholla system","coords":[685.705873,-93.740599],"averageTravelTime":"","continuity":{"canon":"","legends":"YES","unlicensed":""},"desc":"","placementCert":""}]]}},{"type":"Feature","geometry":{"type":"MultiLineString","coordinates":[[[894.604874,-24.86009],[881.603,-24.124],[863.457,-21.07],[845.642,-19.703]],[[829.671875,-19.75],[838.497715,-16.425319]],[[829.671875,-19.75],[831.625,-19.890625],[836.25,-20.296875]],[[829.671875,-19.75],[826.724,-20.32],[825.96875,-19.765625],[814.709,-14.94]],[[836.25,-20.296875],[845.642,-19.703]],[[814.709,-14.94],[795.830066,-17.246384]],[[770.56019,-23.630353],[795.830066,-17.246384]],[[770.56019,-23.630353],[725.895019,-33.246845],[711.229391,-35.320772],[691.936157,-30.669002],[677.461602,-25.670595],[654.239832,-20.880454],[590.270496,-29.305028],[526.929376,-35.007572]]]},"properties":{"ID":"018f6862-e830-7506-9e48-5369d96c3043","NAME":"Pabol Sleheyron","ALT_NAMES":"","TYPE":"Hyperspace Route","PARENT_ID":"","PARENT_NAME":"","DATE_FROM":"","DATE_TO":"","CANON":"YES","LEGENDS":"YES","UNLICENSED":"","LEVEL":"2","ZOOM_LEVEL":"","CONJECTURAL_NAME":"","URLS":"https://starwars.fandom.com/wiki/Pabol_Sleheyron,https://starwars.fandom.com/wiki/Pabol_Sleheyron/Legends","DESC":"","color":"","weight":"","opacity":"","smoothFactor":"","SECTIONS_PROPERTIES":[[{"text":"Formos system","coords":[894.604874,-24.86009]},{"text":"Prishella system","coords":[881.603,-24.124],"averageTravelTime":"","continuity":{"canon":"YES","legends":"YES","unlicensed":""},"desc":"","placementCert":""},{"text":"Little Kessel system","coords":[863.457,-21.07],"averageTravelTime":"","continuity":{"canon":"YES","legends":"YES","unlicensed":""},"desc":"","placementCert":""},{"text":"Aeneid system","coords":[845.642,-19.703],"averageTravelTime":"","continuity":{"canon":"YES","legends":"YES","unlicensed":""},"desc":"","placementCert":""}],[{"text":"Oba Diah system","coords":[829.671875,-19.75]},{"text":"Kessel system","coords":[838.497715,-16.425319],"averageTravelTime":"","continuity":{"canon":"YES","legends":"","unlicensed":""},"desc":"","placementCert":""}],[{"text":"Oba Diah system","coords":[829.671875,-19.75]},{"text":"Mandrine system","coords":[831.625,-19.890625],"averageTravelTime":"","continuity":{"canon":"YES","legends":"","unlicensed":""},"desc":"","placementCert":""},{"text":"Tilurus system","coords":[836.25,-20.296875],"averageTravelTime":"","continuity":{"canon":"YES","legends":"","unlicensed":""},"desc":"","placementCert":""}],[{"text":"Oba Diah system","coords":[829.671875,-19.75]},{"text":"Zerm system","coords":[826.724,-20.32],"averageTravelTime":"","continuity":{"canon":"","legends":"YES","unlicensed":""},"desc":"","placementCert":""},{"text":"Injopan system","coords":[825.96875,-19.765625],"averageTravelTime":"","continuity":{"canon":"YES","legends":"","unlicensed":""},"desc":"","placementCert":""},{"text":"Randa system","coords":[814.709,-14.94],"averageTravelTime":"","continuity":{"canon":"YES","legends":"","unlicensed":""},"desc":"","placementCert":""}],[{"text":"Tilurus system","coords":[836.25,-20.296875]},{"text":"Aeneid system","coords":[845.642,-19.703],"averageTravelTime":"","continuity":{"canon":"YES","legends":"","unlicensed":""},"desc":"","placementCert":""}],[{"text":"Randa system","coords":[814.709,-14.94]},{"text":"Ulmatra system","coords":[795.830066,-17.246384],"averageTravelTime":"","continuity":{"canon":"YES","legends":"","unlicensed":""},"desc":"","placementCert":""}],[{"text":"Sleheyron system","coords":[770.56019,-23.630353]},{"text":"Ulmatra system","coords":[795.830066,-17.246384],"averageTravelTime":"","continuity":{"canon":"YES","legends":"YES","unlicensed":""},"desc":"","placementCert":""}],[{"text":"Sleheyron system","coords":[770.56019,-23.630353]},{"text":"Nimban system","coords":[725.895019,-33.246845],"averageTravelTime":"","continuity":{"canon":"YES","legends":"YES","unlicensed":""},"desc":"","placementCert":""},{"text":"Nar Kreeta system","coords":[711.229391,-35.320772],"averageTravelTime":"","continuity":{"canon":"","legends":"YES","unlicensed":""},"desc":"","placementCert":""},{"text":"Ilos Minor system","coords":[691.936157,-30.669002],"averageTravelTime":"","continuity":{"canon":"","legends":"YES","unlicensed":""},"desc":"","placementCert":""},{"text":"Ilos system","coords":[677.461602,-25.670595],"averageTravelTime":"","continuity":{"canon":"","legends":"YES","unlicensed":""},"desc":"","placementCert":""},{"text":"Chalacta system","coords":[654.239832,-20.880454],"averageTravelTime":"","continuity":{"canon":"","legends":"YES","unlicensed":""},"desc":"","placementCert":""},{"text":"Yitabo system","coords":[590.270496,-29.305028],"averageTravelTime":"","continuity":{"canon":"","legends":"YES","unlicensed":""},"desc":"","placementCert":""},{"text":"Randon system","coords":[526.929376,-35.007572],"averageTravelTime":"","continuity":{"canon":"","legends":"YES","unlicensed":""},"desc":"","placementCert":""}]]}},{"type":"Feature","geometry":{"type":"MultiLineString","coordinates":[[[853.223607,388.873523],[835.234719,376.50398],[815.506789,354.380342],[810.986803,346.114321]]]},"properties":{"ID":"018f6862-e830-74ab-8f57-61e560d36f42","NAME":"Pakuuni Drift","ALT_NAMES":"","TYPE":"Hyperspace Route","PARENT_ID":"","PARENT_NAME":"","DATE_FROM":"","DATE_TO":"","CANON":"","LEGENDS":"YES","UNLICENSED":"","LEVEL":"3","ZOOM_LEVEL":"","CONJECTURAL_NAME":"","URLS":"https://starwars.fandom.com/wiki/Pakuuni_Drift","DESC":"","color":"","weight":"","opacity":"","smoothFactor":"","SECTIONS_PROPERTIES":[[{"text":"Pakuuni system","coords":[853.223607,388.873523]},{"text":"Gbu system","coords":[835.234719,376.50398],"averageTravelTime":"","continuity":{"canon":"","legends":"YES","unlicensed":""},"desc":"","placementCert":""},{"text":"Mullan system","coords":[815.506789,354.380342],"averageTravelTime":"","continuity":{"canon":"","legends":"YES","unlicensed":""},"desc":"","placementCert":""},{"text":"Brigia system","coords":[810.986803,346.114321],"averageTravelTime":"","continuity":{"canon":"","legends":"YES","unlicensed":""},"desc":"","placementCert":""}]]}},{"type":"Feature","geometry":{"type":"MultiLineString","coordinates":[[[759.147439,-269.280815],[753.686226,-327.327201],[764.303281,-368.202862],[779.519432,-411.756653]]]},"properties":{"ID":"018f6862-e830-7551-9ea0-0c5d20bbc914","NAME":"Pando Spur","ALT_NAMES":"","TYPE":"Hyperspace Route","PARENT_ID":"","PARENT_NAME":"","DATE_FROM":"","DATE_TO":"","CANON":"","LEGENDS":"YES","UNLICENSED":"","LEVEL":"2","ZOOM_LEVEL":"","CONJECTURAL_NAME":"","URLS":"https://starwars.fandom.com/wiki/Pando_Spur","DESC":"","color":"","weight":"","opacity":"","smoothFactor":"","SECTIONS_PROPERTIES":[[{"text":"Hollastin system","coords":[759.147439,-269.280815]},{"text":"Xolu system","coords":[753.686226,-327.327201],"averageTravelTime":"","continuity":{"canon":"","legends":"YES","unlicensed":""},"desc":"","placementCert":""},{"text":"Far Pando system","coords":[764.303281,-368.202862],"averageTravelTime":"","continuity":{"canon":"","legends":"YES","unlicensed":""},"desc":"","placementCert":""},{"text":"Near Pando system","coords":[779.519432,-411.756653],"averageTravelTime":"","continuity":{"canon":"","legends":"YES","unlicensed":""},"desc":"","placementCert":""}]]}},{"type":"Feature","geometry":{"type":"MultiLineString","coordinates":[[[-604.747255,85.821836],[-582.606939,89.665641],[-572.766798,93.509446],[-568.000479,98.583269],[-591.524566,115.649763],[-593.523345,121.646099],[-592.600832,141.94139],[-582.453186,151.320274],[-558.467843,152.242787],[-551.087737,159.622893],[-560.466622,163.005441],[-560.620374,168.54052]]]},"properties":{"ID":"018f6862-e830-7658-88c1-1496302463fe","NAME":"Path of the Houses","ALT_NAMES":"","TYPE":"Hyperspace Route","PARENT_ID":"","PARENT_NAME":"","DATE_FROM":"","DATE_TO":"","CANON":"","LEGENDS":"YES","UNLICENSED":"","LEVEL":"2","ZOOM_LEVEL":"","CONJECTURAL_NAME":"","URLS":"https://starwars.fandom.com/wiki/Path_of_the_Houses","DESC":"","color":"","weight":"","opacity":"","smoothFactor":"","SECTIONS_PROPERTIES":[[{"text":"Rhigar system","coords":[-604.747255,85.821836]},{"text":"Csaus system","coords":[-582.606939,89.665641],"averageTravelTime":"","continuity":{"canon":"","legends":"YES","unlicensed":""},"desc":"","placementCert":""},{"text":"Copero system","coords":[-572.766798,93.509446],"averageTravelTime":"","continuity":{"canon":"","legends":"YES","unlicensed":""},"desc":"","placementCert":""},{"text":"Sarvchi system","coords":[-568.000479,98.583269],"averageTravelTime":"","continuity":{"canon":"","legends":"YES","unlicensed":""},"desc":"","placementCert":""},{"text":"Cioral system","coords":[-591.524566,115.649763],"averageTravelTime":"","continuity":{"canon":"","legends":"YES","unlicensed":""},"desc":"","placementCert":""},{"text":"Csilla system","coords":[-593.523345,121.646099],"averageTravelTime":"","continuity":{"canon":"","legends":"YES","unlicensed":""},"desc":"","placementCert":""},{"text":"Sposia system","coords":[-592.600832,141.94139],"averageTravelTime":"","continuity":{"canon":"","legends":"YES","unlicensed":""},"desc":"","placementCert":""},{"text":"Naporar system","coords":[-582.453186,151.320274],"averageTravelTime":"","continuity":{"canon":"","legends":"YES","unlicensed":""},"desc":"","placementCert":""},{"text":"Ornfra system","coords":[-558.467843,152.242787],"averageTravelTime":"","continuity":{"canon":"","legends":"YES","unlicensed":""},"desc":"","placementCert":""},{"text":"Sharb system","coords":[-551.087737,159.622893],"averageTravelTime":"","continuity":{"canon":"","legends":"YES","unlicensed":""},"desc":"","placementCert":""},{"text":"Noris system","coords":[-560.466622,163.005441],"averageTravelTime":"","continuity":{"canon":"","legends":"YES","unlicensed":""},"desc":"","placementCert":""},{"text":"Schesa system","coords":[-560.620374,168.54052],"averageTravelTime":"","continuity":{"canon":"","legends":"YES","unlicensed":""},"desc":"","placementCert":""}]]}},{"type":"Feature","geometry":{"type":"MultiLineString","coordinates":[[[0.113903,0.18186],[17.07882,10.995987],[26.098025,15.249576],[28.273248,17.676533],[41.159901,25.095247],[49.375166,29.699407],[54.923929,32.703357],[59.849094,36.264404],[64.468516,38.445797],[69.087938,41.14046],[74.092312,43.96344],[88.871697,53.837071],[109.220449,64.621515],[121.028092,71.994847],[133.763848,77.563517],[139.363888,80.362463],[149.514964,85.926033],[169.018464,94.813507],[185.720489,101.448189],[199.58284,106.164246],[224.449326,113.738521],[262.952149,119.592403],[313.676672,117.608195],[353.897761,110.211213],[371.349506,109.684412],[377.683814,109.684412],[388.9668,111.465936],[405.748863,115.172728],[430.768317,121.550236],[483.425351,135.320274],[513.71141,146.285916],[528.593353,155.946125],[568.53579,181.76321],[580.528462,192.98712],[585.909789,198.060943],[598.517469,209.592358],[620.629172,238.650865],[630.497927,249.721683],[641.568086,263.405628],[644.114245,272.864178],[654.702391,293.661785],[676.026458,327.503737356116],[700.318966,365.274621],[704.031358,372.121021],[710.302868,381.246089],[714.25,388.11072],[719.722251,397.746505],[725.610592,407.730211],[736.52822,427.074236],[738.375017,429.968002],[742.639565,437.423146],[749.839738,449.676766],[759.756138,463.856015]]]},"properties":{"ID":"018f6862-e830-71ff-a422-632b89f5528e","NAME":"Perlemian Trade Route","ALT_NAMES":"Perlemian hyperroute/The Axis","TYPE":"Hyperspace Route","PARENT_ID":"","PARENT_NAME":"","DATE_FROM":"-25000","DATE_TO":"","CANON":"YES","LEGENDS":"YES","UNLICENSED":"","LEVEL":"1","ZOOM_LEVEL":"0","CONJECTURAL_NAME":"","URLS":"https://starwars.fandom.com/wiki/Perlemian_Trade_Route,https://starwars.fandom.com/wiki/Perlemian_Trade_Route/Legends","DESC":"","color":"#b09cc8","weight":"","opacity":"","smoothFactor":"","SECTIONS_PROPERTIES":[[{"text":"Coruscant system/Imperial system/Yuuzhan'tar system","coords":[0.113903,0.18186]},{"text":"Alsakan system","coords":[17.07882,10.995987],"averageTravelTime":"","continuity":{"canon":"YES","legends":"YES","unlicensed":""},"desc":"","placementCert":""},{"text":"Perlemia system","coords":[26.098025,15.249576],"averageTravelTime":"","continuity":{"canon":"","legends":"YES","unlicensed":""},"desc":"","placementCert":""},{"text":"Grizmallt system","coords":[28.273248,17.676533],"averageTravelTime":"","continuity":{"canon":"","legends":"YES","unlicensed":""},"desc":"","placementCert":""},{"text":"Axum system/Anaxes system","coords":[41.159901,25.095247],"averageTravelTime":"","continuity":{"canon":"","legends":"YES","unlicensed":""},"desc":"","placementCert":""},{"text":"Corulus system/Corula system","coords":[49.375166,29.699407],"averageTravelTime":"","continuity":{"canon":"","legends":"YES","unlicensed":""},"desc":"","placementCert":""},{"text":"Chandrila system","coords":[54.923929,32.703357],"averageTravelTime":"","continuity":{"canon":"","legends":"YES","unlicensed":""},"desc":"","placementCert":""},{"text":"Brentaal system","coords":[59.849094,36.264404],"averageTravelTime":"","continuity":{"canon":"","legends":"YES","unlicensed":""},"desc":"","placementCert":""},{"text":"Essesia system","coords":[64.468516,38.445797],"averageTravelTime":"","continuity":{"canon":"","legends":"YES","unlicensed":""},"desc":"","placementCert":""},{"text":"Rhinnal system","coords":[69.087938,41.14046],"averageTravelTime":"","continuity":{"canon":"","legends":"YES","unlicensed":""},"desc":"","placementCert":""},{"text":"Ralltiir system/Ralltiiri system","coords":[74.092312,43.96344],"averageTravelTime":"","continuity":{"canon":"","legends":"YES","unlicensed":""},"desc":"","placementCert":""},{"text":"Delle system","coords":[88.871697,53.837071],"averageTravelTime":"","continuity":{"canon":"","legends":"YES","unlicensed":""},"desc":"","placementCert":""},{"text":"Yabol Opa system","coords":[109.220449,64.621515],"averageTravelTime":"","continuity":{"canon":"","legends":"YES","unlicensed":""},"desc":"","placementCert":""},{"text":"Ifmix system","coords":[121.028092,71.994847],"averageTravelTime":"","continuity":{"canon":"","legends":"YES","unlicensed":""},"desc":"","placementCert":""},{"text":"Shulstine system","coords":[133.763848,77.563517],"averageTravelTime":"","continuity":{"canon":"","legends":"YES","unlicensed":""},"desc":"","placementCert":""},{"text":"Castell system","coords":[139.363888,80.362463],"averageTravelTime":"","continuity":{"canon":"","legends":"YES","unlicensed":""},"desc":"","placementCert":""},{"text":"Raithal system","coords":[149.514964,85.926033],"averageTravelTime":"","continuity":{"canon":"","legends":"YES","unlicensed":""},"desc":"","placementCert":""},{"text":"Vurdon Ka system","coords":[169.018464,94.813507],"averageTravelTime":"","continuity":{"canon":"","legends":"YES","unlicensed":""},"desc":"","placementCert":""},{"text":"Joiol system","coords":[185.720489,101.448189],"averageTravelTime":"","continuity":{"canon":"","legends":"YES","unlicensed":""},"desc":"","placementCert":""},{"text":"Chazwa system","coords":[199.58284,106.164246],"averageTravelTime":"","continuity":{"canon":"","legends":"YES","unlicensed":""},"desc":"","placementCert":""},{"text":"Relatta system","coords":[224.449326,113.738521],"averageTravelTime":"","continuity":{"canon":"","legends":"YES","unlicensed":""},"desc":"","placementCert":""},{"text":"Tirahnn system","coords":[262.952149,119.592403],"averageTravelTime":"","continuity":{"canon":"","legends":"YES","unlicensed":""},"desc":"","placementCert":""},{"text":"Dalcretti system","coords":[313.676672,117.608195],"averageTravelTime":"","continuity":{"canon":"","legends":"YES","unlicensed":""},"desc":"","placementCert":""},{"text":"Taanab system","coords":[353.897761,110.211213],"averageTravelTime":"","continuity":{"canon":"","legends":"YES","unlicensed":""},"desc":"","placementCert":""},{"text":"Sermeria system","coords":[371.349506,109.684412],"averageTravelTime":"","continuity":{"canon":"","legends":"YES","unlicensed":""},"desc":"","placementCert":""},{"text":"Carcel system","coords":[377.683814,109.684412],"averageTravelTime":"","continuity":{"canon":"","legends":"YES","unlicensed":""},"desc":"","placementCert":""},{"text":"Pirin system","coords":[388.9668,111.465936],"averageTravelTime":"","continuity":{"canon":"","legends":"YES","unlicensed":""},"desc":"","placementCert":""},{"text":"Gizer system","coords":[405.748863,115.172728],"averageTravelTime":"","continuity":{"canon":"","legends":"YES","unlicensed":""},"desc":"","placementCert":""},{"text":"Lantillies system","coords":[430.768317,121.550236],"averageTravelTime":"","continuity":{"canon":"YES","legends":"YES","unlicensed":""},"desc":"","placementCert":""},{"text":"Rearqu system / Rearqu 10, Rearqu Cluster","coords":[483.425351,135.320274],"averageTravelTime":"","continuity":{"canon":"","legends":"YES","unlicensed":""},"desc":"","placementCert":""},{"text":"Jeyell system","coords":[513.71141,146.285916],"averageTravelTime":"","continuity":{"canon":"","legends":"YES","unlicensed":""},"desc":"","placementCert":""},{"text":"Roche system","coords":[528.593353,155.946125],"averageTravelTime":"","continuity":{"canon":"","legends":"YES","unlicensed":""},"desc":"","placementCert":""},{"text":"Orleon system","coords":[568.53579,181.76321],"averageTravelTime":"","continuity":{"canon":"","legends":"YES","unlicensed":""},"desc":"","placementCert":""},{"text":"Talcene system","coords":[580.528462,192.98712],"averageTravelTime":"","continuity":{"canon":"","legends":"YES","unlicensed":""},"desc":"","placementCert":""},{"text":"Salvara system","coords":[585.909789,198.060943],"averageTravelTime":"","continuity":{"canon":"","legends":"YES","unlicensed":""},"desc":"","placementCert":""},{"text":"Euceron system","coords":[598.517469,209.592358],"averageTravelTime":"","continuity":{"canon":"","legends":"YES","unlicensed":""},"desc":"","placementCert":""},{"text":"Abhean system","coords":[620.629172,238.650865],"averageTravelTime":"","continuity":{"canon":"","legends":"YES","unlicensed":""},"desc":"","placementCert":""},{"text":"Besh Gorgon system / The Wheel system","coords":[630.497927,249.721683],"averageTravelTime":"","continuity":{"canon":"YES","legends":"YES","unlicensed":""},"desc":"","placementCert":""},{"text":"Centares system","coords":[641.568086,263.405628],"averageTravelTime":"","continuity":{"canon":"YES","legends":"YES","unlicensed":""},"desc":"","placementCert":""},{"text":"Antemeridian system / Antemeridias system","coords":[644.114245,272.864178],"averageTravelTime":"","continuity":{"canon":"","legends":"YES","unlicensed":""},"desc":"","placementCert":""},{"text":"Budpock system","coords":[654.702391,293.661785],"averageTravelTime":"","continuity":{"canon":"","legends":"YES","unlicensed":""},"desc":"","placementCert":""},{"text":"Columex system","coords":[676.026458,327.503737356116],"averageTravelTime":"","continuity":{"canon":"","legends":"YES","unlicensed":""},"desc":"","placementCert":""},{"text":"Arcan system","coords":[700.318966,365.274621],"averageTravelTime":"","continuity":{"canon":"","legends":"YES","unlicensed":""},"desc":"","placementCert":""},{"text":"Lianna system","coords":[704.031358,372.121021],"averageTravelTime":"","continuity":{"canon":"","legends":"YES","unlicensed":""},"desc":"","placementCert":""},{"text":"Barseg system","coords":[710.302868,381.246089],"averageTravelTime":"","continuity":{"canon":"","legends":"YES","unlicensed":""},"desc":"","placementCert":""},{"text":"Lorrad system","coords":[714.25,388.11072],"averageTravelTime":"","continuity":{"canon":"","legends":"YES","unlicensed":""},"desc":"","placementCert":""},{"text":"Desev system","coords":[719.722251,397.746505],"averageTravelTime":"","continuity":{"canon":"","legends":"YES","unlicensed":""},"desc":"","placementCert":""},{"text":"Kanaver system","coords":[725.610592,407.730211],"averageTravelTime":"","continuity":{"canon":"","legends":"YES","unlicensed":""},"desc":"","placementCert":""},{"text":"Janodral Mizar system","coords":[736.52822,427.074236],"averageTravelTime":"","continuity":{"canon":"","legends":"YES","unlicensed":""},"desc":"","placementCert":""},{"text":"Ank Ki'Shor system","coords":[738.375017,429.968002],"averageTravelTime":"","continuity":{"canon":"","legends":"YES","unlicensed":""},"desc":"","placementCert":""},{"text":"Estaria system","coords":[742.639565,437.423146],"averageTravelTime":"","continuity":{"canon":"","legends":"YES","unlicensed":""},"desc":"","placementCert":""},{"text":"Makem system","coords":[749.839738,449.676766],"averageTravelTime":"","continuity":{"canon":"","legends":"YES","unlicensed":""},"desc":"","placementCert":""},{"text":"Quermia system","coords":[759.756138,463.856015],"averageTravelTime":"","continuity":{"canon":"YES","legends":"YES","unlicensed":""},"desc":"","placementCert":""}]]}},{"type":"Feature","geometry":{"type":"MultiLineString","coordinates":[[[-559.390356,111.652206],[-499.426998,141.787638],[-415.170792,172.69183],[-387.053,125.905],[-288.786482,186.990785]]]},"properties":{"ID":"018f6862-e830-7178-80a5-64f2312cd2a2","NAME":"Phalanx Route","ALT_NAMES":"","TYPE":"Hyperspace Route","PARENT_ID":"","PARENT_NAME":"","DATE_FROM":"","DATE_TO":"","CANON":"","LEGENDS":"YES","UNLICENSED":"","LEVEL":"3","ZOOM_LEVEL":"","CONJECTURAL_NAME":"","URLS":"https://starwars.fandom.com/wiki/Phalanx_Route","DESC":"","color":"","weight":"","opacity":"","smoothFactor":"","SECTIONS_PROPERTIES":[[{"text":"Cormit system","coords":[-559.390356,111.652206]},{"text":"Catlia system","coords":[-499.426998,141.787638],"averageTravelTime":"","continuity":{"canon":"","legends":"YES","unlicensed":""},"desc":"","placementCert":""},{"text":"Massoss system","coords":[-415.170792,172.69183],"averageTravelTime":"","continuity":{"canon":"","legends":"YES","unlicensed":""},"desc":"","placementCert":""},{"text":"Crustai system","coords":[-387.053,125.905],"averageTravelTime":"","continuity":{"canon":"","legends":"YES","unlicensed":""},"desc":"","placementCert":""},{"text":"Tenupe system","coords":[-288.786482,186.990785],"averageTravelTime":"","continuity":{"canon":"","legends":"YES","unlicensed":""},"desc":"","placementCert":""}]]}},{"type":"Feature","geometry":{"type":"MultiLineString","coordinates":[[[12.625,158.90625],[12,159]]]},"properties":{"ID":"018f6862-e830-7e54-8f55-0f86744e622e","NAME":"Pijal Hyperspace Corridor","ALT_NAMES":"","TYPE":"Hyperspace Route","PARENT_ID":"","PARENT_NAME":"","DATE_FROM":"-40","DATE_TO":"","CANON":"YES","LEGENDS":"","UNLICENSED":"","LEVEL":"3","ZOOM_LEVEL":"","CONJECTURAL_NAME":"","URLS":"https://starwars.fandom.com/wiki/Pijal_Hyperspace_Corridor","DESC":"","color":"","weight":"","opacity":"","smoothFactor":"","SECTIONS_PROPERTIES":[[{"text":"Byrnum Maw","coords":[12.625,158.90625]},{"text":"Pijal system","coords":[12,159],"averageTravelTime":"","continuity":{"canon":"YES","legends":"","unlicensed":""},"desc":"","placementCert":""}]]}},{"type":"Feature","geometry":{"type":"MultiLineString","coordinates":[[[486.769182,463.911733],[484.394067,453.942113],[485.786882,441.692676],[476.374387,431.649749],[463.941685,424.517073],[453.928081,414.562114],[441.788602,401.887501],[433.166664,382.871671]]]},"properties":{"ID":"018f6862-e830-7af8-8d9b-e993765183a3","NAME":"Pinooran Spur","ALT_NAMES":"","TYPE":"Hyperspace Route","PARENT_ID":"","PARENT_NAME":"","DATE_FROM":"","DATE_TO":"","CANON":"YES","LEGENDS":"YES","UNLICENSED":"","LEVEL":"2","ZOOM_LEVEL":"","CONJECTURAL_NAME":"","URLS":"https://starwars.fandom.com/wiki/Pinooran_Spur,https://starwars.fandom.com/wiki/Pinooran_Spur/Legends","DESC":"","color":"","weight":"","opacity":"","smoothFactor":"","SECTIONS_PROPERTIES":[[{"text":"Kushibah system","coords":[486.769182,463.911733]},{"text":"Mogoshyn system","coords":[484.394067,453.942113],"averageTravelTime":"","continuity":{"canon":"","legends":"YES","unlicensed":""},"desc":"","placementCert":""},{"text":"Betshish system","coords":[485.786882,441.692676],"averageTravelTime":"","continuity":{"canon":"","legends":"YES","unlicensed":""},"desc":"","placementCert":""},{"text":"Kli'aar system","coords":[476.374387,431.649749],"averageTravelTime":"","continuity":{"canon":"","legends":"YES","unlicensed":""},"desc":"","placementCert":""},{"text":"Marrovia system","coords":[463.941685,424.517073],"averageTravelTime":"","continuity":{"canon":"","legends":"YES","unlicensed":""},"desc":"","placementCert":""},{"text":"Ladarra system","coords":[453.928081,414.562114],"averageTravelTime":"","continuity":{"canon":"","legends":"YES","unlicensed":""},"desc":"","placementCert":""},{"text":"Krylon system","coords":[441.788602,401.887501],"averageTravelTime":"","continuity":{"canon":"","legends":"YES","unlicensed":""},"desc":"","placementCert":""},{"text":"Pinoora system","coords":[433.166664,382.871671],"averageTravelTime":"","continuity":{"canon":"","legends":"YES","unlicensed":""},"desc":"","placementCert":""}]]}},{"type":"Feature","geometry":{"type":"MultiLineString","coordinates":[[[907.731959,330.498024],[914.478242,326.290279],[916.015764,313.83635],[921.397091,309.531289],[925.240896,294.002316],[933.697267,289.697255],[946.4587,280.472123],[945.850976,252.418493]]]},"properties":{"ID":"018f6862-e830-73e7-bf12-b6fb93c30e41","NAME":"Prously's Rim Run","ALT_NAMES":"","TYPE":"Hyperspace Route","PARENT_ID":"","PARENT_NAME":"","DATE_FROM":"","DATE_TO":"","CANON":"","LEGENDS":"YES","UNLICENSED":"","LEVEL":"3","ZOOM_LEVEL":"","CONJECTURAL_NAME":"","URLS":"https://starwars.fandom.com/wiki/Prously%27s_Rim_Run","DESC":"","color":"","weight":"","opacity":"","smoothFactor":"","SECTIONS_PROPERTIES":[[{"text":"Mon Calamari system/","coords":[907.731959,330.498024]},{"text":"Pammant system","coords":[914.478242,326.290279],"averageTravelTime":"","continuity":{"canon":"","legends":"YES","unlicensed":""},"desc":"","placementCert":""},{"text":"Mantan system","coords":[916.015764,313.83635],"averageTravelTime":"","continuity":{"canon":"","legends":"YES","unlicensed":""},"desc":"","placementCert":""},{"text":"New Heurkea system","coords":[921.397091,309.531289],"averageTravelTime":"","continuity":{"canon":"","legends":"YES","unlicensed":""},"desc":"","placementCert":""},{"text":"Sanctuary system","coords":[925.240896,294.002316],"averageTravelTime":"","continuity":{"canon":"","legends":"YES","unlicensed":""},"desc":"","placementCert":""},{"text":"Kamdon system","coords":[933.697267,289.697255],"averageTravelTime":"","continuity":{"canon":"","legends":"YES","unlicensed":""},"desc":"","placementCert":""},{"text":"Dornea system","coords":[946.4587,280.472123],"averageTravelTime":"","continuity":{"canon":"","legends":"YES","unlicensed":""},"desc":"","placementCert":""},{"text":"Baros system / Bari system","coords":[945.850976,252.418493],"averageTravelTime":"","continuity":{"canon":"","legends":"YES","unlicensed":""},"desc":"","placementCert":""}]]}},{"type":"Feature","geometry":{"type":"MultiLineString","coordinates":[[[717.526355,-520.188021],[720.13546,-526.726932]]]},"properties":{"ID":"018f6862-e830-782b-9ad8-ad07791599c4","NAME":"Quiberon Line","ALT_NAMES":"","TYPE":"Hyperspace Route","PARENT_ID":"","PARENT_NAME":"","DATE_FROM":"-31","DATE_TO":"","CANON":"","LEGENDS":"YES","UNLICENSED":"","LEVEL":"4","ZOOM_LEVEL":"","CONJECTURAL_NAME":"","URLS":"https://starwars.fandom.com/wiki/Quiberon_Line","DESC":"","color":"","weight":"","opacity":"","smoothFactor":"","SECTIONS_PROPERTIES":[[{"text":"The Rishi Maze","coords":[717.526355,-520.188021]},{"text":"Kamino system","coords":[720.13546,-526.726932],"averageTravelTime":"","continuity":{"canon":"","legends":"YES","unlicensed":""},"desc":"","placementCert":""}]]}},{"type":"Feature","geometry":{"type":"MultiLineString","coordinates":[[[-255.11475,253.565488],[-233.743195,276.935822],[-217.906718,289.543503],[-207.60532,301.22867],[-164.554704,320.447695]]]},"properties":{"ID":"018f6862-e830-7a70-8270-21436bad73e9","NAME":"Rago Run","ALT_NAMES":"","TYPE":"Hyperspace Route","PARENT_ID":"","PARENT_NAME":"","DATE_FROM":"","DATE_TO":"","CANON":"","LEGENDS":"YES","UNLICENSED":"","LEVEL":"2","ZOOM_LEVEL":"","CONJECTURAL_NAME":"","URLS":"https://starwars.fandom.com/wiki/Rago_Run","DESC":"","color":"","weight":"","opacity":"","smoothFactor":"","SECTIONS_PROPERTIES":[[{"text":"Rago system","coords":[-255.11475,253.565488]},{"text":"Sinton system","coords":[-233.743195,276.935822],"averageTravelTime":"","continuity":{"canon":"","legends":"YES","unlicensed":""},"desc":"","placementCert":""},{"text":"Gilatter system","coords":[-217.906718,289.543503],"averageTravelTime":"","continuity":{"canon":"","legends":"YES","unlicensed":""},"desc":"","placementCert":""},{"text":"Ansion system","coords":[-207.60532,301.22867],"averageTravelTime":"","continuity":{"canon":"","legends":"YES","unlicensed":""},"desc":"","placementCert":""},{"text":"Keitum system","coords":[-164.554704,320.447695],"averageTravelTime":"","continuity":{"canon":"","legends":"YES","unlicensed":""},"desc":"","placementCert":""}]]}},{"type":"Feature","geometry":{"type":"MultiLineString","coordinates":[[[748.332146,601.618157],[749.640624,599.099755]]]},"properties":{"ID":"018f6862-e830-714f-b7b9-3920345b749f","NAME":"Rampa Rapids","ALT_NAMES":"","TYPE":"Hyperspace Route","PARENT_ID":"","PARENT_NAME":"","DATE_FROM":"","DATE_TO":"","CANON":"","LEGENDS":"YES","UNLICENSED":"","LEVEL":"3","ZOOM_LEVEL":"","CONJECTURAL_NAME":"","URLS":"https://starwars.fandom.com/wiki/Rampa_Rapids","DESC":"","color":"","weight":"","opacity":"","smoothFactor":"","SECTIONS_PROPERTIES":[[{"text":"R'alla system","coords":[748.332146,601.618157]},{"text":"Rampa system","coords":[749.640624,599.099755],"averageTravelTime":"","continuity":{"canon":"","legends":"YES","unlicensed":""},"desc":"","placementCert":""}]]}},{"type":"Feature","geometry":{"type":"MultiLineString","coordinates":[[[430.768317,121.550236],[453.825461,106.342332],[456.666629,88.399958],[453.0791984749753,71.651007],[472.921543,11.229998],[489.997309,4.125673],[505.217103,-13.008176],[516.261104,-24.150785],[526.929376,-35.007572]]]},"properties":{"ID":"018f6862-e830-70b7-b97a-fd3d43c817d9","NAME":"Randon Run","ALT_NAMES":"","TYPE":"Hyperspace Route","PARENT_ID":"","PARENT_NAME":"","DATE_FROM":"","DATE_TO":"","CANON":"YES","LEGENDS":"YES","UNLICENSED":"","LEVEL":"2","ZOOM_LEVEL":"","CONJECTURAL_NAME":"","URLS":"https://starwars.fandom.com/wiki/Randon_Run,https://starwars.fandom.com/wiki/Randon_Run/Legends","DESC":"","color":"","weight":"","opacity":"","smoothFactor":"","SECTIONS_PROPERTIES":[[{"text":"Lantillies system","coords":[430.768317,121.550236]},{"text":"Phaseera system","coords":[453.825461,106.342332],"averageTravelTime":"","continuity":{"canon":"","legends":"YES","unlicensed":""},"desc":"","placementCert":""},{"text":"Bracca system","coords":[456.666629,88.399958],"averageTravelTime":"","continuity":{"canon":"YES","legends":"","unlicensed":""},"desc":"","placementCert":""},{"text":"Uyter system","coords":[453.0791984749753,71.651007],"averageTravelTime":"","continuity":{"canon":"","legends":"YES","unlicensed":""},"desc":"","placementCert":""},{"text":"Kashyyyk system / Hsskassi system","coords":[472.921543,11.229998],"averageTravelTime":"","continuity":{"canon":"YES","legends":"YES","unlicensed":""},"desc":"","placementCert":""},{"text":"Rakhuuun system","coords":[489.997309,4.125673],"averageTravelTime":"","continuity":{"canon":"","legends":"YES","unlicensed":""},"desc":"","placementCert":""},{"text":"Chamble system","coords":[505.217103,-13.008176],"averageTravelTime":"","continuity":{"canon":"","legends":"YES","unlicensed":""},"desc":"","placementCert":""},{"text":"Messert system","coords":[516.261104,-24.150785],"averageTravelTime":"","continuity":{"canon":"","legends":"YES","unlicensed":""},"desc":"","placementCert":""},{"text":"Randon system","coords":[526.929376,-35.007572],"averageTravelTime":"","continuity":{"canon":"","legends":"YES","unlicensed":""},"desc":"","placementCert":""}]]}},{"type":"Feature","geometry":{"type":"MultiLineString","coordinates":[[[436.89438,-533.722684],[491.087222,-518.141866],[510.839353,-495.647847],[537.811085,-462.761624],[547.91606,-453.919772],[568.253686,-448.625248],[620.431256,-435.265897]]]},"properties":{"ID":"018f6862-e830-7df1-b756-824a6e02876a","NAME":"Reena Trade Route","ALT_NAMES":"","TYPE":"Hyperspace Route","PARENT_ID":"","PARENT_NAME":"","DATE_FROM":"","DATE_TO":"","CANON":"","LEGENDS":"YES","UNLICENSED":"","LEVEL":"2","ZOOM_LEVEL":"","CONJECTURAL_NAME":"","URLS":"https://starwars.fandom.com/wiki/Reena_Trade_Route","DESC":"","color":"","weight":"","opacity":"","smoothFactor":"","SECTIONS_PROPERTIES":[[{"text":"Druckenwell system","coords":[436.89438,-533.722684]},{"text":"Haseria system","coords":[491.087222,-518.141866],"averageTravelTime":"","continuity":{"canon":"","legends":"YES","unlicensed":""},"desc":"","placementCert":""},{"text":"Monastery system","coords":[510.839353,-495.647847],"averageTravelTime":"","continuity":{"canon":"","legends":"YES","unlicensed":""},"desc":"","placementCert":""},{"text":"Masterra system","coords":[537.811085,-462.761624],"averageTravelTime":"","continuity":{"canon":"","legends":"YES","unlicensed":""},"desc":"","placementCert":""},{"text":"Nexus Ortai system","coords":[547.91606,-453.919772],"averageTravelTime":"","continuity":{"canon":"","legends":"YES","unlicensed":""},"desc":"","placementCert":""},{"text":"Spirador system","coords":[568.253686,-448.625248],"averageTravelTime":"","continuity":{"canon":"","legends":"YES","unlicensed":""},"desc":"","placementCert":""},{"text":"Both system","coords":[620.431256,-435.265897],"averageTravelTime":"","continuity":{"canon":"","legends":"YES","unlicensed":""},"desc":"","placementCert":""}]]}},{"type":"Feature","geometry":{"type":"MultiLineString","coordinates":[[[73.453703,425.460448],[82.063826,441.758182],[87.857687,445.962051],[84.100757,451.329094],[84.216357,460.51595],[89.597684,469.279826],[72.53119,470.663595],[56.848465,475.122409],[6.417743,489.575116],[-12.955034,492.65016],[-30.021528,498.954],[-63.232004,517.558017],[-76.91595,532.010724],[-89.52363,537.853307],[-123.502866,557.533589],[-132.881751,569.065004],[-143.490653,587.822773]]]},"properties":{"ID":"018f6862-e830-7f5b-b886-f89c9fad9507","NAME":"Relgim Run","ALT_NAMES":"Relgim hyperspace lane","TYPE":"Hyperspace Route","PARENT_ID":"","PARENT_NAME":"","DATE_FROM":"-380","DATE_TO":"","CANON":"YES","LEGENDS":"YES","UNLICENSED":"","LEVEL":"3","ZOOM_LEVEL":"","CONJECTURAL_NAME":"","URLS":"https://starwars.fandom.com/wiki/Relgim_Run,https://starwars.fandom.com/wiki/Relgim_Run/Legends","DESC":"","color":"","weight":"","opacity":"","smoothFactor":"","SECTIONS_PROPERTIES":[[{"text":"Fedje system","coords":[73.453703,425.460448]},{"text":"Fest system","coords":[82.063826,441.758182],"averageTravelTime":"","continuity":{"canon":"","legends":"YES","unlicensed":""},"desc":"","placementCert":""},{"text":"Devon system","coords":[87.857687,445.962051],"averageTravelTime":"","continuity":{"canon":"","legends":"YES","unlicensed":""},"desc":"","placementCert":""},{"text":"Atrivis system","coords":[84.100757,451.329094],"averageTravelTime":"","continuity":{"canon":"","legends":"YES","unlicensed":""},"desc":"","placementCert":""},{"text":"Markbee's Star system","coords":[84.216357,460.51595],"averageTravelTime":"","continuity":{"canon":"","legends":"YES","unlicensed":""},"desc":"","placementCert":""},{"text":"Nam'ta system","coords":[89.597684,469.279826],"averageTravelTime":"","continuity":{"canon":"","legends":"YES","unlicensed":""},"desc":"","placementCert":""},{"text":"Horuz system","coords":[72.53119,470.663595],"averageTravelTime":"","continuity":{"canon":"","legends":"YES","unlicensed":""},"desc":"","placementCert":""},{"text":"Mantooine system","coords":[56.848465,475.122409],"averageTravelTime":"","continuity":{"canon":"","legends":"YES","unlicensed":""},"desc":"","placementCert":""},{"text":"Vykos system","coords":[6.417743,489.575116],"averageTravelTime":"","continuity":{"canon":"","legends":"YES","unlicensed":""},"desc":"","placementCert":""},{"text":"Maelstrom Nebula","coords":[-12.955034,492.65016],"averageTravelTime":"","continuity":{"canon":"","legends":"YES","unlicensed":""},"desc":"","placementCert":""},{"text":"Albarrio system","coords":[-30.021528,498.954],"averageTravelTime":"","continuity":{"canon":"","legends":"YES","unlicensed":""},"desc":"","placementCert":""},{"text":"Marmoth system","coords":[-63.232004,517.558017],"averageTravelTime":"","continuity":{"canon":"","legends":"YES","unlicensed":""},"desc":"","placementCert":""},{"text":"Cezith system","coords":[-76.91595,532.010724],"averageTravelTime":"","continuity":{"canon":"","legends":"YES","unlicensed":""},"desc":"","placementCert":""},{"text":"Endoraan system","coords":[-89.52363,537.853307],"averageTravelTime":"","continuity":{"canon":"","legends":"YES","unlicensed":""},"desc":"","placementCert":""},{"text":"Gelda system","coords":[-123.502866,557.533589],"averageTravelTime":"","continuity":{"canon":"","legends":"YES","unlicensed":""},"desc":"","placementCert":""},{"text":"Delephr system","coords":[-132.881751,569.065004],"averageTravelTime":"","continuity":{"canon":"","legends":"YES","unlicensed":""},"desc":"","placementCert":""},{"text":"Ord Thoden system","coords":[-143.490653,587.822773],"averageTravelTime":"","continuity":{"canon":"","legends":"YES","unlicensed":""},"desc":"","placementCert":""}]]}},{"type":"Feature","geometry":{"type":"MultiLineString","coordinates":[[[-3.883654,-316.701426],[-3.931924,-325.582367],[3.449588,-354.96832],[27.819958,-397.616467],[38.852948,-411.269427],[65.869977,-442.216206],[74.220695,-456.461549],[86.380268,-489.69165],[89.957178,-497.236957],[96.847856,-516.864946],[107.127285,-548.622562],[120.314686,-584.744573],[129.48853,-615.419614],[134.075452,-635.487398],[139.974153,-659.203592],[143.09171,-675.474861],[147.130848,-693.449023],[149.958244,-727.579734],[152.583683,-744.544112],[155.028272,-781.267757],[153.75,-813],[154.426377,-829.149199],[155.443467,-876.571063]],[[154.426377,-829.149199],[155.443467,-876.571063],[159.511831,-885.979154]],[[155.443467,-876.571063],[159.511831,-885.979154],[161.788217,-913.284319],[161.659161,-915.264298],[157.459817,-934.511293],[161.309216,-980.995703],[159.75002,-995.24819],[162.06158,-1055.863548],[161.892458,-1069.969312],[165.158615,-1128.031081]]]},"properties":{"ID":"018f6862-e830-70d2-9bbc-fe1f6a73e32c","NAME":"Rimma Trade Route","ALT_NAMES":"","TYPE":"Hyperspace Route","PARENT_ID":"","PARENT_NAME":"","DATE_FROM":"-5500","DATE_TO":"","CANON":"YES","LEGENDS":"YES","UNLICENSED":"","LEVEL":"1","ZOOM_LEVEL":"0","CONJECTURAL_NAME":"","URLS":"https://starwars.fandom.com/wiki/Rimma_Trade_Route,https://starwars.fandom.com/wiki/Rimma_Trade_Route/Legends","DESC":"","color":"#00bfff","weight":"","opacity":"","smoothFactor":"","SECTIONS_PROPERTIES":[[{"text":"Abregado system","coords":[-3.883654,-316.701426]},{"text":"Dentaal system","coords":[-3.931924,-325.582367],"averageTravelTime":"","continuity":{"canon":"","legends":"YES","unlicensed":""},"desc":"","placementCert":""},{"text":"Giju system","coords":[3.449588,-354.96832],"averageTravelTime":"","continuity":{"canon":"YES","legends":"YES","unlicensed":""},"desc":"","placementCert":""},{"text":"Ghorman system","coords":[27.819958,-397.616467],"averageTravelTime":"","continuity":{"canon":"YES","legends":"YES","unlicensed":""},"desc":"","placementCert":""},{"text":"Vanik system","coords":[38.852948,-411.269427],"averageTravelTime":"","continuity":{"canon":"","legends":"YES","unlicensed":""},"desc":"","placementCert":""},{"text":"Polith system / Thyferra system","coords":[65.869977,-442.216206],"averageTravelTime":"","continuity":{"canon":"","legends":"YES","unlicensed":""},"desc":"","placementCert":""},{"text":"Tauber system","coords":[74.220695,-456.461549],"averageTravelTime":"","continuity":{"canon":"","legends":"YES","unlicensed":""},"desc":"","placementCert":""},{"text":"Yag'Dhul system","coords":[86.380268,-489.69165],"averageTravelTime":"","continuity":{"canon":"","legends":"YES","unlicensed":""},"desc":"","placementCert":""},{"text":"Sukkult system","coords":[89.957178,-497.236957],"averageTravelTime":"","continuity":{"canon":"","legends":"YES","unlicensed":""},"desc":"","placementCert":""},{"text":"Wroona system","coords":[96.847856,-516.864946],"averageTravelTime":"","continuity":{"canon":"","legends":"YES","unlicensed":""},"desc":"","placementCert":""},{"text":"Tregillis system","coords":[107.127285,-548.622562],"averageTravelTime":"","continuity":{"canon":"","legends":"YES","unlicensed":""},"desc":"","placementCert":""},{"text":"Vandelhelm system","coords":[120.314686,-584.744573],"averageTravelTime":"","continuity":{"canon":"","legends":"YES","unlicensed":""},"desc":"","placementCert":""},{"text":"Woostri system","coords":[129.48853,-615.419614],"averageTravelTime":"","continuity":{"canon":"YES","legends":"YES","unlicensed":""},"desc":"","placementCert":""},{"text":"Daemen system","coords":[134.075452,-635.487398],"averageTravelTime":"","continuity":{"canon":"","legends":"YES","unlicensed":""},"desc":"","placementCert":""},{"text":"K'vath system","coords":[139.974153,-659.203592],"averageTravelTime":"","continuity":{"canon":"","legends":"YES","unlicensed":""},"desc":"","placementCert":""},{"text":"Lanthe system","coords":[143.09171,-675.474861],"averageTravelTime":"","continuity":{"canon":"","legends":"YES","unlicensed":""},"desc":"","placementCert":""},{"text":"Vondarc system","coords":[147.130848,-693.449023],"averageTravelTime":"","continuity":{"canon":"","legends":"YES","unlicensed":""},"desc":"","placementCert":""},{"text":"Medth system","coords":[149.958244,-727.579734],"averageTravelTime":"","continuity":{"canon":"","legends":"YES","unlicensed":""},"desc":"","placementCert":""},{"text":"Tshindral system","coords":[152.583683,-744.544112],"averageTravelTime":"","continuity":{"canon":"","legends":"YES","unlicensed":""},"desc":"","placementCert":""},{"text":"Sullust system","coords":[155.028272,-781.267757],"averageTravelTime":"","continuity":{"canon":"","legends":"YES","unlicensed":""},"desc":"","placementCert":""},{"text":"Agomar system","coords":[153.75,-813],"averageTravelTime":"","continuity":{"canon":"","legends":"YES","unlicensed":""},"desc":"","placementCert":""},{"text":"Eriadu system","coords":[154.426377,-829.149199],"averageTravelTime":"","continuity":{"canon":"","legends":"YES","unlicensed":""},"desc":"","placementCert":""},{"text":"Colu system","coords":[155.443467,-876.571063],"averageTravelTime":"","continuity":{"canon":"","legends":"YES","unlicensed":""},"desc":"","placementCert":""}],[{"text":"Eriadu system","coords":[154.426377,-829.149199]},{"text":"Bith system (Outer Rim Territories)","coords":[155.443467,-876.571063],"averageTravelTime":"","continuity":{"canon":"YES","legends":"","unlicensed":""},"desc":"","placementCert":""},{"text":"Triton system","coords":[159.511831,-885.979154],"averageTravelTime":"","continuity":{"canon":"","legends":"YES","unlicensed":""},"desc":"","placementCert":""}],[{"text":"Bith system (Outer Rim Territories)","coords":[155.443467,-876.571063]},{"text":"Triton system","coords":[159.511831,-885.979154],"averageTravelTime":"","continuity":{"canon":"YES","legends":"","unlicensed":""},"desc":"","placementCert":""},{"text":"Praesitlyn system","coords":[161.788217,-913.284319],"averageTravelTime":"","continuity":{"canon":"","legends":"YES","unlicensed":""},"desc":"","placementCert":""},{"text":"Sluis system","coords":[161.659161,-915.264298],"averageTravelTime":"","continuity":{"canon":"","legends":"YES","unlicensed":""},"desc":"","placementCert":""},{"text":"Denab system","coords":[157.459817,-934.511293],"averageTravelTime":"","continuity":{"canon":"","legends":"YES","unlicensed":""},"desc":"","placementCert":""},{"text":"Tarabba system","coords":[161.309216,-980.995703],"averageTravelTime":"","continuity":{"canon":"","legends":"YES","unlicensed":""},"desc":"","placementCert":""},{"text":"Tantra system","coords":[159.75002,-995.24819],"averageTravelTime":"","continuity":{"canon":"","legends":"YES","unlicensed":""},"desc":"","placementCert":""},{"text":"Adarlon system","coords":[162.06158,-1055.863548],"averageTravelTime":"","continuity":{"canon":"","legends":"YES","unlicensed":""},"desc":"","placementCert":""},{"text":"Karideph system","coords":[161.892458,-1069.969312],"averageTravelTime":"","continuity":{"canon":"","legends":"YES","unlicensed":""},"desc":"","placementCert":""},{"text":"Kal'Shebbol system","coords":[165.158615,-1128.031081],"averageTravelTime":"10:0:0:0","continuity":{"canon":"YES","legends":"","unlicensed":""},"desc":"","placementCert":""}]]}},{"type":"Feature","geometry":{"type":"MultiLineString","coordinates":[[[732.102204,-557.966244],[858.329547,-555.50017]]]},"properties":{"ID":"018f6862-e830-77a6-b4bb-5b777e26bba1","NAME":"Rothana Route","ALT_NAMES":"","TYPE":"Hyperspace Route","PARENT_ID":"","PARENT_NAME":"","DATE_FROM":"-800","DATE_TO":"","CANON":"","LEGENDS":"YES","UNLICENSED":"","LEVEL":"3","ZOOM_LEVEL":"","CONJECTURAL_NAME":"","URLS":"https://starwars.fandom.com/wiki/Rothana_Route","DESC":"","color":"","weight":"","opacity":"","smoothFactor":"","SECTIONS_PROPERTIES":[[{"text":"Molavar system","coords":[732.102204,-557.966244]},{"text":"Rothana system","coords":[858.329547,-555.50017],"averageTravelTime":"","continuity":{"canon":"","legends":"YES","unlicensed":""},"desc":"","placementCert":""}]]}},{"type":"Feature","geometry":{"type":"MultiLineString","coordinates":[[[790.374017,389.913716],[835.234719,376.50398]]]},"properties":{"ID":"018f6862-e830-713d-a129-a7f0b3f11453","NAME":"Rudrig-Gbu Way","ALT_NAMES":"","TYPE":"Hyperspace Route","PARENT_ID":"","PARENT_NAME":"","DATE_FROM":"","DATE_TO":"","CANON":"","LEGENDS":"YES","UNLICENSED":"","LEVEL":"3","ZOOM_LEVEL":"","CONJECTURAL_NAME":"","URLS":"https://starwars.fandom.com/wiki/Rudrig-Gbu_Way","DESC":"","color":"","weight":"","opacity":"","smoothFactor":"","SECTIONS_PROPERTIES":[[{"text":"Rudrig system","coords":[790.374017,389.913716]},{"text":"Gbu system","coords":[835.234719,376.50398],"averageTravelTime":"","continuity":{"canon":"","legends":"YES","unlicensed":""},"desc":"","placementCert":""}]]}},{"type":"Feature","geometry":{"type":"MultiLineString","coordinates":[[[670.729397,-761.442783],[516.426222,-768.500624]]]},"properties":{"ID":"018f6862-e830-7ba1-a038-b411aa721c20","NAME":"Ryloth Road","ALT_NAMES":"","TYPE":"Hyperspace Route","PARENT_ID":"","PARENT_NAME":"","DATE_FROM":"","DATE_TO":"","CANON":"","LEGENDS":"YES","UNLICENSED":"","LEVEL":"3","ZOOM_LEVEL":"","CONJECTURAL_NAME":"","URLS":"https://starwars.fandom.com/wiki/Ryloth_Road","DESC":"","color":"","weight":"","opacity":"","smoothFactor":"","SECTIONS_PROPERTIES":[[{"text":"Ryloth system","coords":[670.729397,-761.442783]},{"text":"Socorro system","coords":[516.426222,-768.500624],"averageTravelTime":"","continuity":{"canon":"","legends":"YES","unlicensed":""},"desc":"","placementCert":""}]]}},{"type":"Feature","geometry":{"type":"MultiLineString","coordinates":[[[354.7926305,57.624682],[355.341823,57.888059],[355.91023,58.222701],[356.4482695,58.5302515],[356.960929,58.238279],[357.324291,58.207021],[357.699374,58.183578],[358.28550525,58.2973755],[358.648648,58.265644],[358.9571,58.406283],[359.035242,58.445355],[359.980765,59.465125],[360.51402325,59.28107]]]},"properties":{"ID":"018f6862-e830-7989-9d8a-f245b30d2961","NAME":"Rynmar Trail","ALT_NAMES":"","TYPE":"Hyperspace Route","PARENT_ID":"","PARENT_NAME":"","DATE_FROM":"","DATE_TO":"","CANON":"","LEGENDS":"YES","UNLICENSED":"","LEVEL":"3","ZOOM_LEVEL":"","CONJECTURAL_NAME":"","URLS":"https://starwars.fandom.com/wiki/Rynmar_Trail","DESC":"","color":"","weight":"","opacity":"","smoothFactor":"","SECTIONS_PROPERTIES":[[{"text":"Vergill system","coords":[354.7926305,57.624682]},{"text":"Modus system","coords":[355.341823,57.888059],"averageTravelTime":"","continuity":{"canon":"","legends":"YES","unlicensed":""},"desc":"","placementCert":""},{"text":"Hapes Cluster nameless system 70","coords":[355.91023,58.222701],"averageTravelTime":"","continuity":{"canon":"","legends":"YES","unlicensed":""},"desc":"","placementCert":""},{"text":"Sargon system","coords":[356.4482695,58.5302515],"averageTravelTime":"","continuity":{"canon":"","legends":"YES","unlicensed":""},"desc":"","placementCert":""},{"text":"Hapes Cluster nameless system 54","coords":[356.960929,58.238279],"averageTravelTime":"","continuity":{"canon":"","legends":"YES","unlicensed":""},"desc":"","placementCert":""},{"text":"Hapes Cluster nameless system 53","coords":[357.324291,58.207021],"averageTravelTime":"","continuity":{"canon":"","legends":"YES","unlicensed":""},"desc":"","placementCert":""},{"text":"Hapes Cluster nameless system 52","coords":[357.699374,58.183578],"averageTravelTime":"","continuity":{"canon":"","legends":"YES","unlicensed":""},"desc":"","placementCert":""},{"text":"Febrini system","coords":[358.28550525,58.2973755],"averageTravelTime":"","continuity":{"canon":"","legends":"YES","unlicensed":""},"desc":"","placementCert":""},{"text":"Hapes Cluster nameless system 49","coords":[358.648648,58.265644],"averageTravelTime":"","continuity":{"canon":"","legends":"YES","unlicensed":""},"desc":"","placementCert":""},{"text":"Hapes Cluster nameless system 48","coords":[358.9571,58.406283],"averageTravelTime":"","continuity":{"canon":"","legends":"YES","unlicensed":""},"desc":"","placementCert":""},{"text":"Hapes Cluster nameless system 107","coords":[359.035242,58.445355],"averageTravelTime":"","continuity":{"canon":"","legends":"YES","unlicensed":""},"desc":"","placementCert":""},{"text":"Hapes Cluster nameless system 40","coords":[359.980765,59.465125],"averageTravelTime":"","continuity":{"canon":"","legends":"YES","unlicensed":""},"desc":"","placementCert":""},{"text":"Rynmar system","coords":[360.51402325,59.28107],"averageTravelTime":"","continuity":{"canon":"","legends":"YES","unlicensed":""},"desc":"","placementCert":""}]]}},{"type":"Feature","geometry":{"type":"MultiLineString","coordinates":[[[275.957414,421.673033],[278.823966,409.888319],[308.5625,394.0625],[334.494586,371.684545],[346.028683,351.004566],[375.375751,327.412582],[422.310814,302.35281],[460.294241,287.698476],[464.25,288.75],[479.003278,288.124853],[547.625491,300.152405],[550.085526,314.451359],[562.539454,329.21157],[592.367381,333.824137],[662.785889,336.745428],[676.026458,327.503737356116]],[[678.314862,330.749092],[676.026458,327.503737356116]],[[677.823297521576,312.22809296342996],[678.314862,330.749092]],[[677.823297521576,312.22809296342996],[671.761645,284.184422],[698.379824,248.071702],[709.091,234.398],[746.427087,199.137208],[748.433391,148.622396],[765.646112,123.644878],[774.409987,121.03109]],[[671.761645,284.184422],[698.379824,248.071702]],[[677.823297521576,312.22809296342996],[671.761645,284.184422]]]},"properties":{"ID":"018f6862-e830-76b5-ad38-6f78b6253373","NAME":"Salin Corridor","ALT_NAMES":"Warriors' Trace","TYPE":"Hyperspace Route","PARENT_ID":"","PARENT_NAME":"","DATE_FROM":"-17000","DATE_TO":"","CANON":"YES","LEGENDS":"YES","UNLICENSED":"","LEVEL":"2","ZOOM_LEVEL":"","CONJECTURAL_NAME":"","URLS":"https://starwars.fandom.com/wiki/Salin_Corridor,https://starwars.fandom.com/wiki/Salin_Corridor/Legends","DESC":"","color":"","weight":"","opacity":"","smoothFactor":"","SECTIONS_PROPERTIES":[[{"text":"Salin system","coords":[275.957414,421.673033]},{"text":"Vinsoth system","coords":[278.823966,409.888319],"averageTravelTime":"","continuity":{"canon":"YES","legends":"YES","unlicensed":""},"desc":"","placementCert":""},{"text":"Varkana system","coords":[308.5625,394.0625],"averageTravelTime":"","continuity":{"canon":"YES","legends":"YES","unlicensed":""},"desc":"","placementCert":""},{"text":"Drackmar system","coords":[334.494586,371.684545],"averageTravelTime":"","continuity":{"canon":"","legends":"YES","unlicensed":""},"desc":"","placementCert":""},{"text":"Botajef system","coords":[346.028683,351.004566],"averageTravelTime":"","continuity":{"canon":"YES","legends":"YES","unlicensed":""},"desc":"","placementCert":""},{"text":"Raydonia system","coords":[375.375751,327.412582],"averageTravelTime":"","continuity":{"canon":"YES","legends":"YES","unlicensed":""},"desc":"","placementCert":""},{"text":"Phindar system","coords":[422.310814,302.35281],"averageTravelTime":"","continuity":{"canon":"","legends":"YES","unlicensed":""},"desc":"","placementCert":""},{"text":"Bompreil system","coords":[460.294241,287.698476],"averageTravelTime":"","continuity":{"canon":"","legends":"YES","unlicensed":""},"desc":"","placementCert":""},{"text":"Ubdur system","coords":[464.25,288.75],"averageTravelTime":"","continuity":{"canon":"YES","legends":"YES","unlicensed":""},"desc":"","placementCert":""},{"text":"Yalbec Prime's system","coords":[479.003278,288.124853],"averageTravelTime":"","continuity":{"canon":"YES","legends":"YES","unlicensed":""},"desc":"","placementCert":""},{"text":"Gala system","coords":[547.625491,300.152405],"averageTravelTime":"","continuity":{"canon":"","legends":"YES","unlicensed":""},"desc":"","placementCert":""},{"text":"Vjun system","coords":[550.085526,314.451359],"averageTravelTime":"","continuity":{"canon":"","legends":"YES","unlicensed":""},"desc":"","placementCert":""},{"text":"Lucazec system","coords":[562.539454,329.21157],"averageTravelTime":"","continuity":{"canon":"","legends":"YES","unlicensed":""},"desc":"","placementCert":""},{"text":"Quell system","coords":[592.367381,333.824137],"averageTravelTime":"","continuity":{"canon":"YES","legends":"YES","unlicensed":""},"desc":"","placementCert":""},{"text":"Auratera system","coords":[662.785889,336.745428],"averageTravelTime":"","continuity":{"canon":"YES","legends":"","unlicensed":""},"desc":"","placementCert":""},{"text":"Columex system","coords":[676.026458,327.503737356116],"averageTravelTime":"","continuity":{"canon":"YES","legends":"YES","unlicensed":""},"desc":"","placementCert":""}],[{"text":"Lola Sayu system","coords":[678.314862,330.749092]},{"text":"Columex system","coords":[676.026458,327.503737356116],"averageTravelTime":"","continuity":{"canon":"YES","legends":"","unlicensed":""},"desc":"","placementCert":""}],[{"text":"Belderone system","coords":[677.823297521576,312.22809296342996]},{"text":"Lola Sayu system","coords":[678.314862,330.749092],"averageTravelTime":"","continuity":{"canon":"YES","legends":"","unlicensed":""},"desc":"","placementCert":""}],[{"text":"Belderone system","coords":[677.823297521576,312.22809296342996]},{"text":"Trogan system","coords":[671.761645,284.184422],"averageTravelTime":"","continuity":{"canon":"","legends":"YES","unlicensed":""},"desc":"","placementCert":""},{"text":"Sy Myrth system","coords":[698.379824,248.071702],"averageTravelTime":"","continuity":{"canon":"","legends":"YES","unlicensed":""},"desc":"","placementCert":""},{"text":"Kile system","coords":[709.091,234.398],"averageTravelTime":"","continuity":{"canon":"","legends":"YES","unlicensed":""},"desc":"","placementCert":""},{"text":"Komnor system","coords":[746.427087,199.137208],"averageTravelTime":"","continuity":{"canon":"","legends":"YES","unlicensed":""},"desc":"","placementCert":""},{"text":"Dernatine system","coords":[748.433391,148.622396],"averageTravelTime":"","continuity":{"canon":"","legends":"YES","unlicensed":""},"desc":"","placementCert":""},{"text":"Novor system","coords":[765.646112,123.644878],"averageTravelTime":"","continuity":{"canon":"","legends":"YES","unlicensed":""},"desc":"","placementCert":""},{"text":"Nwarcol system","coords":[774.409987,121.03109],"averageTravelTime":"0:15:0:0","continuity":{"canon":"","legends":"YES","unlicensed":""},"desc":"","placementCert":""}],[{"text":"Trogan system","coords":[671.761645,284.184422]},{"text":"Sy Myrth system","coords":[698.379824,248.071702],"averageTravelTime":"","continuity":{"canon":"YES","legends":"","unlicensed":""},"desc":"","placementCert":""}],[{"text":"Belderone system","coords":[677.823297521576,312.22809296342996]},{"text":"Trogan system","coords":[671.761645,284.184422],"averageTravelTime":"","continuity":{"canon":"YES","legends":"","unlicensed":""},"desc":"","placementCert":""}]]}},{"type":"Feature","geometry":{"type":"MultiLineString","coordinates":[[[155.028272,-781.267757],[-340.262,-684.49],[-342.579842,-680.98946]]]},"properties":{"ID":"018f6862-e830-7f5e-bbfd-fcce651c3430","NAME":"Sanctuary Pipeline","ALT_NAMES":"Silvestri Trace","TYPE":"Hyperspace Route","PARENT_ID":"","PARENT_NAME":"","DATE_FROM":"","DATE_TO":"","CANON":"YES","LEGENDS":"YES","UNLICENSED":"","LEVEL":"4","ZOOM_LEVEL":"","CONJECTURAL_NAME":"","URLS":"https://starwars.fandom.com/wiki/Sanctuary_Pipeline,https://starwars.fandom.com/wiki/Sanctuary_Pipeline/Legends,https://starwars.fandom.com/wiki/Silvestri_Trace","DESC":"","color":"","weight":"","opacity":"","smoothFactor":"","SECTIONS_PROPERTIES":[[{"text":"Sullust system","coords":[155.028272,-781.267757]},{"text":"Murk system","coords":[-340.262,-684.49],"averageTravelTime":"","continuity":{"canon":"YES","legends":"YES","unlicensed":""},"desc":"","placementCert":""},{"text":"Endor system","coords":[-342.579842,-680.98946],"averageTravelTime":"","continuity":{"canon":"YES","legends":"YES","unlicensed":""},"desc":"","placementCert":""}]]}},{"type":"Feature","geometry":{"type":"MultiLineString","coordinates":[[[838.497715,-16.425319],[860.469015,152.4997918]]]},"properties":{"ID":"018f6862-e830-79d3-8e11-345e24864859","NAME":"Sanity Skip","ALT_NAMES":"","TYPE":"Hyperspace Route","PARENT_ID":"","PARENT_NAME":"","DATE_FROM":"","DATE_TO":"","CANON":"YES","LEGENDS":"","UNLICENSED":"","LEVEL":"4","ZOOM_LEVEL":"","CONJECTURAL_NAME":"","URLS":"https://starwars.fandom.com/wiki/Sanity_Skip","DESC":"","color":"","weight":"","opacity":"","smoothFactor":"","SECTIONS_PROPERTIES":[[{"text":"Kessel system","coords":[838.497715,-16.425319]},{"text":"Oseon system","coords":[860.469015,152.4997918],"averageTravelTime":"","continuity":{"canon":"YES","legends":"","unlicensed":""},"desc":"","placementCert":""}]]}},{"type":"Feature","geometry":{"type":"MultiLineString","coordinates":[[[222.33167,-742.161294],[222.687,-747.841],[217.969743,-768.66839],[227.364663,-803.228275],[232.355714,-851.859569],[250.642255,-890.110315],[228.497086,-916.952944],[265.573468,-939.433645],[273.794023,-1019.625999],[273.961789,-1039.590204]]]},"properties":{"ID":"018f6862-e830-7ef8-b584-87c4b056d24a","NAME":"Sanrafsix Corridor","ALT_NAMES":"","TYPE":"Hyperspace Route","PARENT_ID":"","PARENT_NAME":"","DATE_FROM":"","DATE_TO":"","CANON":"","LEGENDS":"YES","UNLICENSED":"","LEVEL":"2","ZOOM_LEVEL":"","CONJECTURAL_NAME":"","URLS":"https://starwars.fandom.com/wiki/Sanrafsix_Corridor","DESC":"","color":"","weight":"","opacity":"","smoothFactor":"","SECTIONS_PROPERTIES":[[{"text":"Sanrafsix system","coords":[222.33167,-742.161294]},{"text":"Fostin system","coords":[222.687,-747.841],"averageTravelTime":"","continuity":{"canon":"","legends":"YES","unlicensed":""},"desc":"","placementCert":""},{"text":"Syned system","coords":[217.969743,-768.66839],"averageTravelTime":"","continuity":{"canon":"","legends":"YES","unlicensed":""},"desc":"","placementCert":""},{"text":"Omwat system","coords":[227.364663,-803.228275],"averageTravelTime":"","continuity":{"canon":"","legends":"YES","unlicensed":""},"desc":"","placementCert":""},{"text":"Kabal system","coords":[232.355714,-851.859569],"averageTravelTime":"","continuity":{"canon":"","legends":"YES","unlicensed":""},"desc":"","placementCert":""},{"text":"Dravian Starport system","coords":[250.642255,-890.110315],"averageTravelTime":"","continuity":{"canon":"","legends":"YES","unlicensed":""},"desc":"","placementCert":""},{"text":"Sevarcos system","coords":[228.497086,-916.952944],"averageTravelTime":"","continuity":{"canon":"","legends":"YES","unlicensed":""},"desc":"","placementCert":""},{"text":"Kirdo system","coords":[265.573468,-939.433645],"averageTravelTime":"","continuity":{"canon":"","legends":"YES","unlicensed":""},"desc":"","placementCert":""},{"text":"Ma'ar Shaddam system","coords":[273.794023,-1019.625999],"averageTravelTime":"","continuity":{"canon":"","legends":"YES","unlicensed":""},"desc":"","placementCert":""},{"text":"Cotellier system","coords":[273.961789,-1039.590204],"averageTravelTime":"","continuity":{"canon":"","legends":"YES","unlicensed":""},"desc":"","placementCert":""}]]}},{"type":"Feature","geometry":{"type":"MultiLineString","coordinates":[[[177.125,-1142.75],[182.21875,-1140.34375],[195.5625,-1132.65625],[198.375,-1130.75]],[[196.28125,-1135.5],[195.5625,-1132.65625]],[[196.28125,-1135.5],[199.34375,-1145.25]]]},"properties":{"ID":"018f6862-e830-7f80-9a70-a60c7f498d4a","NAME":"Sebiris Run","ALT_NAMES":"","TYPE":"Hyperspace Route","PARENT_ID":"","PARENT_NAME":"","DATE_FROM":"","DATE_TO":"","CANON":"","LEGENDS":"YES","UNLICENSED":"","LEVEL":"3","ZOOM_LEVEL":"","CONJECTURAL_NAME":"","URLS":"https://starwars.fandom.com/wiki/Sebiris_Run","DESC":"","color":"","weight":"","opacity":"","smoothFactor":"","SECTIONS_PROPERTIES":[[{"text":"Pembric system","coords":[177.125,-1142.75]},{"text":"Sebiris system","coords":[182.21875,-1140.34375],"averageTravelTime":"2:14:0:0","continuity":{"canon":"","legends":"YES","unlicensed":""},"desc":"","placementCert":""},{"text":"Dolstan system","coords":[195.5625,-1132.65625],"averageTravelTime":"14:9:0:0","continuity":{"canon":"","legends":"YES","unlicensed":""},"desc":"","placementCert":""},{"text":"Swedlan system","coords":[198.375,-1130.75],"averageTravelTime":"3:4:0:0","continuity":{"canon":"","legends":"YES","unlicensed":""},"desc":"","placementCert":""}],[{"text":"Bresan system","coords":[196.28125,-1135.5]},{"text":"Dolstan system","coords":[195.5625,-1132.65625],"averageTravelTime":"2:1:0:0","continuity":{"canon":"","legends":"YES","unlicensed":""},"desc":"","placementCert":""}],[{"text":"Bresan system","coords":[196.28125,-1135.5]},{"text":"Timbra Ott system","coords":[199.34375,-1145.25],"averageTravelTime":"13:2:0:0","continuity":{"canon":"","legends":"YES","unlicensed":""},"desc":"","placementCert":""}]]}},{"type":"Feature","geometry":{"type":"MultiLineString","coordinates":[[[37.5625,-803.875],[41.5,-800.25],[43.6875,-794.625],[44.1875,-788.6875],[44.625,-785.375],[46.375,-781.25],[84.125,-772.75],[143.942806,-809.414662],[154.426377,-829.149199]]]},"properties":{"ID":"018f6862-e830-7946-9b52-a044782cf20f","NAME":"Senex Trace","ALT_NAMES":"","TYPE":"Hyperspace Route","PARENT_ID":"","PARENT_NAME":"","DATE_FROM":"","DATE_TO":"","CANON":"","LEGENDS":"YES","UNLICENSED":"","LEVEL":"2","ZOOM_LEVEL":"","CONJECTURAL_NAME":"","URLS":"https://starwars.fandom.com/wiki/Senex_Trace","DESC":"","color":"","weight":"","opacity":"","smoothFactor":"","SECTIONS_PROPERTIES":[[{"text":"Karfeddion system","coords":[37.5625,-803.875]},{"text":"Fengrine system","coords":[41.5,-800.25],"averageTravelTime":"","continuity":{"canon":"","legends":"YES","unlicensed":""},"desc":"","placementCert":""},{"text":"Neelanon system","coords":[43.6875,-794.625],"averageTravelTime":"","continuity":{"canon":"","legends":"YES","unlicensed":""},"desc":"","placementCert":""},{"text":"Senex system","coords":[44.1875,-788.6875],"averageTravelTime":"","continuity":{"canon":"","legends":"YES","unlicensed":""},"desc":"","placementCert":""},{"text":"Rindao system","coords":[44.625,-785.375],"averageTravelTime":"","continuity":{"canon":"","legends":"YES","unlicensed":""},"desc":"","placementCert":""},{"text":"Parada system","coords":[46.375,-781.25],"averageTravelTime":"","continuity":{"canon":"","legends":"YES","unlicensed":""},"desc":"","placementCert":""},{"text":"Ord Gimmel system","coords":[84.125,-772.75],"averageTravelTime":"","continuity":{"canon":"","legends":"YES","unlicensed":""},"desc":"","placementCert":""},{"text":"Bortras system","coords":[143.942806,-809.414662],"averageTravelTime":"","continuity":{"canon":"","legends":"YES","unlicensed":""},"desc":"","placementCert":""},{"text":"Eriadu system","coords":[154.426377,-829.149199],"averageTravelTime":"","continuity":{"canon":"","legends":"YES","unlicensed":""},"desc":"","placementCert":""}]]}},{"type":"Feature","geometry":{"type":"MultiLineString","coordinates":[[[21.25,-801],[19.4375,-801.9375],[18.875,-802.5],[18.375,-802.9375],[17.25,-804.875],[15.5625,-807.8125],[9.8125,-810.9375],[6.0625,-809.6875],[5.3125,-805.3125],[7.9375,-800.125],[9.5625,-796.9375],[12.625,-793.5625],[14.75,-792.3125],[16.6875,-790.25],[13.6875,-787.875],[10.9375,-786.3125],[14.4375,-783.9375],[19.0625,-779.5],[25.5,-779.25],[30.625,-780.6875],[30.8125,-784.0625],[32.1875,-789.5625],[34.5,-794],[36.875,-798.625],[37.5625,-803.875],[35.1875,-802.5],[29.8125,-801.375],[24.5625,-800.4375],[21.25,-801]]]},"properties":{"ID":"018f6862-e830-7dee-9c4b-e038609bd16f","NAME":"Senex-Juvex Loop","ALT_NAMES":"","TYPE":"Hyperspace Route","PARENT_ID":"","PARENT_NAME":"","DATE_FROM":"","DATE_TO":"","CANON":"","LEGENDS":"YES","UNLICENSED":"","LEVEL":"2","ZOOM_LEVEL":"","CONJECTURAL_NAME":"","URLS":"https://starwars.fandom.com/wiki/Senex-Juvex_Loop","DESC":"","color":"","weight":"","opacity":"","smoothFactor":"","SECTIONS_PROPERTIES":[[{"text":"Juvex system","coords":[21.25,-801]},{"text":"Kimm Aurek system","coords":[19.4375,-801.9375],"averageTravelTime":"","continuity":{"canon":"","legends":"YES","unlicensed":""},"desc":"","placementCert":""},{"text":"Kimm Besh system","coords":[18.875,-802.5],"averageTravelTime":"","continuity":{"canon":"","legends":"YES","unlicensed":""},"desc":"","placementCert":""},{"text":"Kimm Cresh system","coords":[18.375,-802.9375],"averageTravelTime":"","continuity":{"canon":"","legends":"YES","unlicensed":""},"desc":"","placementCert":""},{"text":"Tinallis system","coords":[17.25,-804.875],"averageTravelTime":"","continuity":{"canon":"","legends":"YES","unlicensed":""},"desc":"","placementCert":""},{"text":"Loovria system","coords":[15.5625,-807.8125],"averageTravelTime":"","continuity":{"canon":"","legends":"YES","unlicensed":""},"desc":"","placementCert":""},{"text":"Velga system","coords":[9.8125,-810.9375],"averageTravelTime":"","continuity":{"canon":"","legends":"YES","unlicensed":""},"desc":"","placementCert":""},{"text":"Pieldi system","coords":[6.0625,-809.6875],"averageTravelTime":"","continuity":{"canon":"","legends":"YES","unlicensed":""},"desc":"","placementCert":""},{"text":"Pirralor system","coords":[5.3125,-805.3125],"averageTravelTime":"","continuity":{"canon":"","legends":"YES","unlicensed":""},"desc":"","placementCert":""},{"text":"Resti Kel system","coords":[7.9375,-800.125],"averageTravelTime":"","continuity":{"canon":"","legends":"YES","unlicensed":""},"desc":"","placementCert":""},{"text":"Malador system","coords":[9.5625,-796.9375],"averageTravelTime":"","continuity":{"canon":"","legends":"YES","unlicensed":""},"desc":"","placementCert":""},{"text":"Zaria system","coords":[12.625,-793.5625],"averageTravelTime":"","continuity":{"canon":"","legends":"YES","unlicensed":""},"desc":"","placementCert":""},{"text":"Anstares system","coords":[14.75,-792.3125],"averageTravelTime":"","continuity":{"canon":"","legends":"YES","unlicensed":""},"desc":"","placementCert":""},{"text":"Deminol system","coords":[16.6875,-790.25],"averageTravelTime":"","continuity":{"canon":"","legends":"YES","unlicensed":""},"desc":"","placementCert":""},{"text":"Ossiathora system","coords":[13.6875,-787.875],"averageTravelTime":"","continuity":{"canon":"","legends":"YES","unlicensed":""},"desc":"","placementCert":""},{"text":"Kassido system","coords":[10.9375,-786.3125],"averageTravelTime":"","continuity":{"canon":"","legends":"YES","unlicensed":""},"desc":"","placementCert":""},{"text":"Manforgon system","coords":[14.4375,-783.9375],"averageTravelTime":"","continuity":{"canon":"","legends":"YES","unlicensed":""},"desc":"","placementCert":""},{"text":"Mussubir system","coords":[19.0625,-779.5],"averageTravelTime":"","continuity":{"canon":"","legends":"YES","unlicensed":""},"desc":"","placementCert":""},{"text":"Cyimarra system","coords":[25.5,-779.25],"averageTravelTime":"","continuity":{"canon":"","legends":"YES","unlicensed":""},"desc":"","placementCert":""},{"text":"Veron system","coords":[30.625,-780.6875],"averageTravelTime":"","continuity":{"canon":"","legends":"YES","unlicensed":""},"desc":"","placementCert":""},{"text":"Presteen system","coords":[30.8125,-784.0625],"averageTravelTime":"","continuity":{"canon":"","legends":"YES","unlicensed":""},"desc":"","placementCert":""},{"text":"Caltinia system","coords":[32.1875,-789.5625],"averageTravelTime":"","continuity":{"canon":"","legends":"YES","unlicensed":""},"desc":"","placementCert":""},{"text":"Nepoy system","coords":[34.5,-794],"averageTravelTime":"","continuity":{"canon":"","legends":"YES","unlicensed":""},"desc":"","placementCert":""},{"text":"Hutlar system","coords":[36.875,-798.625],"averageTravelTime":"","continuity":{"canon":"","legends":"YES","unlicensed":""},"desc":"","placementCert":""},{"text":"Karfeddion system","coords":[37.5625,-803.875],"averageTravelTime":"","continuity":{"canon":"","legends":"YES","unlicensed":""},"desc":"","placementCert":""},{"text":"Anturus system","coords":[35.1875,-802.5],"averageTravelTime":"","continuity":{"canon":"","legends":"YES","unlicensed":""},"desc":"","placementCert":""},{"text":"Denebia system","coords":[29.8125,-801.375],"averageTravelTime":"","continuity":{"canon":"","legends":"YES","unlicensed":""},"desc":"","placementCert":""},{"text":"Kalgo system","coords":[24.5625,-800.4375],"averageTravelTime":"","continuity":{"canon":"","legends":"YES","unlicensed":""},"desc":"","placementCert":""},{"text":"Juvex system","coords":[21.25,-801],"averageTravelTime":"","continuity":{"canon":"","legends":"YES","unlicensed":""},"desc":"","placementCert":""}]]}},{"type":"Feature","geometry":{"type":"MultiLineString","coordinates":[[[208.525737,-683.553136],[187.654636,-754.0736],[174.25,-834.5],[155.443467,-876.571063]]]},"properties":{"ID":"018f6862-e830-7401-ad3d-2c6aeb9d5890","NAME":"Seswenna Expansion","ALT_NAMES":"","TYPE":"Hyperspace Route","PARENT_ID":"","PARENT_NAME":"","DATE_FROM":"-3701","DATE_TO":"","CANON":"","LEGENDS":"YES","UNLICENSED":"","LEVEL":"3","ZOOM_LEVEL":"","CONJECTURAL_NAME":"","URLS":"https://starwars.fandom.com/wiki/Seswenna_Expansion","DESC":"","color":"","weight":"","opacity":"","smoothFactor":"","SECTIONS_PROPERTIES":[[{"text":"Malastare system","coords":[208.525737,-683.553136]},{"text":"Knel'char system / Darkknell system","coords":[187.654636,-754.0736],"averageTravelTime":"","continuity":{"canon":"","legends":"YES","unlicensed":""},"desc":"","placementCert":""},{"text":"Seswenna system","coords":[174.25,-834.5],"averageTravelTime":"","continuity":{"canon":"","legends":"YES","unlicensed":""},"desc":"","placementCert":""},{"text":"Colu system","coords":[155.443467,-876.571063],"averageTravelTime":"","continuity":{"canon":"","legends":"YES","unlicensed":""},"desc":"","placementCert":""}]]}},{"type":"Feature","geometry":{"type":"MultiLineString","coordinates":[[[704.920997,-205.684217],[736.887534,-228.310001],[785.114183,-217.455374],[844.913126,-213.641318],[875.256454,-217.167002],[895.990242,-215.437149],[905.433072,-213.921633],[912.078027,-210.424289]]]},"properties":{"ID":"018f6862-e830-7a27-85b4-f260746a775b","NAME":"Shag Pabol","ALT_NAMES":"Slave Road","TYPE":"Hyperspace Route","PARENT_ID":"","PARENT_NAME":"","DATE_FROM":"","DATE_TO":"","CANON":"YES","LEGENDS":"YES","UNLICENSED":"","LEVEL":"2","ZOOM_LEVEL":"","CONJECTURAL_NAME":"","URLS":"https://starwars.fandom.com/wiki/Shag_Pabol,https://starwars.fandom.com/wiki/Shag_Pabol/Legends","DESC":"","color":"","weight":"","opacity":"","smoothFactor":"","SECTIONS_PROPERTIES":[[{"text":"Y'Toub system/Nal Hutta system/Nar Shaddaa system","coords":[704.920997,-205.684217]},{"text":"Rorak system","coords":[736.887534,-228.310001],"averageTravelTime":"","continuity":{"canon":"","legends":"YES","unlicensed":""},"desc":"","placementCert":""},{"text":"Diyu system","coords":[785.114183,-217.455374],"averageTravelTime":"","continuity":{"canon":"","legends":"YES","unlicensed":""},"desc":"","placementCert":""},{"text":"Cha Raaba system / Ylesian system","coords":[844.913126,-213.641318],"averageTravelTime":"","continuity":{"canon":"","legends":"YES","unlicensed":""},"desc":"","placementCert":""},{"text":"Ziugen system","coords":[875.256454,-217.167002],"averageTravelTime":"","continuity":{"canon":"","legends":"YES","unlicensed":""},"desc":"","placementCert":""},{"text":"Outland Transit station's system","coords":[895.990242,-215.437149],"averageTravelTime":"","continuity":{"canon":"","legends":"YES","unlicensed":""},"desc":"","placementCert":""},{"text":"Lirra system","coords":[905.433072,-213.921633],"averageTravelTime":"","continuity":{"canon":"","legends":"YES","unlicensed":""},"desc":"","placementCert":""},{"text":"Teth system","coords":[912.078027,-210.424289],"averageTravelTime":"","continuity":{"canon":"","legends":"YES","unlicensed":""},"desc":"","placementCert":""}]]}},{"type":"Feature","geometry":{"type":"MultiLineString","coordinates":[[[739.609375,641.578125],[738.738199,623.52359],[735.913129,611.474084],[734.669377,603.905863],[731.902037,597.912253],[731.672993,592.721972],[735.807425,589.050067],[737.990329,587.249947],[740.94023,580.40019],[706.37142,547.737462],[685.3384559130707,451.0482007329131],[704.031358,372.121021]],[[706.37142,547.737462],[685.3384559130707,451.0482007329131],[720.442965,521.709326]]]},"properties":{"ID":"018f6862-e830-7551-b7e2-2664f2bccb86","NAME":"Shaltin Tunnels","ALT_NAMES":"","TYPE":"Hyperspace Route","PARENT_ID":"","PARENT_NAME":"","DATE_FROM":"","DATE_TO":"","CANON":"YES","LEGENDS":"YES","UNLICENSED":"","LEVEL":"2","ZOOM_LEVEL":"","CONJECTURAL_NAME":"","URLS":"https://starwars.fandom.com/wiki/Shaltin_Tunnels,https://starwars.fandom.com/wiki/Shaltin_Tunnels/Legends","DESC":"","color":"","weight":"","opacity":"","smoothFactor":"","SECTIONS_PROPERTIES":[[{"text":"Shaltin Tunnels start","coords":[739.609375,641.578125]},{"text":"Ulicia system","coords":[738.738199,623.52359],"averageTravelTime":"","continuity":{"canon":"","legends":"YES","unlicensed":""},"desc":"","placementCert":""},{"text":"Atchorb system","coords":[735.913129,611.474084],"averageTravelTime":"","continuity":{"canon":"","legends":"YES","unlicensed":""},"desc":"","placementCert":""},{"text":"D'ian system","coords":[734.669377,603.905863],"averageTravelTime":"","continuity":{"canon":"","legends":"YES","unlicensed":""},"desc":"","placementCert":""},{"text":"Etti system","coords":[731.902037,597.912253],"averageTravelTime":"","continuity":{"canon":"","legends":"YES","unlicensed":""},"desc":"","placementCert":""},{"text":"Lucaya system","coords":[731.672993,592.721972],"averageTravelTime":"","continuity":{"canon":"","legends":"YES","unlicensed":""},"desc":"","placementCert":""},{"text":"Kalla system","coords":[735.807425,589.050067],"averageTravelTime":"","continuity":{"canon":"","legends":"YES","unlicensed":""},"desc":"","placementCert":""},{"text":"Pondut Station","coords":[737.990329,587.249947],"averageTravelTime":"","continuity":{"canon":"","legends":"YES","unlicensed":""},"desc":"","placementCert":""},{"text":"Oslumpex system","coords":[740.94023,580.40019],"averageTravelTime":"","continuity":{"canon":"","legends":"YES","unlicensed":""},"desc":"","placementCert":""},{"text":"Zygerria system","coords":[706.37142,547.737462],"averageTravelTime":"","continuity":{"canon":"","legends":"YES","unlicensed":""},"desc":"","placementCert":""},{"text":"Syngia system","coords":[685.3384559130707,451.0482007329131],"averageTravelTime":"","continuity":{"canon":"","legends":"YES","unlicensed":""},"desc":"","placementCert":""},{"text":"Lianna system","coords":[704.031358,372.121021],"averageTravelTime":"","continuity":{"canon":"","legends":"YES","unlicensed":""},"desc":"","placementCert":""}],[{"text":"Zygerria system","coords":[706.37142,547.737462]},{"text":"Syngia system","coords":[685.3384559130707,451.0482007329131],"averageTravelTime":"","continuity":{"canon":"","legends":"YES","unlicensed":""},"desc":"","placementCert":""},{"text":"Malachor system","coords":[720.442965,521.709326],"averageTravelTime":"","continuity":{"canon":"","legends":"YES","unlicensed":""},"desc":"","placementCert":""}]]}},{"type":"Feature","geometry":{"type":"MultiLineString","coordinates":[[[65.869977,-442.216206],[29.185872019285306,-376.7118975182257],[28.875415014605785,-372.7686847780646],[27.96463274187181,-368.8382342],[26.403736564605786,-368.0203134304839],[22.54712090007374,-362.7632390133871],[19.05977002366988,-357.11192593532246],[16.775137513669883,-354.956114857258],[13.851575,-347.984128],[10.438726,-342.282962],[1.805177,-322.544009],[-3.883654,-316.701426]]]},"properties":{"ID":"018f6862-e830-7dda-a6b0-23a09010efb2","NAME":"Shapani Bypass","ALT_NAMES":"Bacta Run","TYPE":"Hyperspace Route","PARENT_ID":"","PARENT_NAME":"","DATE_FROM":"-2203","DATE_TO":"","CANON":"","LEGENDS":"YES","UNLICENSED":"","LEVEL":"3","ZOOM_LEVEL":"","CONJECTURAL_NAME":"","URLS":"https://starwars.fandom.com/wiki/Shapani_Bypass","DESC":"","color":"","weight":"","opacity":"","smoothFactor":"","SECTIONS_PROPERTIES":[[{"text":"Polith system / Thyferra system","coords":[65.869977,-442.216206]},{"text":"Mennaalii system","coords":[29.185872019285306,-376.7118975182257],"averageTravelTime":"","continuity":{"canon":"","legends":"YES","unlicensed":""},"desc":"","placementCert":""},{"text":"Alisandor system","coords":[28.875415014605785,-372.7686847780646],"averageTravelTime":"","continuity":{"canon":"","legends":"YES","unlicensed":""},"desc":"","placementCert":""},{"text":"Lamuir system","coords":[27.96463274187181,-368.8382342],"averageTravelTime":"","continuity":{"canon":"","legends":"YES","unlicensed":""},"desc":"","placementCert":""},{"text":"Tamber system","coords":[26.403736564605786,-368.0203134304839],"averageTravelTime":"","continuity":{"canon":"","legends":"YES","unlicensed":""},"desc":"","placementCert":""},{"text":"Tallaan system","coords":[22.54712090007374,-362.7632390133871],"averageTravelTime":"","continuity":{"canon":"","legends":"YES","unlicensed":""},"desc":"","placementCert":""},{"text":"Aleron system","coords":[19.05977002366988,-357.11192593532246],"averageTravelTime":"","continuity":{"canon":"","legends":"YES","unlicensed":""},"desc":"","placementCert":""},{"text":"Achillea system","coords":[16.775137513669883,-354.956114857258],"averageTravelTime":"","continuity":{"canon":"","legends":"YES","unlicensed":""},"desc":"","placementCert":""},{"text":"Vindalia system","coords":[13.851575,-347.984128],"averageTravelTime":"","continuity":{"canon":"","legends":"YES","unlicensed":""},"desc":"","placementCert":""},{"text":"Diamal system","coords":[10.438726,-342.282962],"averageTravelTime":"","continuity":{"canon":"","legends":"YES","unlicensed":""},"desc":"","placementCert":""},{"text":"Bith system","coords":[1.805177,-322.544009],"averageTravelTime":"","continuity":{"canon":"","legends":"YES","unlicensed":""},"desc":"","placementCert":""},{"text":"Abregado system","coords":[-3.883654,-316.701426],"averageTravelTime":"","continuity":{"canon":"","legends":"YES","unlicensed":""},"desc":"","placementCert":""}]]}},{"type":"Feature","geometry":{"type":"MultiLineString","coordinates":[[[159.511831,-885.979154],[187.384084,-871.131863],[232.355714,-851.859569],[264.5,-823.5],[285.600585,-817.530363]]]},"properties":{"ID":"018f6862-e830-7c4f-823e-325c789db490","NAME":"Sharlissian Trade Corridor","ALT_NAMES":"","TYPE":"Hyperspace Route","PARENT_ID":"","PARENT_NAME":"","DATE_FROM":"","DATE_TO":"","CANON":"","LEGENDS":"YES","UNLICENSED":"","LEVEL":"2","ZOOM_LEVEL":"","CONJECTURAL_NAME":"","URLS":"https://starwars.fandom.com/wiki/Sharlissian_Trade_Corridor","DESC":"","color":"","weight":"","opacity":"","smoothFactor":"","SECTIONS_PROPERTIES":[[{"text":"Triton system","coords":[159.511831,-885.979154]},{"text":"Xagobah system","coords":[187.384084,-871.131863],"averageTravelTime":"","continuity":{"canon":"","legends":"YES","unlicensed":""},"desc":"","placementCert":""},{"text":"Kabal system","coords":[232.355714,-851.859569],"averageTravelTime":"","continuity":{"canon":"","legends":"YES","unlicensed":""},"desc":"","placementCert":""},{"text":"Nellac Kram system","coords":[264.5,-823.5],"averageTravelTime":"","continuity":{"canon":"","legends":"YES","unlicensed":""},"desc":"","placementCert":""},{"text":"Sharlissia system","coords":[285.600585,-817.530363],"averageTravelTime":"","continuity":{"canon":"","legends":"YES","unlicensed":""},"desc":"","placementCert":""}]]}},{"type":"Feature","geometry":{"type":"MultiLineString","coordinates":[[[0.113903,0.18186],[6.350325,17.430963],[7.079511,36.146727],[28.611308,45.046606],[28.430753,51.907707],[53.619669,70.292864]]]},"properties":{"ID":"018f6862-e830-758b-bbb3-03a1d13d4236","NAME":"Shawken Spur","ALT_NAMES":"","TYPE":"Hyperspace Route","PARENT_ID":"","PARENT_NAME":"","DATE_FROM":"","DATE_TO":"","CANON":"","LEGENDS":"YES","UNLICENSED":"","LEVEL":"3","ZOOM_LEVEL":"","CONJECTURAL_NAME":"","URLS":"https://starwars.fandom.com/wiki/Shawken_Spur","DESC":"","color":"","weight":"","opacity":"","smoothFactor":"","SECTIONS_PROPERTIES":[[{"text":"Coruscant system/Imperial system/Yuuzhan'tar system","coords":[0.113903,0.18186]},{"text":"Thokos system","coords":[6.350325,17.430963],"averageTravelTime":"","continuity":{"canon":"","legends":"YES","unlicensed":""},"desc":"","placementCert":""},{"text":"Velusia system / Velus system","coords":[7.079511,36.146727],"averageTravelTime":"","continuity":{"canon":"","legends":"YES","unlicensed":""},"desc":"","placementCert":""},{"text":"Shawken system","coords":[28.611308,45.046606],"averageTravelTime":"","continuity":{"canon":"","legends":"YES","unlicensed":""},"desc":"","placementCert":""},{"text":"Challon system","coords":[28.430753,51.907707],"averageTravelTime":"","continuity":{"canon":"","legends":"YES","unlicensed":""},"desc":"","placementCert":""},{"text":"Wakeelmui system","coords":[53.619669,70.292864],"averageTravelTime":"","continuity":{"canon":"","legends":"YES","unlicensed":""},"desc":"","placementCert":""}]]}},{"type":"Feature","geometry":{"type":"MultiLineString","coordinates":[[[25.364435621100398,-369.58385765089895],[61.839273,-373.625565],[84.405331,-380.454767],[111.255635,-388.238972],[144.247362,-390.327056],[153.226123,-391.16229],[189.558785,-393.667991],[233.048488,-398.958853],[287.348869,-405.164039],[302.750161,-407.747544]],[[310.375,-409.25],[302.750161,-407.747544]],[[310.375,-409.25],[319.975507,-409.15174]]]},"properties":{"ID":"018f6862-e830-711f-8591-7590d3e58c2b","NAME":"Shipwrights' Trace","ALT_NAMES":"","TYPE":"Hyperspace Route","PARENT_ID":"","PARENT_NAME":"","DATE_FROM":"","DATE_TO":"","CANON":"YES","LEGENDS":"YES","UNLICENSED":"","LEVEL":"2","ZOOM_LEVEL":"","CONJECTURAL_NAME":"","URLS":"https://starwars.fandom.com/wiki/Shipwrights%27_Trace,https://starwars.fandom.com/wiki/Shipwrights%27_Trace/Legends","DESC":"","color":"","weight":"","opacity":"","smoothFactor":"","SECTIONS_PROPERTIES":[[{"text":"Fondor system","coords":[25.364435621100398,-369.58385765089895]},{"text":"Bassadro system","coords":[61.839273,-373.625565],"averageTravelTime":"","continuity":{"canon":"","legends":"YES","unlicensed":""},"desc":"","placementCert":""},{"text":"Surric system","coords":[84.405331,-380.454767],"averageTravelTime":"","continuity":{"canon":"","legends":"YES","unlicensed":""},"desc":"","placementCert":""},{"text":"Foless system","coords":[111.255635,-388.238972],"averageTravelTime":"","continuity":{"canon":"","legends":"YES","unlicensed":""},"desc":"","placementCert":""},{"text":"Las Lagon system","coords":[144.247362,-390.327056],"averageTravelTime":"","continuity":{"canon":"","legends":"YES","unlicensed":""},"desc":"","placementCert":""},{"text":"Affa system","coords":[153.226123,-391.16229],"averageTravelTime":"","continuity":{"canon":"","legends":"YES","unlicensed":""},"desc":"","placementCert":""},{"text":"Atzerri system","coords":[189.558785,-393.667991],"averageTravelTime":"","continuity":{"canon":"","legends":"YES","unlicensed":""},"desc":"","placementCert":""},{"text":"Chardaan system","coords":[233.048488,-398.958853],"averageTravelTime":"","continuity":{"canon":"","legends":"YES","unlicensed":""},"desc":"","placementCert":""},{"text":"Tynnani system","coords":[287.348869,-405.164039],"averageTravelTime":"","continuity":{"canon":"","legends":"YES","unlicensed":""},"desc":"","placementCert":""},{"text":"Whiforla II's system","coords":[302.750161,-407.747544],"averageTravelTime":"","continuity":{"canon":"YES","legends":"YES","unlicensed":""},"desc":"","placementCert":""}],[{"text":"Quarzite system","coords":[310.375,-409.25]},{"text":"Whiforla II's system","coords":[302.750161,-407.747544],"averageTravelTime":"","continuity":{"canon":"YES","legends":"","unlicensed":""},"desc":"","placementCert":""}],[{"text":"Quarzite system","coords":[310.375,-409.25]},{"text":"Allanteen system","coords":[319.975507,-409.15174],"averageTravelTime":"","continuity":{"canon":"YES","legends":"YES","unlicensed":""},"desc":"","placementCert":""}]]}},{"type":"Feature","geometry":{"type":"MultiLineString","coordinates":[[[-342.579842,-680.98946],[-404.317888,-686.134297],[-453.753063,-672.712982]]]},"properties":{"ID":"018f6862-e830-7bc0-b058-1bf72b0faecb","NAME":"Shiritoku Way","ALT_NAMES":"","TYPE":"Hyperspace Route","PARENT_ID":"","PARENT_NAME":"","DATE_FROM":"","DATE_TO":"","CANON":"","LEGENDS":"YES","UNLICENSED":"","LEVEL":"2","ZOOM_LEVEL":"","CONJECTURAL_NAME":"","URLS":"https://starwars.fandom.com/wiki/Shiritoku_Way","DESC":"","color":"","weight":"","opacity":"","smoothFactor":"","SECTIONS_PROPERTIES":[[{"text":"Endor system","coords":[-342.579842,-680.98946]},{"text":"Timora system","coords":[-404.317888,-686.134297],"averageTravelTime":"","continuity":{"canon":"","legends":"YES","unlicensed":""},"desc":"","placementCert":""},{"text":"Bakura system","coords":[-453.753063,-672.712982],"averageTravelTime":"","continuity":{"canon":"","legends":"YES","unlicensed":""},"desc":"","placementCert":""}]]}},{"type":"Feature","geometry":{"type":"MultiLineString","coordinates":[[[55.574719,89.117516],[47.447737,99.528113],[44.5,99],[25.75,100.75],[24.65271,101.787448],[-45.937558,99.679148],[-66.038257,97.859332],[-94.513587,97.02283]]]},"properties":{"ID":"018f6862-e830-7356-b7e5-ae7b9f9ec89c","NAME":"Shwuy Exchange","ALT_NAMES":"","TYPE":"Hyperspace Route","PARENT_ID":"","PARENT_NAME":"","DATE_FROM":"","DATE_TO":"","CANON":"YES","LEGENDS":"YES","UNLICENSED":"","LEVEL":"2","ZOOM_LEVEL":"","CONJECTURAL_NAME":"","URLS":"https://starwars.fandom.com/wiki/Shwuy_Exchange,https://starwars.fandom.com/wiki/Shwuy_Exchange/Legends","DESC":"","color":"","weight":"","opacity":"","smoothFactor":"","SECTIONS_PROPERTIES":[[{"text":"Uviuy Exen system","coords":[55.574719,89.117516]},{"text":"Dankayo system","coords":[47.447737,99.528113],"averageTravelTime":"","continuity":{"canon":"","legends":"YES","unlicensed":""},"desc":"","placementCert":""},{"text":"Mefti system","coords":[44.5,99],"averageTravelTime":"","continuity":{"canon":"","legends":"YES","unlicensed":""},"desc":"","placementCert":""},{"text":"Thrinittik system","coords":[25.75,100.75],"averageTravelTime":"","continuity":{"canon":"YES","legends":"YES","unlicensed":""},"desc":"","placementCert":""},{"text":"Ord Antalaha system","coords":[24.65271,101.787448],"averageTravelTime":"","continuity":{"canon":"YES","legends":"YES","unlicensed":""},"desc":"","placementCert":""},{"text":"Noquivzor system","coords":[-45.937558,99.679148],"averageTravelTime":"","continuity":{"canon":"","legends":"YES","unlicensed":""},"desc":"","placementCert":""},{"text":"Palanhi system","coords":[-66.038257,97.859332],"averageTravelTime":"","continuity":{"canon":"","legends":"YES","unlicensed":""},"desc":"","placementCert":""},{"text":"Vakkar system","coords":[-94.513587,97.02283],"averageTravelTime":"","continuity":{"canon":"YES","legends":"YES","unlicensed":""},"desc":"","placementCert":""}]]}},{"type":"Feature","geometry":{"type":"MultiLineString","coordinates":[[[774.409987,121.03109],[775.065237,114.675082],[769.797421,108.884666],[768.874908,107.500897],[768.259899,104.425853],[755.072637,76.908967],[735.820242,18.749473],[731.672388,-16.951702],[725.895019,-33.246845]]]},"properties":{"ID":"018f6862-e830-7d40-8150-7877f6909d08","NAME":"Sisar Run","ALT_NAMES":"","TYPE":"Hyperspace Route","PARENT_ID":"","PARENT_NAME":"","DATE_FROM":"","DATE_TO":"","CANON":"YES","LEGENDS":"YES","UNLICENSED":"","LEVEL":"2","ZOOM_LEVEL":"","CONJECTURAL_NAME":"","URLS":"https://starwars.fandom.com/wiki/Sisar_Run,https://starwars.fandom.com/wiki/Sisar_Run/Legends","DESC":"","color":"","weight":"","opacity":"","smoothFactor":"","SECTIONS_PROPERTIES":[[{"text":"Nwarcol system","coords":[774.409987,121.03109]},{"text":"Sriluur system","coords":[775.065237,114.675082],"averageTravelTime":"0:11:0:0","continuity":{"canon":"","legends":"YES","unlicensed":""},"desc":"","placementCert":""},{"text":"Station 3","coords":[769.797421,108.884666],"averageTravelTime":"0:5:0:0","continuity":{"canon":"","legends":"YES","unlicensed":""},"desc":"","placementCert":""},{"text":"Terman system","coords":[768.874908,107.500897],"averageTravelTime":"0:1:0:0","continuity":{"canon":"","legends":"YES","unlicensed":""},"desc":"","placementCert":""},{"text":"Sespe system","coords":[768.259899,104.425853],"averageTravelTime":"0:4:0:0","continuity":{"canon":"","legends":"YES","unlicensed":""},"desc":"","placementCert":""},{"text":"Dirha system","coords":[755.072637,76.908967],"averageTravelTime":"","continuity":{"canon":"","legends":"YES","unlicensed":""},"desc":"","placementCert":""},{"text":"Cyborrea system","coords":[735.820242,18.749473],"averageTravelTime":"","continuity":{"canon":"","legends":"YES","unlicensed":""},"desc":"","placementCert":""},{"text":"Sionia system","coords":[731.672388,-16.951702],"averageTravelTime":"","continuity":{"canon":"","legends":"YES","unlicensed":""},"desc":"","placementCert":""},{"text":"Nimban system","coords":[725.895019,-33.246845],"averageTravelTime":"","continuity":{"canon":"","legends":"YES","unlicensed":""},"desc":"","placementCert":""}]]}},{"type":"Feature","geometry":{"type":"MultiLineString","coordinates":[[[750.757009,603.018207],[748.332146,601.618157],[741.844302,601.625172],[731.902037,597.912253],[716.987965,594.024707],[714.564113,584.337478],[719.758124,577.793872],[711.6875,560.875]]]},"properties":{"ID":"018f6862-e830-7471-b9b7-f33e9f56638c","NAME":"Solenbaran Merchant Route","ALT_NAMES":"","TYPE":"Hyperspace Route","PARENT_ID":"","PARENT_NAME":"","DATE_FROM":"","DATE_TO":"","CANON":"","LEGENDS":"YES","UNLICENSED":"","LEVEL":"3","ZOOM_LEVEL":"","CONJECTURAL_NAME":"","URLS":"https://starwars.fandom.com/wiki/Solenbaran_Merchant_Route","DESC":"","color":"","weight":"","opacity":"","smoothFactor":"","SECTIONS_PROPERTIES":[[{"text":"Kir system","coords":[750.757009,603.018207]},{"text":"R'alla system","coords":[748.332146,601.618157],"averageTravelTime":"","continuity":{"canon":"","legends":"YES","unlicensed":""},"desc":"","placementCert":""},{"text":"Bonadan system","coords":[741.844302,601.625172],"averageTravelTime":"","continuity":{"canon":"","legends":"YES","unlicensed":""},"desc":"","placementCert":""},{"text":"Etti system","coords":[731.902037,597.912253],"averageTravelTime":"","continuity":{"canon":"","legends":"YES","unlicensed":""},"desc":"","placementCert":""},{"text":"Tirsa system","coords":[716.987965,594.024707],"averageTravelTime":"","continuity":{"canon":"","legends":"YES","unlicensed":""},"desc":"","placementCert":""},{"text":"Jerrist system","coords":[714.564113,584.337478],"averageTravelTime":"","continuity":{"canon":"","legends":"YES","unlicensed":""},"desc":"","placementCert":""},{"text":"Saclas system","coords":[719.758124,577.793872],"averageTravelTime":"","continuity":{"canon":"","legends":"YES","unlicensed":""},"desc":"","placementCert":""},{"text":"Solenbaran Merchant Route end","coords":[711.6875,560.875],"averageTravelTime":"","continuity":{"canon":"","legends":"YES","unlicensed":""},"desc":"","placementCert":""}]]}},{"type":"Feature","geometry":{"type":"MultiLineString","coordinates":[[[-242.401707,-663.868639],[-315.737213,-682.107903],[-331.171725,-695.305528],[-334.943,-691.396]]]},"properties":{"ID":"018f6862-e830-7528-88e4-232c3dd0a4cd","NAME":"Spar Trade Route","ALT_NAMES":"","TYPE":"Hyperspace Route","PARENT_ID":"","PARENT_NAME":"","DATE_FROM":"","DATE_TO":"","CANON":"YES","LEGENDS":"YES","UNLICENSED":"","LEVEL":"2","ZOOM_LEVEL":"","CONJECTURAL_NAME":"","URLS":"https://starwars.fandom.com/wiki/Spar_Trade_Route,https://starwars.fandom.com/wiki/Spar_Trade_Route/Legends","DESC":"","color":"","weight":"","opacity":"","smoothFactor":"","SECTIONS_PROPERTIES":[[{"text":"Cerean system","coords":[-242.401707,-663.868639]},{"text":"Abbaji system","coords":[-315.737213,-682.107903],"averageTravelTime":"","continuity":{"canon":"","legends":"YES","unlicensed":""},"desc":"","placementCert":""},{"text":"Annaj system","coords":[-331.171725,-695.305528],"averageTravelTime":"","continuity":{"canon":"","legends":"YES","unlicensed":""},"desc":"","placementCert":""},{"text":"Kuna's Tooth system","coords":[-334.943,-691.396],"averageTravelTime":"","continuity":{"canon":"","legends":"YES","unlicensed":""},"desc":"","placementCert":""}]]}},{"type":"Feature","geometry":{"type":"MultiLineString","coordinates":[[[-307.851755,251.874213],[-288.786482,186.990785]],[[-331.837099,237.575259],[-335.834656,246.800391]],[[-331.837099,237.575259],[-288.786482,186.990785]]]},"properties":{"ID":"018f6862-e830-7bc4-814d-1ef951423953","NAME":"Sparkle Run","ALT_NAMES":"","TYPE":"Hyperspace Route","PARENT_ID":"","PARENT_NAME":"","DATE_FROM":"","DATE_TO":"","CANON":"","LEGENDS":"YES","UNLICENSED":"","LEVEL":"3","ZOOM_LEVEL":"","CONJECTURAL_NAME":"","URLS":"https://starwars.fandom.com/wiki/Sparkle_Run","DESC":"","color":"","weight":"","opacity":"","smoothFactor":"","SECTIONS_PROPERTIES":[[{"text":"Gyuel system","coords":[-307.851755,251.874213]},{"text":"Tenupe system","coords":[-288.786482,186.990785],"averageTravelTime":"","continuity":{"canon":"","legends":"YES","unlicensed":""},"desc":"","placementCert":""}],[{"text":"Snevu system","coords":[-331.837099,237.575259]},{"text":"Yoggoy system","coords":[-335.834656,246.800391],"averageTravelTime":"","continuity":{"canon":"","legends":"YES","unlicensed":""},"desc":"","placementCert":""}],[{"text":"Snevu system","coords":[-331.837099,237.575259]},{"text":"Tenupe system","coords":[-288.786482,186.990785],"averageTravelTime":"","continuity":{"canon":"","legends":"YES","unlicensed":""},"desc":"","placementCert":""}]]}},{"type":"Feature","geometry":{"type":"MultiLineString","coordinates":[[[346.028683,351.004566],[334.494586,371.684545],[278.823966,409.888319],[271.64029,420.079121]]]},"properties":{"ID":"018f6862-e830-7e41-bcdf-a8765fcab8c0","NAME":"Sprizen End Run","ALT_NAMES":"","TYPE":"Hyperspace Route","PARENT_ID":"018f6862-e830-76b5-ad38-6f78b6253373","PARENT_NAME":"Salin Corridor","DATE_FROM":"-3705","DATE_TO":"","CANON":"","LEGENDS":"YES","UNLICENSED":"","LEVEL":"2","ZOOM_LEVEL":"","CONJECTURAL_NAME":"","URLS":"https://starwars.fandom.com/wiki/Sprizen_End_Run","DESC":"","color":"","weight":"","opacity":"","smoothFactor":"","SECTIONS_PROPERTIES":[[{"text":"Botajef system","coords":[346.028683,351.004566]},{"text":"Drackmar system","coords":[334.494586,371.684545],"averageTravelTime":"","continuity":{"canon":"","legends":"YES","unlicensed":""},"desc":"","placementCert":""},{"text":"Vinsoth system","coords":[278.823966,409.888319],"averageTravelTime":"","continuity":{"canon":"","legends":"YES","unlicensed":""},"desc":"","placementCert":""},{"text":"Sprizen system","coords":[271.64029,420.079121],"averageTravelTime":"","continuity":{"canon":"","legends":"YES","unlicensed":""},"desc":"","placementCert":""}]]}},{"type":"Feature","geometry":{"type":"MultiLineString","coordinates":[[[370.235121,389.066005],[328.946973,389.171585],[313.859601,415.223291],[278.823966,409.888319]],[[313.859601,415.223291],[353.72412,444.97943],[408.904958,463.581957]]]},"properties":{"ID":"018f6862-e830-7828-95ac-bdacca99678d","NAME":"Spurs of Celanon","ALT_NAMES":"","TYPE":"Hyperspace Route","PARENT_ID":"","PARENT_NAME":"","DATE_FROM":"-3705","DATE_TO":"","CANON":"YES","LEGENDS":"YES","UNLICENSED":"","LEVEL":"3","ZOOM_LEVEL":"","CONJECTURAL_NAME":"","URLS":"https://starwars.fandom.com/wiki/Spurs_of_Celanon,https://starwars.fandom.com/wiki/Spurs_of_Celanon/Legends","DESC":"","color":"","weight":"","opacity":"","smoothFactor":"","SECTIONS_PROPERTIES":[[{"text":"Celanon system","coords":[370.235121,389.066005]},{"text":"Ord Cestus system","coords":[328.946973,389.171585],"averageTravelTime":"","continuity":{"canon":"","legends":"YES","unlicensed":""},"desc":"","placementCert":""},{"text":"Axxila system","coords":[313.859601,415.223291],"averageTravelTime":"","continuity":{"canon":"","legends":"YES","unlicensed":""},"desc":"","placementCert":""},{"text":"Vinsoth system","coords":[278.823966,409.888319],"averageTravelTime":"","continuity":{"canon":"","legends":"YES","unlicensed":""},"desc":"","placementCert":""}],[{"text":"Axxila system","coords":[313.859601,415.223291]},{"text":"Vandyne system","coords":[353.72412,444.97943],"averageTravelTime":"","continuity":{"canon":"","legends":"YES","unlicensed":""},"desc":"","placementCert":""},{"text":"Serenno system","coords":[408.904958,463.581957],"averageTravelTime":"","continuity":{"canon":"","legends":"YES","unlicensed":""},"desc":"","placementCert":""}]]}},{"type":"Feature","geometry":{"type":"MultiLineString","coordinates":[[[580.528462,192.98712],[732.566733,167.394217],[795.935295,177.6119]]]},"properties":{"ID":"018f6862-e830-7d82-bbd0-5d1f7c62169e","NAME":"Talcene Transit","ALT_NAMES":"","TYPE":"Hyperspace Route","PARENT_ID":"","PARENT_NAME":"","DATE_FROM":"","DATE_TO":"","CANON":"YES","LEGENDS":"YES","UNLICENSED":"","LEVEL":"2","ZOOM_LEVEL":"","CONJECTURAL_NAME":"","URLS":"https://starwars.fandom.com/wiki/Talcene_Transit,https://starwars.fandom.com/wiki/Talcene_Transit/Legends","DESC":"","color":"","weight":"","opacity":"","smoothFactor":"","SECTIONS_PROPERTIES":[[{"text":"Talcene system","coords":[580.528462,192.98712]},{"text":"Saleucami system","coords":[732.566733,167.394217],"averageTravelTime":"","continuity":{"canon":"","legends":"YES","unlicensed":""},"desc":"","placementCert":""},{"text":"Kuthic Worlds' system","coords":[795.935295,177.6119],"averageTravelTime":"","continuity":{"canon":"","legends":"YES","unlicensed":""},"desc":"","placementCert":""}]]}},{"type":"Feature","geometry":{"type":"MultiLineString","coordinates":[[[704.496354,-331.066258],[681.335104,-504.337463],[642.073549,-670.80315]]]},"properties":{"ID":"018f6862-e830-72f0-a102-523ed1b19aa1","NAME":"Tatooine Dash","ALT_NAMES":"","TYPE":"Hyperspace Route","PARENT_ID":"","PARENT_NAME":"","DATE_FROM":"","DATE_TO":"","CANON":"","LEGENDS":"YES","UNLICENSED":"","LEVEL":"4","ZOOM_LEVEL":"","CONJECTURAL_NAME":"","URLS":"https://starwars.fandom.com/wiki/Tatooine_Dash","DESC":"","color":"","weight":"","opacity":"","smoothFactor":"","SECTIONS_PROPERTIES":[[{"text":"Nar Kaaga system","coords":[704.496354,-331.066258]},{"text":"Manda system","coords":[681.335104,-504.337463],"averageTravelTime":"","continuity":{"canon":"","legends":"YES","unlicensed":""},"desc":"","placementCert":""},{"text":"Tatooine system / Tatoo system / Tri-planetary system J11.9","coords":[642.073549,-670.80315],"averageTravelTime":"","continuity":{"canon":"","legends":"YES","unlicensed":""},"desc":"","placementCert":""}]]}},{"type":"Feature","geometry":{"type":"MultiLineString","coordinates":[[[479.913721,-31.887142],[503.004935,-51.422829],[530.541661,-58.408236]]]},"properties":{"ID":"018f6862-e830-7918-bee6-d6e42dd550f5","NAME":"Terr'skiar Pass","ALT_NAMES":"","TYPE":"Hyperspace Route","PARENT_ID":"","PARENT_NAME":"","DATE_FROM":"-200","DATE_TO":"","CANON":"","LEGENDS":"YES","UNLICENSED":"","LEVEL":"3","ZOOM_LEVEL":"","CONJECTURAL_NAME":"","URLS":"https://starwars.fandom.com/wiki/Terr%27skiar_Pass","DESC":"","color":"","weight":"","opacity":"","smoothFactor":"","SECTIONS_PROPERTIES":[[{"text":"Terr'skiar system","coords":[479.913721,-31.887142]},{"text":"Bissillirus system","coords":[503.004935,-51.422829],"averageTravelTime":"","continuity":{"canon":"","legends":"YES","unlicensed":""},"desc":"","placementCert":""},{"text":"Deysum system","coords":[530.541661,-58.408236],"averageTravelTime":"","continuity":{"canon":"","legends":"YES","unlicensed":""},"desc":"","placementCert":""}]]}},{"type":"Feature","geometry":{"type":"MultiLineString","coordinates":[[[756.991198,584.150031],[760.253599,603.162204],[755.200547,626.649537],[750.275885,634.123367],[733.359492,668.897971]]]},"properties":{"ID":"018f6862-e830-702d-8c27-d089f918519c","NAME":"Tertiary Etti Route","ALT_NAMES":"","TYPE":"Hyperspace Route","PARENT_ID":"","PARENT_NAME":"","DATE_FROM":"","DATE_TO":"","CANON":"","LEGENDS":"YES","UNLICENSED":"","LEVEL":"2","ZOOM_LEVEL":"","CONJECTURAL_NAME":"","URLS":"https://starwars.fandom.com/wiki/Tertiary_Etti_Route","DESC":"","color":"","weight":"","opacity":"","smoothFactor":"","SECTIONS_PROPERTIES":[[{"text":"Gaurick system","coords":[756.991198,584.150031]},{"text":"Ocsin system","coords":[760.253599,603.162204],"averageTravelTime":"","continuity":{"canon":"","legends":"YES","unlicensed":""},"desc":"","placementCert":""},{"text":"Farana system","coords":[755.200547,626.649537],"averageTravelTime":"","continuity":{"canon":"","legends":"YES","unlicensed":""},"desc":"","placementCert":""},{"text":"Hull's Star system","coords":[750.275885,634.123367],"averageTravelTime":"","continuity":{"canon":"","legends":"YES","unlicensed":""},"desc":"","placementCert":""},{"text":"Mytus system","coords":[733.359492,668.897971],"averageTravelTime":"","continuity":{"canon":"","legends":"YES","unlicensed":""},"desc":"","placementCert":""}]]}},{"type":"Feature","geometry":{"type":"MultiLineString","coordinates":[[[719.758124,577.793872],[722.932602,580.400058],[730.14497,585.8813],[735.807425,589.050067],[749.888311,595.12473],[755.190851,601.937129]]]},"properties":{"ID":"018f6862-e830-7644-970a-2d8c764c3f97","NAME":"Tertiary Solenbaran","ALT_NAMES":"","TYPE":"Hyperspace Route","PARENT_ID":"","PARENT_NAME":"","DATE_FROM":"","DATE_TO":"","CANON":"","LEGENDS":"YES","UNLICENSED":"","LEVEL":"3","ZOOM_LEVEL":"","CONJECTURAL_NAME":"","URLS":"https://starwars.fandom.com/wiki/Tertiary_Solenbaran","DESC":"","color":"","weight":"","opacity":"","smoothFactor":"","SECTIONS_PROPERTIES":[[{"text":"Saclas system","coords":[719.758124,577.793872]},{"text":"Duroon system","coords":[722.932602,580.400058],"averageTravelTime":"","continuity":{"canon":"","legends":"YES","unlicensed":""},"desc":"","placementCert":""},{"text":"Biewa system","coords":[730.14497,585.8813],"averageTravelTime":"","continuity":{"canon":"","legends":"YES","unlicensed":""},"desc":"","placementCert":""},{"text":"Kalla system","coords":[735.807425,589.050067],"averageTravelTime":"","continuity":{"canon":"","legends":"YES","unlicensed":""},"desc":"","placementCert":""},{"text":"Issagra system","coords":[749.888311,595.12473],"averageTravelTime":"","continuity":{"canon":"","legends":"YES","unlicensed":""},"desc":"","placementCert":""},{"text":"Deltooine system","coords":[755.190851,601.937129],"averageTravelTime":"","continuity":{"canon":"","legends":"YES","unlicensed":""},"desc":"","placementCert":""}]]}},{"type":"Feature","geometry":{"type":"MultiLineString","coordinates":[[[642.073549,-670.80315],[642.689238,-671.119315],[660.877045,-682.451333],[664.438061,-697.294447],[669.796225,-703.301582],[673.448763,-712.428765]]]},"properties":{"ID":"018f6862-e830-7be6-8aeb-8dba08e6eb09","NAME":"The Crystal Passage","ALT_NAMES":"","TYPE":"Hyperspace Route","PARENT_ID":"","PARENT_NAME":"","DATE_FROM":"","DATE_TO":"","CANON":"YES","LEGENDS":"YES","UNLICENSED":"","LEVEL":"3","ZOOM_LEVEL":"","CONJECTURAL_NAME":"","URLS":"https://starwars.fandom.com/wiki/The_Crystal_Passage,https://starwars.fandom.com/wiki/The_Crystal_Passage/Legends","DESC":"","color":"","weight":"","opacity":"","smoothFactor":"","SECTIONS_PROPERTIES":[[{"text":"Tatooine system / Tatoo system / Tri-planetary system J11.9","coords":[642.073549,-670.80315]},{"text":"Geonosis system","coords":[642.689238,-671.119315],"averageTravelTime":"","continuity":{"canon":"","legends":"YES","unlicensed":""},"desc":"","placementCert":""},{"text":"Cranan system","coords":[660.877045,-682.451333],"averageTravelTime":"","continuity":{"canon":"","legends":"YES","unlicensed":""},"desc":"","placementCert":""},{"text":"Vactooine system","coords":[664.438061,-697.294447],"averageTravelTime":"","continuity":{"canon":"","legends":"YES","unlicensed":""},"desc":"","placementCert":""},{"text":"Tarnoonga system","coords":[669.796225,-703.301582],"averageTravelTime":"","continuity":{"canon":"","legends":"YES","unlicensed":""},"desc":"","placementCert":""},{"text":"Cirus system","coords":[673.448763,-712.428765],"averageTravelTime":"","continuity":{"canon":"","legends":"YES","unlicensed":""},"desc":"","placementCert":""}]]}},{"type":"Feature","geometry":{"type":"MultiLineString","coordinates":[[[780.742551,98.030228],[778.768183,49.630083],[795.830066,-17.246384],[797.293059,-45.974243],[805.040869,-77.047377],[829.860095,-85.320453],[850.049702,-136.026975],[849.037568,-177.130056],[814.542633,-162.801946],[769.936226,-155.568775]]]},"properties":{"ID":"018f6862-e830-76a0-936c-93ecbc5f6d52","NAME":"The Dead Road","ALT_NAMES":"","TYPE":"Hyperspace Route","PARENT_ID":"","PARENT_NAME":"","DATE_FROM":"","DATE_TO":"","CANON":"","LEGENDS":"YES","UNLICENSED":"","LEVEL":"2","ZOOM_LEVEL":"","CONJECTURAL_NAME":"","URLS":"https://starwars.fandom.com/wiki/The_Dead_Road","DESC":"","color":"","weight":"","opacity":"","smoothFactor":"","SECTIONS_PROPERTIES":[[{"text":"Nimia system","coords":[780.742551,98.030228]},{"text":"Kafane system","coords":[778.768183,49.630083],"averageTravelTime":"","continuity":{"canon":"","legends":"YES","unlicensed":""},"desc":"","placementCert":""},{"text":"Ulmatra system","coords":[795.830066,-17.246384],"averageTravelTime":"","continuity":{"canon":"","legends":"YES","unlicensed":""},"desc":"","placementCert":""},{"text":"Zisia system","coords":[797.293059,-45.974243],"averageTravelTime":"","continuity":{"canon":"","legends":"YES","unlicensed":""},"desc":"","placementCert":""},{"text":"Elgit system","coords":[805.040869,-77.047377],"averageTravelTime":"","continuity":{"canon":"","legends":"YES","unlicensed":""},"desc":"","placementCert":""},{"text":"Usk system","coords":[829.860095,-85.320453],"averageTravelTime":"","continuity":{"canon":"","legends":"YES","unlicensed":""},"desc":"","placementCert":""},{"text":"Saqqar system","coords":[850.049702,-136.026975],"averageTravelTime":"","continuity":{"canon":"","legends":"YES","unlicensed":""},"desc":"","placementCert":""},{"text":"Tisht system","coords":[849.037568,-177.130056],"averageTravelTime":"","continuity":{"canon":"","legends":"YES","unlicensed":""},"desc":"","placementCert":""},{"text":"M'Hanna system","coords":[814.542633,-162.801946],"averageTravelTime":"","continuity":{"canon":"","legends":"YES","unlicensed":""},"desc":"","placementCert":""},{"text":"Ardos system","coords":[769.936226,-155.568775],"averageTravelTime":"","continuity":{"canon":"","legends":"YES","unlicensed":""},"desc":"","placementCert":""}]]}},{"type":"Feature","geometry":{"type":"MultiLineString","coordinates":[[[157.864,-998.73],[156.079,-997.669]]]},"properties":{"ID":"018f6862-e830-7fab-b7e2-56b6132ec8a2","NAME":"The Extreme","ALT_NAMES":"","TYPE":"Hyperspace Route","PARENT_ID":"","PARENT_NAME":"","DATE_FROM":"","DATE_TO":"","CANON":"","LEGENDS":"YES","UNLICENSED":"","LEVEL":"3","ZOOM_LEVEL":"","CONJECTURAL_NAME":"","URLS":"https://starwars.fandom.com/wiki/The_Extreme","DESC":"","color":"","weight":"","opacity":"","smoothFactor":"","SECTIONS_PROPERTIES":[[{"text":"Torina system","coords":[157.864,-998.73]},{"text":"Derilyn system","coords":[156.079,-997.669],"averageTravelTime":"","continuity":{"canon":"","legends":"YES","unlicensed":""},"desc":"","placementCert":""}]]}},{"type":"Feature","geometry":{"type":"MultiLineString","coordinates":[[[-96.64,-834.897],[-104.125,-831.5625],[-115.000247,-830.254266],[-115.5625,-837.125],[-108.937127,-841.597856]]]},"properties":{"ID":"018f6862-e830-7d98-bfa0-d13a29f75849","NAME":"The Loop","ALT_NAMES":"","TYPE":"Hyperspace Route","PARENT_ID":"","PARENT_NAME":"","DATE_FROM":"-500","DATE_TO":"","CANON":"","LEGENDS":"YES","UNLICENSED":"","LEVEL":"3","ZOOM_LEVEL":"","CONJECTURAL_NAME":"","URLS":"https://starwars.fandom.com/wiki/%22The_Loop%22_(hyperlane)","DESC":"","color":"","weight":"","opacity":"","smoothFactor":"","SECTIONS_PROPERTIES":[[{"text":"Mijos system","coords":[-96.64,-834.897]},{"text":"Nameless Yarith sector system 5","coords":[-104.125,-831.5625],"averageTravelTime":"","continuity":{"canon":"","legends":"YES","unlicensed":""},"desc":"","placementCert":""},{"text":"Shuldene system","coords":[-115.000247,-830.254266],"averageTravelTime":"","continuity":{"canon":"","legends":"YES","unlicensed":""},"desc":"","placementCert":""},{"text":"Nameless Yarith sector system 3","coords":[-115.5625,-837.125],"averageTravelTime":"","continuity":{"canon":"","legends":"YES","unlicensed":""},"desc":"","placementCert":""},{"text":"Lutrillia system","coords":[-108.937127,-841.597856],"averageTravelTime":"","continuity":{"canon":"","legends":"YES","unlicensed":""},"desc":"","placementCert":""}]]}},{"type":"Feature","geometry":{"type":"MultiLineString","coordinates":[[[158.017414,-194.622178],[160.938705,-187.242073],[154.546725,-174.187809],[151.713573,-162.334216],[147.864998,-150.981446],[137.817073,-117.663079],[133.876381,-106.513806],[124.664214,-83.051765],[112.081313,-59.048513],[81.999476,-28.293244],[68.80791,-19.969245],[56.439873,-12.566478],[37.038266,-4.045108],[0.113903,0.18186],[-12.924691,1.390859],[-32.816054,-6.587643],[-45.397601,-14.102796]]]},"properties":{"ID":"018f6862-e830-7d58-928a-7fddc7323d44","NAME":"The Spin","ALT_NAMES":"","TYPE":"Hyperspace Route","PARENT_ID":"","PARENT_NAME":"","DATE_FROM":"-11987","DATE_TO":"","CANON":"","LEGENDS":"YES","UNLICENSED":"","LEVEL":"1","ZOOM_LEVEL":"0","CONJECTURAL_NAME":"","URLS":"https://starwars.fandom.com/wiki/The_Spin","DESC":"","color":"","weight":"","opacity":"","smoothFactor":"","SECTIONS_PROPERTIES":[[{"text":"Duro system / Duros system","coords":[158.017414,-194.622178]},{"text":"Corellia system/Corellian system","coords":[160.938705,-187.242073],"averageTravelTime":"","continuity":{"canon":"","legends":"YES","unlicensed":""},"desc":"","placementCert":""},{"text":"Namaryne system / Rydonni Prime system","coords":[154.546725,-174.187809],"averageTravelTime":"","continuity":{"canon":"","legends":"YES","unlicensed":""},"desc":"","placementCert":""},{"text":"Sedratis system","coords":[151.713573,-162.334216],"averageTravelTime":"","continuity":{"canon":"","legends":"YES","unlicensed":""},"desc":"","placementCert":""},{"text":"Rehemsa system","coords":[147.864998,-150.981446],"averageTravelTime":"","continuity":{"canon":"","legends":"YES","unlicensed":""},"desc":"","placementCert":""},{"text":"Lolnar system","coords":[137.817073,-117.663079],"averageTravelTime":"","continuity":{"canon":"","legends":"YES","unlicensed":""},"desc":"","placementCert":""},{"text":"Perma system","coords":[133.876381,-106.513806],"averageTravelTime":"","continuity":{"canon":"","legends":"YES","unlicensed":""},"desc":"","placementCert":""},{"text":"Leria Kerlsil system","coords":[124.664214,-83.051765],"averageTravelTime":"","continuity":{"canon":"","legends":"YES","unlicensed":""},"desc":"","placementCert":""},{"text":"Vuma system","coords":[112.081313,-59.048513],"averageTravelTime":"","continuity":{"canon":"","legends":"YES","unlicensed":""},"desc":"","placementCert":""},{"text":"Xorth system","coords":[81.999476,-28.293244],"averageTravelTime":"","continuity":{"canon":"","legends":"YES","unlicensed":""},"desc":"","placementCert":""},{"text":"Kailor system","coords":[68.80791,-19.969245],"averageTravelTime":"","continuity":{"canon":"","legends":"YES","unlicensed":""},"desc":"","placementCert":""},{"text":"Wukkar system","coords":[56.439873,-12.566478],"averageTravelTime":"","continuity":{"canon":"","legends":"YES","unlicensed":""},"desc":"","placementCert":""},{"text":"Ixtlar system","coords":[37.038266,-4.045108],"averageTravelTime":"","continuity":{"canon":"","legends":"YES","unlicensed":""},"desc":"","placementCert":""},{"text":"Coruscant system/Imperial system/Yuuzhan'tar system","coords":[0.113903,0.18186],"averageTravelTime":"","continuity":{"canon":"","legends":"YES","unlicensed":""},"desc":"","placementCert":""},{"text":"Metellos system","coords":[-12.924691,1.390859],"averageTravelTime":"","continuity":{"canon":"","legends":"YES","unlicensed":""},"desc":"","placementCert":""},{"text":"Norkronia system","coords":[-32.816054,-6.587643],"averageTravelTime":"","continuity":{"canon":"","legends":"YES","unlicensed":""},"desc":"","placementCert":""},{"text":"Alland system","coords":[-45.397601,-14.102796],"averageTravelTime":"","continuity":{"canon":"","legends":"YES","unlicensed":""},"desc":"","placementCert":""}]]}},{"type":"Feature","geometry":{"type":"MultiLineString","coordinates":[[[844.913126,-213.641318],[848.600137,-344.886867]]]},"properties":{"ID":"018f6862-e830-732a-ae54-c95ea117cae9","NAME":"The Sy-Y","ALT_NAMES":"","TYPE":"Hyperspace Route","PARENT_ID":"","PARENT_NAME":"","DATE_FROM":"","DATE_TO":"","CANON":"","LEGENDS":"YES","UNLICENSED":"","LEVEL":"4","ZOOM_LEVEL":"","CONJECTURAL_NAME":"","URLS":"https://starwars.fandom.com/wiki/The_Sy-Y","DESC":"","color":"","weight":"","opacity":"","smoothFactor":"","SECTIONS_PROPERTIES":[[{"text":"Cha Raaba system / Ylesian system","coords":[844.913126,-213.641318]},{"text":"Syvris system","coords":[848.600137,-344.886867],"averageTravelTime":"","continuity":{"canon":"","legends":"YES","unlicensed":""},"desc":"","placementCert":""}]]}},{"type":"Feature","geometry":{"type":"MultiLineString","coordinates":[[[907.731959,330.498024],[931.390984,333.977889],[929.084701,351.813144],[947.227461,321.370208],[952.76254,303.99621],[925.240896,294.002316]]]},"properties":{"ID":"018f6862-e830-7347-b748-4bc87a73ecfb","NAME":"Tidal Circuit","ALT_NAMES":"","TYPE":"Hyperspace Route","PARENT_ID":"","PARENT_NAME":"","DATE_FROM":"","DATE_TO":"","CANON":"","LEGENDS":"YES","UNLICENSED":"","LEVEL":"3","ZOOM_LEVEL":"","CONJECTURAL_NAME":"","URLS":"https://starwars.fandom.com/wiki/Tidal_Circuit","DESC":"","color":"","weight":"","opacity":"","smoothFactor":"","SECTIONS_PROPERTIES":[[{"text":"Mon Calamari system/","coords":[907.731959,330.498024]},{"text":"Pinperu system","coords":[931.390984,333.977889],"averageTravelTime":"","continuity":{"canon":"","legends":"YES","unlicensed":""},"desc":"","placementCert":""},{"text":"Damendine system","coords":[929.084701,351.813144],"averageTravelTime":"","continuity":{"canon":"","legends":"YES","unlicensed":""},"desc":"","placementCert":""},{"text":"Krinemonen system","coords":[947.227461,321.370208],"averageTravelTime":"","continuity":{"canon":"","legends":"YES","unlicensed":""},"desc":"","placementCert":""},{"text":"Hinakuu system","coords":[952.76254,303.99621],"averageTravelTime":"","continuity":{"canon":"","legends":"YES","unlicensed":""},"desc":"","placementCert":""},{"text":"Sanctuary system","coords":[925.240896,294.002316],"averageTravelTime":"","continuity":{"canon":"","legends":"YES","unlicensed":""},"desc":"","placementCert":""}]]}},{"type":"Feature","geometry":{"type":"MultiLineString","coordinates":[[[741.844302,601.625172],[746.587513,598.881242],[749.888311,595.12473],[753.628599,589.049906],[756.991198,584.150031],[758.815727,582.112563],[770.578125,574.8125]]]},"properties":{"ID":"018f6862-e830-7489-8943-ca8de3019583","NAME":"Tingel Route","ALT_NAMES":"","TYPE":"Hyperspace Route","PARENT_ID":"","PARENT_NAME":"","DATE_FROM":"","DATE_TO":"","CANON":"","LEGENDS":"YES","UNLICENSED":"","LEVEL":"3","ZOOM_LEVEL":"","CONJECTURAL_NAME":"","URLS":"https://starwars.fandom.com/wiki/Tingel_Route","DESC":"","color":"","weight":"","opacity":"","smoothFactor":"","SECTIONS_PROPERTIES":[[{"text":"Bonadan system","coords":[741.844302,601.625172]},{"text":"Erysthes system","coords":[746.587513,598.881242],"averageTravelTime":"","continuity":{"canon":"","legends":"YES","unlicensed":""},"desc":"","placementCert":""},{"text":"Issagra system","coords":[749.888311,595.12473],"averageTravelTime":"","continuity":{"canon":"","legends":"YES","unlicensed":""},"desc":"","placementCert":""},{"text":"Ban-Satir system","coords":[753.628599,589.049906],"averageTravelTime":"","continuity":{"canon":"","legends":"YES","unlicensed":""},"desc":"","placementCert":""},{"text":"Gaurick system","coords":[756.991198,584.150031],"averageTravelTime":"","continuity":{"canon":"","legends":"YES","unlicensed":""},"desc":"","placementCert":""},{"text":"Joodrudda system","coords":[758.815727,582.112563],"averageTravelTime":"","continuity":{"canon":"","legends":"YES","unlicensed":""},"desc":"","placementCert":""},{"text":"Tingel Route end","coords":[770.578125,574.8125],"averageTravelTime":"","continuity":{"canon":"","legends":"YES","unlicensed":""},"desc":"","placementCert":""}]]}},{"type":"Feature","geometry":{"type":"MultiLineString","coordinates":[[[742.639565,437.423146],[758.283546,418.214112],[770.296112,410.72079],[773.375,407.852363],[782.625,398.731224],[790.374017,389.913716],[794.655322,375.538496],[801.761671,362.61332],[798.625,357.123836],[810.986803,346.114321],[814.233517,331.44136],[823.667558,319.863371]]]},"properties":{"ID":"018f6862-e830-768b-b057-65c98f7a43fe","NAME":"Tion Trade Route","ALT_NAMES":"","TYPE":"Hyperspace Route","PARENT_ID":"","PARENT_NAME":"","DATE_FROM":"","DATE_TO":"","CANON":"","LEGENDS":"YES","UNLICENSED":"","LEVEL":"2","ZOOM_LEVEL":"","CONJECTURAL_NAME":"","URLS":"https://starwars.fandom.com/wiki/Tion_Trade_Route","DESC":"","color":"","weight":"","opacity":"","smoothFactor":"","SECTIONS_PROPERTIES":[[{"text":"Estaria system","coords":[742.639565,437.423146]},{"text":"Joxin system","coords":[758.283546,418.214112],"averageTravelTime":"","continuity":{"canon":"","legends":"YES","unlicensed":""},"desc":"","placementCert":""},{"text":"Raxus system","coords":[770.296112,410.72079],"averageTravelTime":"","continuity":{"canon":"","legends":"YES","unlicensed":""},"desc":"","placementCert":""},{"text":"Tion system","coords":[773.375,407.852363],"averageTravelTime":"","continuity":{"canon":"","legends":"YES","unlicensed":""},"desc":"","placementCert":""},{"text":"Argoon system","coords":[782.625,398.731224],"averageTravelTime":"","continuity":{"canon":"","legends":"YES","unlicensed":""},"desc":"","placementCert":""},{"text":"Rudrig system","coords":[790.374017,389.913716],"averageTravelTime":"","continuity":{"canon":"","legends":"YES","unlicensed":""},"desc":"","placementCert":""},{"text":"Clariv system","coords":[794.655322,375.538496],"averageTravelTime":"","continuity":{"canon":"","legends":"YES","unlicensed":""},"desc":"","placementCert":""},{"text":"Erediss system","coords":[801.761671,362.61332],"averageTravelTime":"","continuity":{"canon":"","legends":"YES","unlicensed":""},"desc":"","placementCert":""},{"text":"Stalimur system","coords":[798.625,357.123836],"averageTravelTime":"","continuity":{"canon":"","legends":"YES","unlicensed":""},"desc":"","placementCert":""},{"text":"Brigia system","coords":[810.986803,346.114321],"averageTravelTime":"","continuity":{"canon":"","legends":"YES","unlicensed":""},"desc":"","placementCert":""},{"text":"Caluula system","coords":[814.233517,331.44136],"averageTravelTime":"","continuity":{"canon":"","legends":"YES","unlicensed":""},"desc":"","placementCert":""},{"text":"Dellalt system","coords":[823.667558,319.863371],"averageTravelTime":"","continuity":{"canon":"","legends":"YES","unlicensed":""},"desc":"","placementCert":""}]]}},{"type":"Feature","geometry":{"type":"MultiLineString","coordinates":[[[618.244693,-645.975879],[640.675767,-654.395851],[659.073632,-638.762877]]]},"properties":{"ID":"018f6862-e830-70e3-9696-954e641825ea","NAME":"Trans Gulf Route","ALT_NAMES":"","TYPE":"Hyperspace Route","PARENT_ID":"","PARENT_NAME":"","DATE_FROM":"","DATE_TO":"","CANON":"","LEGENDS":"YES","UNLICENSED":"","LEVEL":"3","ZOOM_LEVEL":"","CONJECTURAL_NAME":"","URLS":"https://starwars.fandom.com/wiki/Trans_Gulf_Route","DESC":"","color":"","weight":"","opacity":"","smoothFactor":"","SECTIONS_PROPERTIES":[[{"text":"Pii system","coords":[618.244693,-645.975879]},{"text":"Vuzsa system","coords":[640.675767,-654.395851],"averageTravelTime":"","continuity":{"canon":"","legends":"YES","unlicensed":""},"desc":"","placementCert":""},{"text":"Piroket system","coords":[659.073632,-638.762877],"averageTravelTime":"","continuity":{"canon":"","legends":"YES","unlicensed":""},"desc":"","placementCert":""}]]}},{"type":"Feature","geometry":{"type":"MultiLineString","coordinates":[[[526.929376,-35.007572],[530.541661,-58.408236],[529.676802,-75.175785],[536.935589,-90.377158],[526.25,-158.5],[527.644255,-210.761423],[529.308968,-244.721572],[563.134406,-272.606955]]]},"properties":{"ID":"018f6862-e830-781e-bd79-3717d31e870c","NAME":"Trax Tube","ALT_NAMES":"","TYPE":"Hyperspace Route","PARENT_ID":"","PARENT_NAME":"","DATE_FROM":"","DATE_TO":"","CANON":"YES","LEGENDS":"YES","UNLICENSED":"","LEVEL":"2","ZOOM_LEVEL":"","CONJECTURAL_NAME":"","URLS":"https://starwars.fandom.com/wiki/Trax_Tube,https://starwars.fandom.com/wiki/Trax_Tube/Legends","DESC":"","color":"","weight":"","opacity":"","smoothFactor":"","SECTIONS_PROPERTIES":[[{"text":"Randon system","coords":[526.929376,-35.007572]},{"text":"Deysum system","coords":[530.541661,-58.408236],"averageTravelTime":"","continuity":{"canon":"","legends":"YES","unlicensed":""},"desc":"","placementCert":""},{"text":"Lexrul system","coords":[529.676802,-75.175785],"averageTravelTime":"","continuity":{"canon":"","legends":"YES","unlicensed":""},"desc":"","placementCert":""},{"text":"Uogo'cor system","coords":[536.935589,-90.377158],"averageTravelTime":"","continuity":{"canon":"","legends":"YES","unlicensed":""},"desc":"","placementCert":""},{"text":"Trax Tube-Oktos Route junction","coords":[526.25,-158.5],"averageTravelTime":"","continuity":{"canon":"","legends":"YES","unlicensed":""},"desc":"","placementCert":""},{"text":"Nanth'ri system","coords":[527.644255,-210.761423],"averageTravelTime":"","continuity":{"canon":"","legends":"YES","unlicensed":""},"desc":"","placementCert":""},{"text":"Nixor system","coords":[529.308968,-244.721572],"averageTravelTime":"","continuity":{"canon":"","legends":"YES","unlicensed":""},"desc":"","placementCert":""},{"text":"Daalang system","coords":[563.134406,-272.606955],"averageTravelTime":"","continuity":{"canon":"","legends":"YES","unlicensed":""},"desc":"","placementCert":""}]]}},{"type":"Feature","geometry":{"type":"MultiLineString","coordinates":[[[163.858919,-100.731641],[189.536615,-99.295814],[219.4375,-96.875],[231.407678,-98.02691],[306.981184,-90.388618],[354.037348,-69.021278]]]},"properties":{"ID":"018f6862-e830-7fa4-b521-3310b1c1f46f","NAME":"Trellen Trade Route","ALT_NAMES":"","TYPE":"Hyperspace Route","PARENT_ID":"","PARENT_NAME":"","DATE_FROM":"","DATE_TO":"","CANON":"YES","LEGENDS":"YES","UNLICENSED":"","LEVEL":"2","ZOOM_LEVEL":"","CONJECTURAL_NAME":"","URLS":"https://starwars.fandom.com/wiki/Trellen_Trade_Route,https://starwars.fandom.com/wiki/Trellen_Trade_Route/Legends","DESC":"","color":"","weight":"","opacity":"","smoothFactor":"","SECTIONS_PROPERTIES":[[{"text":"Trellen system","coords":[163.858919,-100.731641]},{"text":"Humbarine system","coords":[189.536615,-99.295814],"averageTravelTime":"","continuity":{"canon":"","legends":"YES","unlicensed":""},"desc":"","placementCert":""},{"text":"Trellen Trade Route-Fedalle-Kuat unamed route junction","coords":[219.4375,-96.875],"averageTravelTime":"","continuity":{"canon":"","legends":"YES","unlicensed":""},"desc":"","placementCert":""},{"text":"Commenor system","coords":[231.407678,-98.02691],"averageTravelTime":"","continuity":{"canon":"","legends":"YES","unlicensed":""},"desc":"","placementCert":""},{"text":"Rasterous system","coords":[306.981184,-90.388618],"averageTravelTime":"","continuity":{"canon":"","legends":"YES","unlicensed":""},"desc":"","placementCert":""},{"text":"Zel system / Zeltros system","coords":[354.037348,-69.021278],"averageTravelTime":"","continuity":{"canon":"","legends":"YES","unlicensed":""},"desc":"","placementCert":""}]]}},{"type":"Feature","geometry":{"type":"MultiLineString","coordinates":[[[731.902037,597.912253],[714.476438,607.899504],[713.649555,625.950683],[712.375301,632.598484],[711.500335,635.773502]]]},"properties":{"ID":"018f6862-e830-7d38-9363-c8ea2f0fb305","NAME":"Trianii Shunt","ALT_NAMES":"","TYPE":"Hyperspace Route","PARENT_ID":"","PARENT_NAME":"","DATE_FROM":"","DATE_TO":"","CANON":"","LEGENDS":"YES","UNLICENSED":"","LEVEL":"2","ZOOM_LEVEL":"","CONJECTURAL_NAME":"","URLS":"https://starwars.fandom.com/wiki/Trianii_Shunt","DESC":"","color":"","weight":"","opacity":"","smoothFactor":"","SECTIONS_PROPERTIES":[[{"text":"Etti system","coords":[731.902037,597.912253]},{"text":"Lythos system","coords":[714.476438,607.899504],"averageTravelTime":"","continuity":{"canon":"","legends":"YES","unlicensed":""},"desc":"","placementCert":""},{"text":"Hiit system","coords":[713.649555,625.950683],"averageTravelTime":"","continuity":{"canon":"","legends":"YES","unlicensed":""},"desc":"","placementCert":""},{"text":"Fibuli system","coords":[712.375301,632.598484],"averageTravelTime":"","continuity":{"canon":"","legends":"YES","unlicensed":""},"desc":"","placementCert":""},{"text":"Brochiib system","coords":[711.500335,635.773502],"averageTravelTime":"","continuity":{"canon":"","legends":"YES","unlicensed":""},"desc":"","placementCert":""}]]}},{"type":"Feature","geometry":{"type":"MultiLineString","coordinates":[[[698.379824,248.071702],[734.832104,249.860088],[736.0625,246.1875]],[[754.534334,226.175493],[760.822279,207.730853],[778.847723,187.819025]],[[804.748853,161.360417],[805.3132257998022,155.21634619691594]],[[802.75,135],[800.8125,133.6875],[805.3721395628087,120.57492248675399],[861.949595,89.126172],[864.75,66.75]],[[862.184099,52.174382],[862.592443,43.949175],[868.896868,27.02293],[892.848,-2.391],[894.604874,-24.86009]],[[910.480685,-46.712561],[914.368691,-50.148251],[934.491534,-114.874935],[927.470041,-151.98854],[912.078027,-210.424289],[912.649604,-229.081826],[912.076419,-265.333504],[911.858863,-271.705649],[905.006739,-295.909872],[891.220862,-321.537463],[848.600137,-344.886867],[836.388463,-383.200995],[844.954978,-430.542399],[809.375,-492.125]],[[791.163152,-512.876827],[788.375,-526.25]],[[671.560093,-616.522615],[659.073632,-638.762877],[657.698755,-645.876037],[657.257788,-648.363756],[656.692019,-650.685073],[649.861191,-665.012339],[642.073549,-670.80315],[634.968157,-676.444199],[628.894461,-684.16528],[624.002224,-691.853081],[618.743901,-700.090011],[608.759744,-708.709667]],[[585.282,-699.026],[580.81336,-699.112476],[528.424468,-695.002968],[495.623185,-717.835162],[408.553105,-708.266484],[377.438597,-705.830888],[357.25,-709.375]],[[641.568086,263.405628],[648.994667,259.250997],[698.379824,248.071702]],[[736.0625,246.1875],[754.534334,226.175493]],[[778.847723,187.819025],[806.1875,180.5],[807.312958,170.078042],[804.748853,161.360417]],[[805.3132257998022,155.21634619691594],[802.75,135]],[[864.75,66.75],[862.184099,52.174382]],[[894.604874,-24.86009],[910.480685,-46.712561]],[[905.006739,-295.909872],[891.220862,-321.537463],[848.600137,-344.886867],[836.388463,-383.200995]],[[809.375,-492.125],[791.163152,-512.876827]],[[788.375,-526.25],[732.102204,-557.966244],[703.545438,-582.358482],[674.875,-606],[671.560093,-616.522615]],[[608.759744,-708.709667],[594.107482,-708.008015],[585.282,-699.026]],[[357.25,-709.375],[341.147805,-715.887373]]]},"properties":{"ID":"018f6862-e830-7545-bc5c-a73f42e44214","NAME":"Triellus Trade Route","ALT_NAMES":"Hutt Highway","TYPE":"Hyperspace Route","PARENT_ID":"","PARENT_NAME":"","DATE_FROM":"","DATE_TO":"","CANON":"YES","LEGENDS":"YES","UNLICENSED":"","LEVEL":"2","ZOOM_LEVEL":"","CONJECTURAL_NAME":"","URLS":"https://starwars.fandom.com/wiki/Triellus_Trade_Route,https://starwars.fandom.com/wiki/Triellus_Trade_Route/Legends","DESC":"","color":"","weight":"","opacity":"","smoothFactor":"","SECTIONS_PROPERTIES":[[{"text":"Sy Myrth system","coords":[698.379824,248.071702]},{"text":"Handooine system","coords":[734.832104,249.860088],"averageTravelTime":"","continuity":{"canon":"","legends":"YES","unlicensed":""},"desc":"","placementCert":""},{"text":"Naraka's system","coords":[736.0625,246.1875],"averageTravelTime":"","continuity":{"canon":"","legends":"YES","unlicensed":""},"desc":"","placementCert":""}],[{"text":"Jabiim system","coords":[754.534334,226.175493]},{"text":"Taskeed system","coords":[760.822279,207.730853],"averageTravelTime":"","continuity":{"canon":"YES","legends":"YES","unlicensed":""},"desc":"","placementCert":""},{"text":"Dennogra system","coords":[778.847723,187.819025],"averageTravelTime":"","continuity":{"canon":"YES","legends":"YES","unlicensed":""},"desc":"","placementCert":""}],[{"text":"Junkfort system","coords":[804.748853,161.360417]},{"text":"Nimat system","coords":[805.3132257998022,155.21634619691594],"averageTravelTime":"","continuity":{"canon":"","legends":"YES","unlicensed":""},"desc":"","placementCert":""}],[{"text":"Qhulosk's system","coords":[802.75,135]},{"text":"Nwarcol Point-Triellus trade route unnamed route junction","coords":[800.8125,133.6875],"averageTravelTime":"","continuity":{"canon":"","legends":"YES","unlicensed":""},"desc":"","placementCert":""},{"text":"Tammar system","coords":[805.3721395628087,120.57492248675399],"averageTravelTime":"","continuity":{"canon":"","legends":"YES","unlicensed":""},"desc":"","placementCert":""},{"text":"Kegan system","coords":[861.949595,89.126172],"averageTravelTime":"","continuity":{"canon":"","legends":"YES","unlicensed":""},"desc":"","placementCert":""},{"text":"Alamass's system","coords":[864.75,66.75],"averageTravelTime":"","continuity":{"canon":"","legends":"YES","unlicensed":""},"desc":"","placementCert":""}],[{"text":"Gestrex system","coords":[862.184099,52.174382]},{"text":"Norval system","coords":[862.592443,43.949175],"averageTravelTime":"","continuity":{"canon":"","legends":"YES","unlicensed":""},"desc":"","placementCert":""},{"text":"Ku'Bakai system","coords":[868.896868,27.02293],"averageTravelTime":"","continuity":{"canon":"","legends":"YES","unlicensed":""},"desc":"","placementCert":""},{"text":"Drualkiin system","coords":[892.848,-2.391],"averageTravelTime":"","continuity":{"canon":"YES","legends":"YES","unlicensed":""},"desc":"","placementCert":""},{"text":"Formos system","coords":[894.604874,-24.86009],"averageTravelTime":"","continuity":{"canon":"YES","legends":"YES","unlicensed":""},"desc":"","placementCert":""}],[{"text":"Eadu system","coords":[910.480685,-46.712561]},{"text":"Bheriz system","coords":[914.368691,-50.148251],"averageTravelTime":"","continuity":{"canon":"","legends":"YES","unlicensed":""},"desc":"","placementCert":""},{"text":"Aduba system","coords":[934.491534,-114.874935],"averageTravelTime":"","continuity":{"canon":"","legends":"YES","unlicensed":""},"desc":"","placementCert":""},{"text":"Glottal system","coords":[927.470041,-151.98854],"averageTravelTime":"","continuity":{"canon":"","legends":"YES","unlicensed":""},"desc":"","placementCert":""},{"text":"Teth system","coords":[912.078027,-210.424289],"averageTravelTime":"","continuity":{"canon":"","legends":"YES","unlicensed":""},"desc":"","placementCert":""},{"text":"Rampa Minor system","coords":[912.649604,-229.081826],"averageTravelTime":"","continuity":{"canon":"","legends":"YES","unlicensed":""},"desc":"","placementCert":""},{"text":"Dilbana system","coords":[912.076419,-265.333504],"averageTravelTime":"","continuity":{"canon":"","legends":"YES","unlicensed":""},"desc":"","placementCert":""},{"text":"Clantaano system","coords":[911.858863,-271.705649],"averageTravelTime":"","continuity":{"canon":"","legends":"YES","unlicensed":""},"desc":"","placementCert":""},{"text":"Barab system","coords":[905.006739,-295.909872],"averageTravelTime":"","continuity":{"canon":"","legends":"YES","unlicensed":""},"desc":"","placementCert":""},{"text":"Dubrava system","coords":[891.220862,-321.537463],"averageTravelTime":"","continuity":{"canon":"","legends":"YES","unlicensed":""},"desc":"","placementCert":""},{"text":"Syvris system","coords":[848.600137,-344.886867],"averageTravelTime":"","continuity":{"canon":"","legends":"YES","unlicensed":""},"desc":"","placementCert":""},{"text":"Arami system","coords":[836.388463,-383.200995],"averageTravelTime":"","continuity":{"canon":"","legends":"YES","unlicensed":""},"desc":"","placementCert":""},{"text":"Opoku system","coords":[844.954978,-430.542399],"averageTravelTime":"","continuity":{"canon":"YES","legends":"YES","unlicensed":""},"desc":"","placementCert":""},{"text":"Kaddak system","coords":[809.375,-492.125],"averageTravelTime":"","continuity":{"canon":"","legends":"YES","unlicensed":""},"desc":"","placementCert":""}],[{"text":"Lyran system","coords":[791.163152,-512.876827]},{"text":"Arvina's system","coords":[788.375,-526.25],"averageTravelTime":"","continuity":{"canon":"","legends":"YES","unlicensed":""},"desc":"","placementCert":""}],[{"text":"Koiogra system","coords":[671.560093,-616.522615]},{"text":"Piroket system","coords":[659.073632,-638.762877],"averageTravelTime":"","continuity":{"canon":"","legends":"YES","unlicensed":""},"desc":"","placementCert":""},{"text":"A-Foroon system","coords":[657.698755,-645.876037],"averageTravelTime":"","continuity":{"canon":"","legends":"YES","unlicensed":""},"desc":"","placementCert":""},{"text":"B-Foroon system","coords":[657.257788,-648.363756],"averageTravelTime":"","continuity":{"canon":"","legends":"YES","unlicensed":""},"desc":"","placementCert":""},{"text":"C-Foroon system","coords":[656.692019,-650.685073],"averageTravelTime":"","continuity":{"canon":"","legends":"YES","unlicensed":""},"desc":"","placementCert":""},{"text":"Ooo-temiuk system","coords":[649.861191,-665.012339],"averageTravelTime":"","continuity":{"canon":"","legends":"YES","unlicensed":""},"desc":"","placementCert":""},{"text":"Tatooine system / Tatoo system / Tri-planetary system J11.9","coords":[642.073549,-670.80315],"averageTravelTime":"","continuity":{"canon":"","legends":"YES","unlicensed":""},"desc":"","placementCert":""},{"text":"Andooweel system","coords":[634.968157,-676.444199],"averageTravelTime":"","continuity":{"canon":"","legends":"YES","unlicensed":""},"desc":"","placementCert":""},{"text":"Kemal Station system","coords":[628.894461,-684.16528],"averageTravelTime":"","continuity":{"canon":"","legends":"YES","unlicensed":""},"desc":"","placementCert":""},{"text":"New Ator system","coords":[624.002224,-691.853081],"averageTravelTime":"","continuity":{"canon":"","legends":"YES","unlicensed":""},"desc":"","placementCert":""},{"text":"Issor system / Trulalis system","coords":[618.743901,-700.090011],"averageTravelTime":"","continuity":{"canon":"","legends":"YES","unlicensed":""},"desc":"","placementCert":""},{"text":"Arkanis system","coords":[608.759744,-708.709667],"averageTravelTime":"","continuity":{"canon":"","legends":"YES","unlicensed":""},"desc":"","placementCert":""}],[{"text":"Koobi system / Nelvaan system","coords":[585.282,-699.026]},{"text":"Tythe system","coords":[580.81336,-699.112476],"averageTravelTime":"","continuity":{"canon":"","legends":"YES","unlicensed":""},"desc":"","placementCert":""},{"text":"Llanic system","coords":[528.424468,-695.002968],"averageTravelTime":"","continuity":{"canon":"","legends":"YES","unlicensed":""},"desc":"","placementCert":""},{"text":"Zhar system","coords":[495.623185,-717.835162],"averageTravelTime":"","continuity":{"canon":"YES","legends":"YES","unlicensed":""},"desc":"","placementCert":""},{"text":"Farstine system","coords":[408.553105,-708.266484],"averageTravelTime":"","continuity":{"canon":"YES","legends":"YES","unlicensed":""},"desc":"","placementCert":""},{"text":"Ryndellia system","coords":[377.438597,-705.830888],"averageTravelTime":"","continuity":{"canon":"","legends":"YES","unlicensed":""},"desc":"","placementCert":""},{"text":"Tovash Tchii's system","coords":[357.25,-709.375],"averageTravelTime":"","continuity":{"canon":"","legends":"YES","unlicensed":""},"desc":"","placementCert":""}],[{"text":"Centares system","coords":[641.568086,263.405628]},{"text":"Mileva system","coords":[648.994667,259.250997],"averageTravelTime":"","continuity":{"canon":"YES","legends":"","unlicensed":""},"desc":"","placementCert":""},{"text":"Sy Myrth system","coords":[698.379824,248.071702],"averageTravelTime":"","continuity":{"canon":"YES","legends":"","unlicensed":""},"desc":"","placementCert":""}],[{"text":"Naraka's system","coords":[736.0625,246.1875]},{"text":"Jabiim system","coords":[754.534334,226.175493],"averageTravelTime":"","continuity":{"canon":"YES","legends":"","unlicensed":""},"desc":"","placementCert":""}],[{"text":"Dennogra system","coords":[778.847723,187.819025]},{"text":"Yarma system","coords":[806.1875,180.5],"averageTravelTime":"","continuity":{"canon":"YES","legends":"","unlicensed":""},"desc":"","placementCert":""},{"text":"Marleyvane system","coords":[807.312958,170.078042],"averageTravelTime":"","continuity":{"canon":"YES","legends":"","unlicensed":""},"desc":"","placementCert":""},{"text":"Junkfort system","coords":[804.748853,161.360417],"averageTravelTime":"","continuity":{"canon":"YES","legends":"","unlicensed":""},"desc":"","placementCert":""}],[{"text":"Nimat system","coords":[805.3132257998022,155.21634619691594]},{"text":"Qhulosk's system","coords":[802.75,135],"averageTravelTime":"","continuity":{"canon":"YES","legends":"","unlicensed":""},"desc":"","placementCert":""}],[{"text":"Alamass's system","coords":[864.75,66.75]},{"text":"Gestrex system","coords":[862.184099,52.174382],"averageTravelTime":"","continuity":{"canon":"YES","legends":"","unlicensed":""},"desc":"","placementCert":""}],[{"text":"Formos system","coords":[894.604874,-24.86009]},{"text":"Eadu system","coords":[910.480685,-46.712561],"averageTravelTime":"","continuity":{"canon":"YES","legends":"","unlicensed":""},"desc":"","placementCert":""}],[{"text":"Barab system","coords":[905.006739,-295.909872]},{"text":"Dubrava system","coords":[891.220862,-321.537463],"averageTravelTime":"","continuity":{"canon":"YES","legends":"","unlicensed":""},"desc":"","placementCert":""},{"text":"Syvris system","coords":[848.600137,-344.886867],"averageTravelTime":"","continuity":{"canon":"YES","legends":"","unlicensed":""},"desc":"","placementCert":""},{"text":"Arami system","coords":[836.388463,-383.200995],"averageTravelTime":"","continuity":{"canon":"YES","legends":"","unlicensed":""},"desc":"","placementCert":""}],[{"text":"Kaddak system","coords":[809.375,-492.125]},{"text":"Lyran system","coords":[791.163152,-512.876827],"averageTravelTime":"","continuity":{"canon":"YES","legends":"","unlicensed":""},"desc":"","placementCert":""}],[{"text":"Arvina's system","coords":[788.375,-526.25]},{"text":"Molavar system","coords":[732.102204,-557.966244],"averageTravelTime":"","continuity":{"canon":"YES","legends":"","unlicensed":""},"desc":"","placementCert":""},{"text":"Roon system","coords":[703.545438,-582.358482],"averageTravelTime":"","continuity":{"canon":"YES","legends":"","unlicensed":""},"desc":"","placementCert":""},{"text":"Cosmatanic Steppes gas giant's system","coords":[674.875,-606],"averageTravelTime":"","continuity":{"canon":"YES","legends":"","unlicensed":""},"desc":"","placementCert":""},{"text":"Koiogra system","coords":[671.560093,-616.522615],"averageTravelTime":"","continuity":{"canon":"YES","legends":"","unlicensed":""},"desc":"","placementCert":""}],[{"text":"Arkanis system","coords":[608.759744,-708.709667]},{"text":"Yerbana system","coords":[594.107482,-708.008015],"averageTravelTime":"","continuity":{"canon":"YES","legends":"","unlicensed":""},"desc":"","placementCert":""},{"text":"Koobi system / Nelvaan system","coords":[585.282,-699.026],"averageTravelTime":"","continuity":{"canon":"YES","legends":"","unlicensed":""},"desc":"","placementCert":""}],[{"text":"Tovash Tchii's system","coords":[357.25,-709.375]},{"text":"Enarc system","coords":[341.147805,-715.887373],"averageTravelTime":"","continuity":{"canon":"YES","legends":"","unlicensed":""},"desc":"","placementCert":""}]]}},{"type":"Feature","geometry":{"type":"MultiLineString","coordinates":[[[-335.097,-682.185],[-342.579842,-680.98946]]]},"properties":{"ID":"018f6862-e830-7d1d-823e-7968e787190a","NAME":"Trindello-Endor route","ALT_NAMES":"","TYPE":"Hyperspace Route","PARENT_ID":"","PARENT_NAME":"","DATE_FROM":"","DATE_TO":"","CANON":"","LEGENDS":"YES","UNLICENSED":"","LEVEL":"3","ZOOM_LEVEL":"","CONJECTURAL_NAME":"","URLS":"https://starwars.fandom.com/wiki/Trindello-Endor_route","DESC":"","color":"","weight":"","opacity":"","smoothFactor":"","SECTIONS_PROPERTIES":[[{"text":"Trindello system","coords":[-335.097,-682.185]},{"text":"Endor system","coords":[-342.579842,-680.98946],"averageTravelTime":"","continuity":{"canon":"","legends":"YES","unlicensed":""},"desc":"","placementCert":""}]]}},{"type":"Feature","geometry":{"type":"MultiLineString","coordinates":[[[161.892458,-1069.969312],[163.058943,-1083.850479],[165.158615,-1128.031081],[168.469,-1130.697],[170.6875,-1131.75],[172.15625,-1135.03125],[173.3125,-1137.46875],[174.6875,-1138.25],[175.15625,-1139.875],[177.125,-1142.75]]]},"properties":{"ID":"018f6862-e830-7859-a714-68f53ab55367","NAME":"Trition Trade Route","ALT_NAMES":"","TYPE":"Hyperspace Route","PARENT_ID":"","PARENT_NAME":"","DATE_FROM":"-592","DATE_TO":"","CANON":"","LEGENDS":"YES","UNLICENSED":"","LEVEL":"2","ZOOM_LEVEL":"","CONJECTURAL_NAME":"","URLS":"https://starwars.fandom.com/wiki/Trition_Trade_Route","DESC":"","color":"","weight":"","opacity":"","smoothFactor":"","SECTIONS_PROPERTIES":[[{"text":"Karideph system","coords":[161.892458,-1069.969312]},{"text":"Pergitor system","coords":[163.058943,-1083.850479],"averageTravelTime":"","continuity":{"canon":"","legends":"YES","unlicensed":""},"desc":"","placementCert":""},{"text":"Kal'Shebbol system","coords":[165.158615,-1128.031081],"averageTravelTime":"","continuity":{"canon":"","legends":"YES","unlicensed":""},"desc":"","placementCert":""},{"text":"Torize system","coords":[168.469,-1130.697],"averageTravelTime":"0:18:0:0","continuity":{"canon":"","legends":"YES","unlicensed":""},"desc":"","placementCert":""},{"text":"Kolatill system","coords":[170.6875,-1131.75],"averageTravelTime":"1:4:0:0","continuity":{"canon":"","legends":"YES","unlicensed":""},"desc":"","placementCert":""},{"text":"Charis system","coords":[172.15625,-1135.03125],"averageTravelTime":"0:21:0:0","continuity":{"canon":"","legends":"YES","unlicensed":""},"desc":"","placementCert":""},{"text":"Ott system","coords":[173.3125,-1137.46875],"averageTravelTime":"0:15:0:0","continuity":{"canon":"","legends":"YES","unlicensed":""},"desc":"","placementCert":""},{"text":"Peirs system","coords":[174.6875,-1138.25],"averageTravelTime":"0:7:0:0","continuity":{"canon":"","legends":"YES","unlicensed":""},"desc":"","placementCert":""},{"text":"Shintel system","coords":[175.15625,-1139.875],"averageTravelTime":"0:5:0:0","continuity":{"canon":"","legends":"YES","unlicensed":""},"desc":"","placementCert":""},{"text":"Pembric system","coords":[177.125,-1142.75],"averageTravelTime":"3:0:0:0","continuity":{"canon":"","legends":"YES","unlicensed":""},"desc":"","placementCert":""}]]}},{"type":"Feature","geometry":{"type":"MultiLineString","coordinates":[[[748.781262,620.281249],[741.62577,622.636367],[738.738199,623.52359],[723.238091,632.686123],[711.500335,635.773502],[691.963048,631.711737],[684.812252,628.936758]]]},"properties":{"ID":"018f6862-e830-7037-9d18-196a5c4e1193","NAME":"Unidentified Brosi–Ekibo hyperlane","ALT_NAMES":"","TYPE":"Hyperspace Route","PARENT_ID":"","PARENT_NAME":"","DATE_FROM":"","DATE_TO":"","CANON":"","LEGENDS":"YES","UNLICENSED":"","LEVEL":"3","ZOOM_LEVEL":"","CONJECTURAL_NAME":"","URLS":"https://starwars.fandom.com/wiki/Unidentified_Brosi%E2%80%93Ekibo_hyperlane","DESC":"","color":"","weight":"","opacity":"","smoothFactor":"","SECTIONS_PROPERTIES":[[{"text":"Dostra system","coords":[748.781262,620.281249]},{"text":"Abo Dreth system","coords":[741.62577,622.636367],"averageTravelTime":"","continuity":{"canon":"","legends":"YES","unlicensed":""},"desc":"","placementCert":""},{"text":"Ulicia system","coords":[738.738199,623.52359],"averageTravelTime":"","continuity":{"canon":"","legends":"YES","unlicensed":""},"desc":"","placementCert":""},{"text":"Perin system","coords":[723.238091,632.686123],"averageTravelTime":"","continuity":{"canon":"","legends":"YES","unlicensed":""},"desc":"","placementCert":""},{"text":"Brochiib system","coords":[711.500335,635.773502],"averageTravelTime":"","continuity":{"canon":"","legends":"YES","unlicensed":""},"desc":"","placementCert":""},{"text":"Pypin system","coords":[691.963048,631.711737],"averageTravelTime":"","continuity":{"canon":"","legends":"YES","unlicensed":""},"desc":"","placementCert":""},{"text":"Ekibo system","coords":[684.812252,628.936758],"averageTravelTime":"","continuity":{"canon":"","legends":"YES","unlicensed":""},"desc":"","placementCert":""}]]}},{"type":"Feature","geometry":{"type":"MultiLineString","coordinates":[[[771.380564,-118.021243],[765.464801,-109.533409]]]},"properties":{"ID":"018f6862-e830-7eb4-ac2d-982f3b45bdbb","NAME":"Unidentified Groth-Kor Desilijic hyperlane","ALT_NAMES":"","TYPE":"Hyperspace Route","PARENT_ID":"","PARENT_NAME":"","DATE_FROM":"","DATE_TO":"","CANON":"","LEGENDS":"YES","UNLICENSED":"","LEVEL":"3","ZOOM_LEVEL":"","CONJECTURAL_NAME":"","URLS":"https://starwars.fandom.com/wiki/Unidentified_Groth%E2%80%93Kor_Desilijic_hyperlane","DESC":"","color":"","weight":"","opacity":"","smoothFactor":"","SECTIONS_PROPERTIES":[[{"text":"Groth system","coords":[771.380564,-118.021243]},{"text":"Kor Desilijic system","coords":[765.464801,-109.533409],"averageTravelTime":"","continuity":{"canon":"","legends":"YES","unlicensed":""},"desc":"","placementCert":""}]]}},{"type":"Feature","geometry":{"type":"MultiLineString","coordinates":[[[771.380564,-118.021243],[777.7593,-122.908178],[786.607224,-116.940973]]]},"properties":{"ID":"018f6862-e830-7c3e-a76f-14cf37ec448b","NAME":"Unidentified Groth-Kor Trinivii hyperlane","ALT_NAMES":"","TYPE":"Hyperspace Route","PARENT_ID":"","PARENT_NAME":"","DATE_FROM":"","DATE_TO":"","CANON":"","LEGENDS":"YES","UNLICENSED":"","LEVEL":"3","ZOOM_LEVEL":"","CONJECTURAL_NAME":"","URLS":"https://starwars.fandom.com/wiki/Unidentified_Groth%E2%80%93Kor_Trinivii_hyperlane","DESC":"","color":"","weight":"","opacity":"","smoothFactor":"","SECTIONS_PROPERTIES":[[{"text":"Groth system","coords":[771.380564,-118.021243]},{"text":"Kor Gejalli system","coords":[777.7593,-122.908178],"averageTravelTime":"","continuity":{"canon":"","legends":"YES","unlicensed":""},"desc":"","placementCert":""},{"text":"Kor Trinivii system","coords":[786.607224,-116.940973],"averageTravelTime":"","continuity":{"canon":"","legends":"YES","unlicensed":""},"desc":"","placementCert":""}]]}},{"type":"Feature","geometry":{"type":"MultiLineString","coordinates":[[[771.380564,-118.021243],[772.30651,-128.618175]]]},"properties":{"ID":"018f6862-e830-7611-9e8c-26e6cb39fd7f","NAME":"Unidentified Groth-Sakiya hyperlane","ALT_NAMES":"","TYPE":"Hyperspace Route","PARENT_ID":"","PARENT_NAME":"","DATE_FROM":"","DATE_TO":"","CANON":"","LEGENDS":"YES","UNLICENSED":"","LEVEL":"3","ZOOM_LEVEL":"","CONJECTURAL_NAME":"","URLS":"https://starwars.fandom.com/wiki/Unidentified_Groth%E2%80%93Sakiya_hyperlane","DESC":"","color":"","weight":"","opacity":"","smoothFactor":"","SECTIONS_PROPERTIES":[[{"text":"Groth system","coords":[771.380564,-118.021243]},{"text":"Saki system","coords":[772.30651,-128.618175],"averageTravelTime":"","continuity":{"canon":"","legends":"YES","unlicensed":""},"desc":"","placementCert":""}]]}},{"type":"Feature","geometry":{"type":"MultiLineString","coordinates":[[[672.5,-768.5],[576.843471,-675.749744]]]},"properties":{"ID":"018f6862-e830-7cf0-871c-d3e97b86b1b9","NAME":"Unidentified Hetzal-Ab Dalis hyperlane","ALT_NAMES":"","TYPE":"Hyperspace Route","PARENT_ID":"","PARENT_NAME":"","DATE_FROM":"","DATE_TO":"","CANON":"YES","LEGENDS":"","UNLICENSED":"","LEVEL":"3","ZOOM_LEVEL":"","CONJECTURAL_NAME":"YES","URLS":"","DESC":"","color":"","weight":"","opacity":"","smoothFactor":"","SECTIONS_PROPERTIES":[[{"text":"Ab Dalis system","coords":[672.5,-768.5]},{"text":"Hetzal system","coords":[576.843471,-675.749744],"averageTravelTime":"","continuity":{"canon":"YES","legends":"","unlicensed":""},"desc":"","placementCert":""}]]}},{"type":"Feature","geometry":{"type":"MultiLineString","coordinates":[[[747.076575,-80.538798],[748.169268,-71.005991]]]},"properties":{"ID":"018f6862-e830-7cf4-aa41-b69657baa6c8","NAME":"Unidentified Kor Hestilic-Kor Besadii hyperlane","ALT_NAMES":"","TYPE":"Hyperspace Route","PARENT_ID":"","PARENT_NAME":"","DATE_FROM":"","DATE_TO":"","CANON":"","LEGENDS":"YES","UNLICENSED":"","LEVEL":"3","ZOOM_LEVEL":"","CONJECTURAL_NAME":"","URLS":"https://starwars.fandom.com/wiki/Unidentified_Kor_Hestilic%E2%80%93Kor_Besadii_hyperlane","DESC":"","color":"","weight":"","opacity":"","smoothFactor":"","SECTIONS_PROPERTIES":[[{"text":"Kor Hestilic system","coords":[747.076575,-80.538798]},{"text":"Kor Besadii system","coords":[748.169268,-71.005991],"averageTravelTime":"","continuity":{"canon":"","legends":"YES","unlicensed":""},"desc":"","placementCert":""}]]}},{"type":"Feature","geometry":{"type":"MultiLineString","coordinates":[[[747.076575,-80.538798],[738.396968,-69.769256],[741.381652,-57.172877]]]},"properties":{"ID":"018f6862-e830-7d7a-87bc-c269bc72f08e","NAME":"Unidentified Kor Hestilic-Kor Nasirii hyperlane","ALT_NAMES":"","TYPE":"Hyperspace Route","PARENT_ID":"","PARENT_NAME":"","DATE_FROM":"","DATE_TO":"","CANON":"","LEGENDS":"YES","UNLICENSED":"","LEVEL":"3","ZOOM_LEVEL":"","CONJECTURAL_NAME":"","URLS":"https://starwars.fandom.com/wiki/Unidentified_Kor_Hestilic%E2%80%93Kor_Nasirii_hyperlane","DESC":"","color":"","weight":"","opacity":"","smoothFactor":"","SECTIONS_PROPERTIES":[[{"text":"Kor Hestilic system","coords":[747.076575,-80.538798]},{"text":"Kor Vosadii system","coords":[738.396968,-69.769256],"averageTravelTime":"","continuity":{"canon":"","legends":"YES","unlicensed":""},"desc":"","placementCert":""},{"text":"Kor Nasirii system","coords":[741.381652,-57.172877],"averageTravelTime":"","continuity":{"canon":"","legends":"YES","unlicensed":""},"desc":"","placementCert":""}]]}},{"type":"Feature","geometry":{"type":"MultiLineString","coordinates":[[[747.076575,-80.538798],[755.102219,-73.90728]]]},"properties":{"ID":"018f6862-e830-7095-86b6-4219b8452fc0","NAME":"Unidentified Kor Hestilic-Kor Nijiladii hyperlane","ALT_NAMES":"","TYPE":"Hyperspace Route","PARENT_ID":"","PARENT_NAME":"","DATE_FROM":"","DATE_TO":"","CANON":"","LEGENDS":"YES","UNLICENSED":"","LEVEL":"3","ZOOM_LEVEL":"","CONJECTURAL_NAME":"","URLS":"https://starwars.fandom.com/wiki/Unidentified_Kor_Hestilic%E2%80%93Kor_Nijiladii_hyperlane","DESC":"","color":"","weight":"","opacity":"","smoothFactor":"","SECTIONS_PROPERTIES":[[{"text":"Kor Hestilic system","coords":[747.076575,-80.538798]},{"text":"Kor Nijiladii system","coords":[755.102219,-73.90728],"averageTravelTime":"","continuity":{"canon":"","legends":"YES","unlicensed":""},"desc":"","placementCert":""}]]}},{"type":"Feature","geometry":{"type":"MultiLineString","coordinates":[[[759.010506,-83.980702],[747.076575,-80.538798]]]},"properties":{"ID":"018f6862-e830-7f3c-9809-08a0cdeeb4b8","NAME":"Unidentified Mulatan-Kor Hestilic hyperlane","ALT_NAMES":"","TYPE":"Hyperspace Route","PARENT_ID":"","PARENT_NAME":"","DATE_FROM":"","DATE_TO":"","CANON":"","LEGENDS":"YES","UNLICENSED":"","LEVEL":"3","ZOOM_LEVEL":"","CONJECTURAL_NAME":"","URLS":"https://starwars.fandom.com/wiki/Unidentified_Mulatan%E2%80%93Kor_Hestilic_hyperlane","DESC":"","color":"","weight":"","opacity":"","smoothFactor":"","SECTIONS_PROPERTIES":[[{"text":"Mulatan system","coords":[759.010506,-83.980702]},{"text":"Kor Hestilic system","coords":[747.076575,-80.538798],"averageTravelTime":"","continuity":{"canon":"","legends":"YES","unlicensed":""},"desc":"","placementCert":""}]]}},{"type":"Feature","geometry":{"type":"MultiLineString","coordinates":[[[17.25,-804.875],[14.0625,-802.75],[11.625,-802.4375]]]},"properties":{"ID":"018f6862-e830-7b49-a53e-a5111bd28af7","NAME":"Unidentified Tinallis-Tyluun hyperlane","ALT_NAMES":"","TYPE":"Hyperspace Route","PARENT_ID":"","PARENT_NAME":"","DATE_FROM":"","DATE_TO":"","CANON":"","LEGENDS":"YES","UNLICENSED":"","LEVEL":"3","ZOOM_LEVEL":"","CONJECTURAL_NAME":"","URLS":"https://starwars.fandom.com/wiki/Unidentified_Tinallis%E2%80%93Tyluun_hyperlane","DESC":"","color":"","weight":"","opacity":"","smoothFactor":"","SECTIONS_PROPERTIES":[[{"text":"Tinallis system","coords":[17.25,-804.875]},{"text":"Vulcar system","coords":[14.0625,-802.75],"averageTravelTime":"","continuity":{"canon":"","legends":"YES","unlicensed":""},"desc":"","placementCert":""},{"text":"Tyluun system","coords":[11.625,-802.4375],"averageTravelTime":"","continuity":{"canon":"","legends":"YES","unlicensed":""},"desc":"","placementCert":""}]]}},{"type":"Feature","geometry":{"type":"MultiLineString","coordinates":[[[190.105453,233.399693],[212.365642,217.121825],[224.171109,211.000472],[234.446236,206.628077],[258.603718,192.855034],[291.63958,175.348323],[310.07834,171.154308],[321.820806,166.505567],[339.751033,160.973001],[383.226334,150.263573],[398.833255,136.103534],[405.748863,115.172728]]]},"properties":{"ID":"018f6862-e830-7961-8346-d16460db6c0e","NAME":"Vaathkree Trade Corridor","ALT_NAMES":"","TYPE":"Hyperspace Route","PARENT_ID":"","PARENT_NAME":"","DATE_FROM":"","DATE_TO":"","CANON":"YES","LEGENDS":"YES","UNLICENSED":"","LEVEL":"2","ZOOM_LEVEL":"","CONJECTURAL_NAME":"","URLS":"https://starwars.fandom.com/wiki/Vaathkree_Trade_Corridor,https://starwars.fandom.com/wiki/Vaathkree_Trade_Corridor/Legends","DESC":"","color":"","weight":"","opacity":"","smoothFactor":"","SECTIONS_PROPERTIES":[[{"text":"Corsin system","coords":[190.105453,233.399693]},{"text":"Comkin system","coords":[212.365642,217.121825],"averageTravelTime":"","continuity":{"canon":"","legends":"YES","unlicensed":""},"desc":"","placementCert":""},{"text":"Telerath system","coords":[224.171109,211.000472],"averageTravelTime":"","continuity":{"canon":"","legends":"YES","unlicensed":""},"desc":"","placementCert":""},{"text":"Kroctar system","coords":[234.446236,206.628077],"averageTravelTime":"","continuity":{"canon":"","legends":"YES","unlicensed":""},"desc":"","placementCert":""},{"text":"Levian system","coords":[258.603718,192.855034],"averageTravelTime":"","continuity":{"canon":"","legends":"YES","unlicensed":""},"desc":"","placementCert":""},{"text":"Obroa-skai system","coords":[291.63958,175.348323],"averageTravelTime":"","continuity":{"canon":"","legends":"YES","unlicensed":""},"desc":"","placementCert":""},{"text":"Chrona system","coords":[310.07834,171.154308],"averageTravelTime":"","continuity":{"canon":"","legends":"YES","unlicensed":""},"desc":"","placementCert":""},{"text":"Paonid system","coords":[321.820806,166.505567],"averageTravelTime":"","continuity":{"canon":"","legends":"YES","unlicensed":""},"desc":"","placementCert":""},{"text":"Gravan system","coords":[339.751033,160.973001],"averageTravelTime":"","continuity":{"canon":"","legends":"YES","unlicensed":""},"desc":"","placementCert":""},{"text":"Von-Alai system","coords":[383.226334,150.263573],"averageTravelTime":"","continuity":{"canon":"","legends":"YES","unlicensed":""},"desc":"","placementCert":""},{"text":"Contruum system","coords":[398.833255,136.103534],"averageTravelTime":"","continuity":{"canon":"","legends":"YES","unlicensed":""},"desc":"","placementCert":""},{"text":"Gizer system","coords":[405.748863,115.172728],"averageTravelTime":"","continuity":{"canon":"","legends":"YES","unlicensed":""},"desc":"","placementCert":""}]]}},{"type":"Feature","geometry":{"type":"MultiLineString","coordinates":[[[-515.5,105.25],[-524.181102,108.884666],[-559.390356,111.652206],[-593.523345,121.646099],[-612.127361,120.723586],[-652.102933,122.41486],[-677.25,134.625]]]},"properties":{"ID":"018f6862-e830-7685-8a35-02f30b895b3e","NAME":"Vagaari Corridor","ALT_NAMES":"","TYPE":"Hyperspace Route","PARENT_ID":"","PARENT_NAME":"","DATE_FROM":"","DATE_TO":"","CANON":"","LEGENDS":"YES","UNLICENSED":"","LEVEL":"3","ZOOM_LEVEL":"","CONJECTURAL_NAME":"","URLS":"https://starwars.fandom.com/wiki/Vagaari_Corridor","DESC":"","color":"","weight":"","opacity":"","smoothFactor":"","SECTIONS_PROPERTIES":[[{"text":"Vagaari Corridor start","coords":[-515.5,105.25]},{"text":"Celwis system","coords":[-524.181102,108.884666],"averageTravelTime":"","continuity":{"canon":"","legends":"YES","unlicensed":""},"desc":"","placementCert":""},{"text":"Cormit system","coords":[-559.390356,111.652206],"averageTravelTime":"","continuity":{"canon":"","legends":"YES","unlicensed":""},"desc":"","placementCert":""},{"text":"Csilla system","coords":[-593.523345,121.646099],"averageTravelTime":"","continuity":{"canon":"","legends":"YES","unlicensed":""},"desc":"","placementCert":""},{"text":"Avidich system","coords":[-612.127361,120.723586],"averageTravelTime":"","continuity":{"canon":"","legends":"YES","unlicensed":""},"desc":"","placementCert":""},{"text":"Kinoss system","coords":[-652.102933,122.41486],"averageTravelTime":"","continuity":{"canon":"","legends":"YES","unlicensed":""},"desc":"","placementCert":""},{"text":"Vagaari Corridor end","coords":[-677.25,134.625],"averageTravelTime":"","continuity":{"canon":"","legends":"YES","unlicensed":""},"desc":"","placementCert":""}]]}},{"type":"Feature","geometry":{"type":"MultiLineString","coordinates":[[[608.759744,-708.709667],[621.339782,-707.445007],[630.358804,-715.565455],[639.144862,-714.700161],[644.136941,-718.261177],[655.410719,-714.725122]]]},"properties":{"ID":"018f6862-e831-719b-82c0-4da6dd958a3e","NAME":"Vaschean Way","ALT_NAMES":"","TYPE":"Hyperspace Route","PARENT_ID":"","PARENT_NAME":"","DATE_FROM":"","DATE_TO":"","CANON":"","LEGENDS":"YES","UNLICENSED":"","LEVEL":"3","ZOOM_LEVEL":"","CONJECTURAL_NAME":"","URLS":"https://starwars.fandom.com/wiki/Vaschean_Way","DESC":"","color":"","weight":"","opacity":"","smoothFactor":"","SECTIONS_PROPERTIES":[[{"text":"Arkanis system","coords":[608.759744,-708.709667]},{"text":"Huldamun system","coords":[621.339782,-707.445007],"averageTravelTime":"","continuity":{"canon":"","legends":"YES","unlicensed":""},"desc":"","placementCert":""},{"text":"Vasch system","coords":[630.358804,-715.565455],"averageTravelTime":"","continuity":{"canon":"","legends":"YES","unlicensed":""},"desc":"","placementCert":""},{"text":"Mika system","coords":[639.144862,-714.700161],"averageTravelTime":"","continuity":{"canon":"","legends":"YES","unlicensed":""},"desc":"","placementCert":""},{"text":"Heffrin system","coords":[644.136941,-718.261177],"averageTravelTime":"","continuity":{"canon":"","legends":"YES","unlicensed":""},"desc":"","placementCert":""},{"text":"Khubeaie system","coords":[655.410719,-714.725122],"averageTravelTime":"","continuity":{"canon":"","legends":"YES","unlicensed":""},"desc":"","placementCert":""}]]}},{"type":"Feature","geometry":{"type":"MultiLineString","coordinates":[[[9.8125,-810.9375],[9.5625,-813.6875],[9.5625,-818.0625]]]},"properties":{"ID":"018f6862-e831-75fa-a5e4-05370574ebf6","NAME":"Velga Route","ALT_NAMES":"","TYPE":"Hyperspace Route","PARENT_ID":"","PARENT_NAME":"","DATE_FROM":"","DATE_TO":"","CANON":"","LEGENDS":"YES","UNLICENSED":"","LEVEL":"3","ZOOM_LEVEL":"","CONJECTURAL_NAME":"","URLS":"https://starwars.fandom.com/wiki/Velga_Route","DESC":"","color":"","weight":"","opacity":"","smoothFactor":"","SECTIONS_PROPERTIES":[[{"text":"Velga system","coords":[9.8125,-810.9375]},{"text":"Q'mara system","coords":[9.5625,-813.6875],"averageTravelTime":"","continuity":{"canon":"","legends":"YES","unlicensed":""},"desc":"","placementCert":""},{"text":"Velga Route end","coords":[9.5625,-818.0625],"averageTravelTime":"","continuity":{"canon":"","legends":"YES","unlicensed":""},"desc":"","placementCert":""}]]}},{"type":"Feature","geometry":{"type":"MultiLineString","coordinates":[[[275.957414,421.673033],[264.874917,449.186816],[251.591723,475.898639],[251.910229,493.734962],[252.004833,507.022066],[252.254889,512.520124],[250.3177,525.426286],[245.003278,536.511651],[242.252667,548.757326],[232.587231,561.992403],[230.249778,569.499735],[182.547269,650.09868],[142.875194,668.250059]],[[118.587553,671.50779],[142.875194,668.250059]],[[118.587553,671.50779],[69.614213,691.311217],[43.132028,674.628548],[39.320714,674.539014],[23.791742,663.930112],[21.002111,662.750762],[-15.249944,650.125499],[-34.133119,624.869142],[-30.482785,616.420682],[-26.249389,609.750645],[0.666494,558.291105],[19.794185,549.538474],[32.70547,542.708327],[12.975039,508.833134]]]},"properties":{"ID":"018f6862-e831-7e6c-9550-a687be8805a1","NAME":"Veragi Trade Route","ALT_NAMES":"","TYPE":"Hyperspace Route","PARENT_ID":"","PARENT_NAME":"","DATE_FROM":"","DATE_TO":"","CANON":"YES","LEGENDS":"YES","UNLICENSED":"","LEVEL":"2","ZOOM_LEVEL":"","CONJECTURAL_NAME":"","URLS":"https://starwars.fandom.com/wiki/Veragi_Trade_Route,https://starwars.fandom.com/wiki/Veragi_Trade_Route/Legends","DESC":"","color":"","weight":"","opacity":"","smoothFactor":"","SECTIONS_PROPERTIES":[[{"text":"Salin system","coords":[275.957414,421.673033]},{"text":"Refnu system","coords":[264.874917,449.186816],"averageTravelTime":"","continuity":{"canon":"","legends":"YES","unlicensed":""},"desc":"","placementCert":""},{"text":"Ciutric system","coords":[251.591723,475.898639],"averageTravelTime":"","continuity":{"canon":"","legends":"YES","unlicensed":""},"desc":"","placementCert":""},{"text":"Corvis Minor system","coords":[251.910229,493.734962],"averageTravelTime":"","continuity":{"canon":"","legends":"YES","unlicensed":""},"desc":"","placementCert":""},{"text":"Sh'ung-tesk system","coords":[252.004833,507.022066],"averageTravelTime":"","continuity":{"canon":"","legends":"YES","unlicensed":""},"desc":"","placementCert":""},{"text":"Zhadalene system","coords":[252.254889,512.520124],"averageTravelTime":"","continuity":{"canon":"","legends":"YES","unlicensed":""},"desc":"","placementCert":""},{"text":"Argazziis system","coords":[250.3177,525.426286],"averageTravelTime":"","continuity":{"canon":"","legends":"YES","unlicensed":""},"desc":"","placementCert":""},{"text":"Alpinn system","coords":[245.003278,536.511651],"averageTravelTime":"","continuity":{"canon":"","legends":"YES","unlicensed":""},"desc":"","placementCert":""},{"text":"Atterra system","coords":[242.252667,548.757326],"averageTravelTime":"","continuity":{"canon":"","legends":"YES","unlicensed":""},"desc":"","placementCert":""},{"text":"MZX33291 system","coords":[232.587231,561.992403],"averageTravelTime":"","continuity":{"canon":"","legends":"YES","unlicensed":""},"desc":"","placementCert":""},{"text":"Chanceuxi system","coords":[230.249778,569.499735],"averageTravelTime":"","continuity":{"canon":"YES","legends":"YES","unlicensed":""},"desc":"","placementCert":""},{"text":"Birgis system","coords":[182.547269,650.09868],"averageTravelTime":"","continuity":{"canon":"","legends":"YES","unlicensed":""},"desc":"","placementCert":""},{"text":"Danzik system","coords":[142.875194,668.250059],"averageTravelTime":"","continuity":{"canon":"","legends":"YES","unlicensed":""},"desc":"","placementCert":""}],[{"text":"Seline system","coords":[118.587553,671.50779]},{"text":"Danzik system","coords":[142.875194,668.250059],"averageTravelTime":"","continuity":{"canon":"YES","legends":"YES","unlicensed":""},"desc":"","placementCert":""}],[{"text":"Seline system","coords":[118.587553,671.50779]},{"text":"Julevian system","coords":[69.614213,691.311217],"averageTravelTime":"","continuity":{"canon":"","legends":"YES","unlicensed":""},"desc":"","placementCert":""},{"text":"Arbiflux system","coords":[43.132028,674.628548],"averageTravelTime":"","continuity":{"canon":"","legends":"YES","unlicensed":""},"desc":"","placementCert":""},{"text":"Veragi system","coords":[39.320714,674.539014],"averageTravelTime":"","continuity":{"canon":"","legends":"","unlicensed":""},"desc":"","placementCert":""},{"text":"Trassitan system","coords":[23.791742,663.930112],"averageTravelTime":"","continuity":{"canon":"","legends":"YES","unlicensed":""},"desc":"","placementCert":""},{"text":"Oru system","coords":[21.002111,662.750762],"averageTravelTime":"","continuity":{"canon":"","legends":"YES","unlicensed":""},"desc":"","placementCert":""},{"text":"Agoliba-Tu system","coords":[-15.249944,650.125499],"averageTravelTime":"","continuity":{"canon":"YES","legends":"","unlicensed":""},"desc":"","placementCert":""},{"text":"Dubrillion system","coords":[-34.133119,624.869142],"averageTravelTime":"","continuity":{"canon":"YES","legends":"","unlicensed":""},"desc":"","placementCert":""},{"text":"Ahakista system","coords":[-30.482785,616.420682],"averageTravelTime":"","continuity":{"canon":"YES","legends":"YES","unlicensed":""},"desc":"","placementCert":""},{"text":"Belladoon system","coords":[-26.249389,609.750645],"averageTravelTime":"","continuity":{"canon":"YES","legends":"YES","unlicensed":""},"desc":"","placementCert":""},{"text":"Dantooine system","coords":[0.666494,558.291105],"averageTravelTime":"","continuity":{"canon":"","legends":"YES","unlicensed":""},"desc":"","placementCert":""},{"text":"Sinsang system","coords":[19.794185,549.538474],"averageTravelTime":"","continuity":{"canon":"","legends":"YES","unlicensed":""},"desc":"","placementCert":""},{"text":"Anx Minor system","coords":[32.70547,542.708327],"averageTravelTime":"","continuity":{"canon":"","legends":"YES","unlicensed":""},"desc":"","placementCert":""},{"text":"Ord Trasi system","coords":[12.975039,508.833134],"averageTravelTime":"","continuity":{"canon":"","legends":"YES","unlicensed":""},"desc":"","placementCert":""}]]}},{"type":"Feature","geometry":{"type":"MultiLineString","coordinates":[[[30.625,-780.6875],[31.1875,-775.3125],[34.25,-768.9375]]]},"properties":{"ID":"018f6862-e831-7e7b-a3ab-f6972b64915f","NAME":"Veron Route","ALT_NAMES":"","TYPE":"Hyperspace Route","PARENT_ID":"","PARENT_NAME":"","DATE_FROM":"","DATE_TO":"","CANON":"","LEGENDS":"YES","UNLICENSED":"","LEVEL":"2","ZOOM_LEVEL":"","CONJECTURAL_NAME":"","URLS":"https://starwars.fandom.com/wiki/Veron_Route","DESC":"","color":"","weight":"","opacity":"","smoothFactor":"","SECTIONS_PROPERTIES":[[{"text":"Veron system","coords":[30.625,-780.6875]},{"text":"New Cylimba system","coords":[31.1875,-775.3125],"averageTravelTime":"","continuity":{"canon":"","legends":"YES","unlicensed":""},"desc":"","placementCert":""},{"text":"Veron Route end","coords":[34.25,-768.9375],"averageTravelTime":"","continuity":{"canon":"","legends":"YES","unlicensed":""},"desc":"","placementCert":""}]]}},{"type":"Feature","geometry":{"type":"MultiLineString","coordinates":[[[-560.620374,168.54052],[-431.929782,191.142094],[-322.765719,210.514871]]]},"properties":{"ID":"018f6862-e831-76aa-adaa-b3ce9735f83f","NAME":"Way of Schesa","ALT_NAMES":"","TYPE":"Hyperspace Route","PARENT_ID":"","PARENT_NAME":"","DATE_FROM":"","DATE_TO":"","CANON":"","LEGENDS":"YES","UNLICENSED":"","LEVEL":"3","ZOOM_LEVEL":"","CONJECTURAL_NAME":"","URLS":"https://starwars.fandom.com/wiki/Way_of_Schesa","DESC":"","color":"","weight":"","opacity":"","smoothFactor":"","SECTIONS_PROPERTIES":[[{"text":"Schesa system","coords":[-560.620374,168.54052]},{"text":"Pesfavri system","coords":[-431.929782,191.142094],"averageTravelTime":"","continuity":{"canon":"","legends":"YES","unlicensed":""},"desc":"","placementCert":""},{"text":"The Redoubt","coords":[-322.765719,210.514871],"averageTravelTime":"","continuity":{"canon":"","legends":"YES","unlicensed":""},"desc":"","placementCert":""}]]}},{"type":"Feature","geometry":{"type":"MultiLineString","coordinates":[[[481.023924,379.312512],[487.407902,400.454457],[491.610077,413.807422],[514.832625,430.284373]]]},"properties":{"ID":"018f6862-e831-7639-95f7-ccd7200b7151","NAME":"Wetyin's Way","ALT_NAMES":"","TYPE":"Hyperspace Route","PARENT_ID":"","PARENT_NAME":"","DATE_FROM":"","DATE_TO":"","CANON":"","LEGENDS":"YES","UNLICENSED":"","LEVEL":"2","ZOOM_LEVEL":"","CONJECTURAL_NAME":"","URLS":"https://starwars.fandom.com/wiki/Wetyin%27s_Way","DESC":"","color":"","weight":"","opacity":"","smoothFactor":"","SECTIONS_PROPERTIES":[[{"text":"Jovan system","coords":[481.023924,379.312512]},{"text":"Vaal system","coords":[487.407902,400.454457],"averageTravelTime":"","continuity":{"canon":"","legends":"YES","unlicensed":""},"desc":"","placementCert":""},{"text":"Glade system","coords":[491.610077,413.807422],"averageTravelTime":"","continuity":{"canon":"","legends":"YES","unlicensed":""},"desc":"","placementCert":""},{"text":"Wetyin's Colony system","coords":[514.832625,430.284373],"averageTravelTime":"","continuity":{"canon":"","legends":"YES","unlicensed":""},"desc":"","placementCert":""}]]}},{"type":"Feature","geometry":{"type":"MultiLineString","coordinates":[[[371.517629,-14.328826],[371.605469,-14.335938]]]},"properties":{"ID":"018f6862-e831-7b3d-b2ad-2458e28a157f","NAME":"Whitebeam Run","ALT_NAMES":"","TYPE":"Hyperspace Route","PARENT_ID":"","PARENT_NAME":"","DATE_FROM":"","DATE_TO":"","CANON":"","LEGENDS":"YES","UNLICENSED":"","LEVEL":"3","ZOOM_LEVEL":"","CONJECTURAL_NAME":"","URLS":"https://starwars.fandom.com/wiki/Whitebeam_Run","DESC":"","color":"","weight":"","opacity":"","smoothFactor":"","SECTIONS_PROPERTIES":[[{"text":"Ambria system / Stenness system","coords":[371.517629,-14.328826]},{"text":"Stenness Hyperspace Terminal / Stenness Spaceport","coords":[371.605469,-14.335938],"averageTravelTime":"","continuity":{"canon":"","legends":"YES","unlicensed":""},"desc":"","placementCert":""}]]}},{"type":"Feature","geometry":{"type":"MultiLineString","coordinates":[[[-91.214904,-53.938914],[-93.213683,-53.170153],[-96.207651,-53.451885],[-98.605,-56.984]],[[-94.725647,-56.508517],[-98.605,-56.984]],[[-94.725647,-56.508517],[-95.981222,-59.012737]]]},"properties":{"ID":"018f6862-e831-79bb-bd51-ff586ec20a2b","NAME":"Widek Bypass","ALT_NAMES":"","TYPE":"Hyperspace Route","PARENT_ID":"018f6862-e830-7dcb-9efb-ab73d92e39b0","PARENT_NAME":"Metellos Trade Route","DATE_FROM":"","DATE_TO":"","CANON":"","LEGENDS":"YES","UNLICENSED":"","LEVEL":"2","ZOOM_LEVEL":"","CONJECTURAL_NAME":"","URLS":"https://starwars.fandom.com/wiki/Widek_Bypass","DESC":"","color":"","weight":"","opacity":"","smoothFactor":"","SECTIONS_PROPERTIES":[[{"text":"Orooturoo system","coords":[-91.214904,-53.938914]},{"text":"Wehttam system","coords":[-93.213683,-53.170153],"averageTravelTime":"","continuity":{"canon":"","legends":"YES","unlicensed":""},"desc":"","placementCert":""},{"text":"Thobek system","coords":[-96.207651,-53.451885],"averageTravelTime":"","continuity":{"canon":"","legends":"YES","unlicensed":""},"desc":"","placementCert":""},{"text":"Polneye system","coords":[-98.605,-56.984],"averageTravelTime":"","continuity":{"canon":"","legends":"YES","unlicensed":""},"desc":"","placementCert":""}],[{"text":"Utos system","coords":[-94.725647,-56.508517]},{"text":"Polneye system","coords":[-98.605,-56.984],"averageTravelTime":"","continuity":{"canon":"","legends":"YES","unlicensed":""},"desc":"","placementCert":""}],[{"text":"Utos system","coords":[-94.725647,-56.508517]},{"text":"Widek system","coords":[-95.981222,-59.012737],"averageTravelTime":"","continuity":{"canon":"","legends":"YES","unlicensed":""},"desc":"","placementCert":""}]]}},{"type":"Feature","geometry":{"type":"MultiLineString","coordinates":[[[154.426377,-829.149199],[46.375,-781.25]]]},"properties":{"ID":"018f6862-e831-71e7-8c6a-51e8d2a686b8","NAME":"Yankirk Route","ALT_NAMES":"","TYPE":"Hyperspace Route","PARENT_ID":"","PARENT_NAME":"","DATE_FROM":"","DATE_TO":"","CANON":"","LEGENDS":"YES","UNLICENSED":"","LEVEL":"2","ZOOM_LEVEL":"","CONJECTURAL_NAME":"","URLS":"https://starwars.fandom.com/wiki/Yankirk_Route","DESC":"","color":"","weight":"","opacity":"","smoothFactor":"","SECTIONS_PROPERTIES":[[{"text":"Eriadu system","coords":[154.426377,-829.149199]},{"text":"Parada system","coords":[46.375,-781.25],"averageTravelTime":"","continuity":{"canon":"","legends":"YES","unlicensed":""},"desc":"","placementCert":""}]]}},{"type":"Feature","geometry":{"type":"MultiLineString","coordinates":[[[441.788602,401.887501],[459.679232,399.476326],[487.407902,400.454457]]]},"properties":{"ID":"018f6862-e831-7e23-984b-341e71fe3172","NAME":"Yavin Bypass","ALT_NAMES":"","TYPE":"Hyperspace Route","PARENT_ID":"","PARENT_NAME":"","DATE_FROM":"","DATE_TO":"","CANON":"YES","LEGENDS":"YES","UNLICENSED":"","LEVEL":"2","ZOOM_LEVEL":"","CONJECTURAL_NAME":"","URLS":"https://starwars.fandom.com/wiki/Yavin_Bypass,https://starwars.fandom.com/wiki/Yavin_Bypass/Legends","DESC":"","color":"","weight":"","opacity":"","smoothFactor":"","SECTIONS_PROPERTIES":[[{"text":"Krylon system","coords":[441.788602,401.887501]},{"text":"Yavin system","coords":[459.679232,399.476326],"averageTravelTime":"","continuity":{"canon":"","legends":"YES","unlicensed":""},"desc":"","placementCert":""},{"text":"Vaal system","coords":[487.407902,400.454457],"averageTravelTime":"","continuity":{"canon":"","legends":"YES","unlicensed":""},"desc":"","placementCert":""}]]}},{"type":"Feature","geometry":{"type":"MultiLineString","coordinates":[[[717.526355,-520.188021],[717.526355,-520.188021]]]},"properties":{"ID":"018f6862-e831-7099-98fe-83b80fc215b9","NAME":"Zareca String","ALT_NAMES":"","TYPE":"Hyperspace Route","PARENT_ID":"","PARENT_NAME":"","DATE_FROM":"-8000","DATE_TO":"","CANON":"","LEGENDS":"YES","UNLICENSED":"","LEVEL":"2","ZOOM_LEVEL":"","CONJECTURAL_NAME":"","URLS":"https://starwars.fandom.com/wiki/Zareca_String","DESC":"","color":"","weight":"","opacity":"","smoothFactor":"","SECTIONS_PROPERTIES":[[{"text":"Rishi system","coords":[717.526355,-520.188021]},{"text":"The Rishi Maze / Companion Aurek","coords":[717.526355,-520.188021],"averageTravelTime":"","continuity":{"canon":"","legends":"YES","unlicensed":""},"desc":"","placementCert":""}]]}},{"type":"Feature","geometry":{"type":"MultiLineString","coordinates":[[[622.656565,514.32922],[623.886582,492.342656]]]},"properties":{"ID":"018f6862-e831-7576-ba46-13ab6ada290e","NAME":"Zorfe Trete","ALT_NAMES":"","TYPE":"Hyperspace Route","PARENT_ID":"","PARENT_NAME":"","DATE_FROM":"","DATE_TO":"","CANON":"","LEGENDS":"YES","UNLICENSED":"","LEVEL":"3","ZOOM_LEVEL":"","CONJECTURAL_NAME":"","URLS":"https://starwars.fandom.com/wiki/Zorfe_Trete","DESC":"","color":"","weight":"","opacity":"","smoothFactor":"","SECTIONS_PROPERTIES":[[{"text":"Ch'hodos system","coords":[622.656565,514.32922]},{"text":"Ashas Ree system","coords":[623.886582,492.342656],"averageTravelTime":"","continuity":{"canon":"","legends":"YES","unlicensed":""},"desc":"","placementCert":""}]]}},{"type":"Feature","geometry":{"type":"MultiLineString","coordinates":[[[743.613248,607.011749],[741.844302,601.625172]]]},"properties":{"ID":"018f6862-e831-7d7a-bafc-5cc24454e00b","NAME":"Tothis-Bonadan unnamed route","ALT_NAMES":"","TYPE":"Hyperspace Route","PARENT_ID":"","PARENT_NAME":"","DATE_FROM":"","DATE_TO":"","CANON":"","LEGENDS":"YES","UNLICENSED":"","LEVEL":"3","ZOOM_LEVEL":"","CONJECTURAL_NAME":"YES","URLS":"","DESC":"","color":"","weight":"","opacity":"","smoothFactor":"","SECTIONS_PROPERTIES":[[{"text":"Tothis system","coords":[743.613248,607.011749]},{"text":"Bonadan system","coords":[741.844302,601.625172],"averageTravelTime":"","continuity":{"canon":"","legends":"YES","unlicensed":""},"desc":"","placementCert":""}]]}},{"type":"Feature","geometry":{"type":"MultiLineString","coordinates":[[[160.938705,-187.242073],[161.861219,-185.858303],[163.091236,-185.858303]]]},"properties":{"ID":"018f6862-e831-79cb-aabf-d021265090a9","NAME":"Corellia-Keral unamed route","ALT_NAMES":"","TYPE":"Hyperspace Route","PARENT_ID":"","PARENT_NAME":"","DATE_FROM":"","DATE_TO":"","CANON":"","LEGENDS":"YES","UNLICENSED":"","LEVEL":"3","ZOOM_LEVEL":"","CONJECTURAL_NAME":"YES","URLS":"","DESC":"","color":"","weight":"","opacity":"","smoothFactor":"","SECTIONS_PROPERTIES":[[{"text":"Corellia system/Corellian system","coords":[160.938705,-187.242073]},{"text":"Altawar system","coords":[161.861219,-185.858303],"averageTravelTime":"","continuity":{"canon":"","legends":"YES","unlicensed":""},"desc":"","placementCert":""},{"text":"Keral system","coords":[163.091236,-185.858303],"averageTravelTime":"","continuity":{"canon":"","legends":"YES","unlicensed":""},"desc":"","placementCert":""}]]}},{"type":"Feature","geometry":{"type":"MultiLineString","coordinates":[[[161.53125,-189.4375],[162.322475,-189.087099],[164.628758,-190.932125],[164.78251,-192.930904]]]},"properties":{"ID":"018f6862-e831-77cb-9442-0973c30b3ea3","NAME":"Corellian Run junction-Talfaglio unamed route","ALT_NAMES":"","TYPE":"Hyperspace Route","PARENT_ID":"","PARENT_NAME":"","DATE_FROM":"","DATE_TO":"","CANON":"","LEGENDS":"YES","UNLICENSED":"","LEVEL":"3","ZOOM_LEVEL":"","CONJECTURAL_NAME":"YES","URLS":"","DESC":"","color":"","weight":"","opacity":"","smoothFactor":"","SECTIONS_PROPERTIES":[[{"text":"Corellian Run junction-Talfaglio unamed route connection","coords":[161.53125,-189.4375]},{"text":"Polanis system","coords":[162.322475,-189.087099],"averageTravelTime":"","continuity":{"canon":"","legends":"YES","unlicensed":""},"desc":"","placementCert":""},{"text":"Goorla system","coords":[164.628758,-190.932125],"averageTravelTime":"","continuity":{"canon":"","legends":"YES","unlicensed":""},"desc":"","placementCert":""},{"text":"Talfaglio system","coords":[164.78251,-192.930904],"averageTravelTime":"","continuity":{"canon":"","legends":"YES","unlicensed":""},"desc":"","placementCert":""}]]}},{"type":"Feature","geometry":{"type":"MultiLineString","coordinates":[[[162.322475,-189.087099],[164.167502,-188.318338]]]},"properties":{"ID":"018f6862-e831-7c92-9fd9-3562abad3262","NAME":"Polanis-Phemis unamed route","ALT_NAMES":"","TYPE":"Hyperspace Route","PARENT_ID":"","PARENT_NAME":"","DATE_FROM":"","DATE_TO":"","CANON":"","LEGENDS":"YES","UNLICENSED":"","LEVEL":"3","ZOOM_LEVEL":"","CONJECTURAL_NAME":"YES","URLS":"","DESC":"","color":"","weight":"","opacity":"","smoothFactor":"","SECTIONS_PROPERTIES":[[{"text":"Polanis system","coords":[162.322475,-189.087099]},{"text":"Phemis system","coords":[164.167502,-188.318338],"averageTravelTime":"","continuity":{"canon":"","legends":"YES","unlicensed":""},"desc":"","placementCert":""}]]}},{"type":"Feature","geometry":{"type":"MultiLineString","coordinates":[[[161.707466,-190.163364],[164.628758,-190.932125]]]},"properties":{"ID":"018f6862-e831-77a0-8cb8-83b3150e4546","NAME":"Tanthior-Goorla unamed route","ALT_NAMES":"","TYPE":"Hyperspace Route","PARENT_ID":"","PARENT_NAME":"","DATE_FROM":"","DATE_TO":"","CANON":"","LEGENDS":"YES","UNLICENSED":"","LEVEL":"3","ZOOM_LEVEL":"","CONJECTURAL_NAME":"YES","URLS":"","DESC":"","color":"","weight":"","opacity":"","smoothFactor":"","SECTIONS_PROPERTIES":[[{"text":"Tanthior system","coords":[161.707466,-190.163364]},{"text":"Goorla system","coords":[164.628758,-190.932125],"averageTravelTime":"","continuity":{"canon":"","legends":"YES","unlicensed":""},"desc":"","placementCert":""}]]}},{"type":"Feature","geometry":{"type":"MultiLineString","coordinates":[[[161.707466,-190.163364],[160.784953,-191.547134],[160.169944,-193.853417],[159.093679,-191.547134]]]},"properties":{"ID":"018f6862-e831-7b40-b8fd-e7fdb8a04dee","NAME":"Tanthior-New Plympto unamed route","ALT_NAMES":"","TYPE":"Hyperspace Route","PARENT_ID":"","PARENT_NAME":"","DATE_FROM":"","DATE_TO":"","CANON":"","LEGENDS":"YES","UNLICENSED":"","LEVEL":"3","ZOOM_LEVEL":"","CONJECTURAL_NAME":"YES","URLS":"","DESC":"","color":"","weight":"","opacity":"","smoothFactor":"","SECTIONS_PROPERTIES":[[{"text":"Tanthior system","coords":[161.707466,-190.163364]},{"text":"Corfai system","coords":[160.784953,-191.547134],"averageTravelTime":"","continuity":{"canon":"","legends":"YES","unlicensed":""},"desc":"","placementCert":""},{"text":"Forvand system","coords":[160.169944,-193.853417],"averageTravelTime":"","continuity":{"canon":"","legends":"YES","unlicensed":""},"desc":"","placementCert":""},{"text":"New Plympto system","coords":[159.093679,-191.547134],"averageTravelTime":"","continuity":{"canon":"","legends":"YES","unlicensed":""},"desc":"","placementCert":""}]]}},{"type":"Feature","geometry":{"type":"MultiLineString","coordinates":[[[160.938705,-187.242073],[159.86244,-186.012055],[158.786175,-185.550798],[158.171166,-183.090763]]]},"properties":{"ID":"018f6862-e831-7d47-90bf-752a02138fdc","NAME":"Corellia-Dorsis unamed route","ALT_NAMES":"","TYPE":"Hyperspace Route","PARENT_ID":"","PARENT_NAME":"","DATE_FROM":"","DATE_TO":"","CANON":"","LEGENDS":"YES","UNLICENSED":"","LEVEL":"3","ZOOM_LEVEL":"","CONJECTURAL_NAME":"YES","URLS":"","DESC":"","color":"","weight":"","opacity":"","smoothFactor":"","SECTIONS_PROPERTIES":[[{"text":"Corellia system/Corellian system","coords":[160.938705,-187.242073]},{"text":"Vasar system","coords":[159.86244,-186.012055],"averageTravelTime":"","continuity":{"canon":"","legends":"YES","unlicensed":""},"desc":"","placementCert":""},{"text":"Craeen system","coords":[158.786175,-185.550798],"averageTravelTime":"","continuity":{"canon":"","legends":"YES","unlicensed":""},"desc":"","placementCert":""},{"text":"Dorsis system","coords":[158.171166,-183.090763],"averageTravelTime":"","continuity":{"canon":"","legends":"YES","unlicensed":""},"desc":"","placementCert":""}]]}},{"type":"Feature","geometry":{"type":"MultiLineString","coordinates":[[[158.171166,-183.090763],[158.171166,-187.08832],[159.554936,-188.164586],[160.265625,-188.515625]]]},"properties":{"ID":"018f6862-e831-7c22-bebf-5c38af889999","NAME":"Dorsis-Corellian Trade Spine junction unamed route","ALT_NAMES":"","TYPE":"Hyperspace Route","PARENT_ID":"","PARENT_NAME":"","DATE_FROM":"","DATE_TO":"","CANON":"","LEGENDS":"YES","UNLICENSED":"","LEVEL":"3","ZOOM_LEVEL":"","CONJECTURAL_NAME":"YES","URLS":"","DESC":"","color":"","weight":"","opacity":"","smoothFactor":"","SECTIONS_PROPERTIES":[[{"text":"Dorsis system","coords":[158.171166,-183.090763]},{"text":"Graland system","coords":[158.171166,-187.08832],"averageTravelTime":"","continuity":{"canon":"","legends":"YES","unlicensed":""},"desc":"","placementCert":""},{"text":"Aurea system","coords":[159.554936,-188.164586],"averageTravelTime":"","continuity":{"canon":"","legends":"YES","unlicensed":""},"desc":"","placementCert":""},{"text":"Dorsis-Corellian Trade Spine junction unamed route connection","coords":[160.265625,-188.515625],"averageTravelTime":"","continuity":{"canon":"","legends":"YES","unlicensed":""},"desc":"","placementCert":""}]]}},{"type":"Feature","geometry":{"type":"MultiLineString","coordinates":[[[158.171166,-183.090763],[156.787396,-186.780816],[158.171166,-187.08832],[157.248653,-188.933347],[157.863661,-192.008391],[158.3125,-192.8125]]]},"properties":{"ID":"018f6862-e831-7078-839d-647d3cd36506","NAME":"Dorsis-Corellian Trade Spine junction 2 unamed route","ALT_NAMES":"","TYPE":"Hyperspace Route","PARENT_ID":"","PARENT_NAME":"","DATE_FROM":"","DATE_TO":"","CANON":"","LEGENDS":"YES","UNLICENSED":"","LEVEL":"3","ZOOM_LEVEL":"","CONJECTURAL_NAME":"YES","URLS":"","DESC":"","color":"","weight":"","opacity":"","smoothFactor":"","SECTIONS_PROPERTIES":[[{"text":"Dorsis system","coords":[158.171166,-183.090763]},{"text":"Velx-Shel system","coords":[156.787396,-186.780816],"averageTravelTime":"","continuity":{"canon":"","legends":"YES","unlicensed":""},"desc":"","placementCert":""},{"text":"Graland system","coords":[158.171166,-187.08832],"averageTravelTime":"","continuity":{"canon":"","legends":"YES","unlicensed":""},"desc":"","placementCert":""},{"text":"Sacorrian system","coords":[157.248653,-188.933347],"averageTravelTime":"","continuity":{"canon":"","legends":"YES","unlicensed":""},"desc":"","placementCert":""},{"text":"Xyquine system","coords":[157.863661,-192.008391],"averageTravelTime":"","continuity":{"canon":"","legends":"YES","unlicensed":""},"desc":"","placementCert":""},{"text":"Dorsis-Corellian Trade Spine junction 2 unamed route connection","coords":[158.3125,-192.8125],"averageTravelTime":"","continuity":{"canon":"","legends":"YES","unlicensed":""},"desc":"","placementCert":""}]]}},{"type":"Feature","geometry":{"type":"MultiLineString","coordinates":[[[157.863661,-192.008391],[158.786175,-189.240851]]]},"properties":{"ID":"018f6862-e831-7c87-8d98-e2cbc1de2aa9","NAME":"Xyguine-Vagran unamed route","ALT_NAMES":"","TYPE":"Hyperspace Route","PARENT_ID":"","PARENT_NAME":"","DATE_FROM":"","DATE_TO":"","CANON":"","LEGENDS":"YES","UNLICENSED":"","LEVEL":"3","ZOOM_LEVEL":"","CONJECTURAL_NAME":"YES","URLS":"","DESC":"","color":"","weight":"","opacity":"","smoothFactor":"","SECTIONS_PROPERTIES":[[{"text":"Xyquine system","coords":[157.863661,-192.008391]},{"text":"Vagran system","coords":[158.786175,-189.240851],"averageTravelTime":"","continuity":{"canon":"","legends":"YES","unlicensed":""},"desc":"","placementCert":""}]]}},{"type":"Feature","geometry":{"type":"MultiLineString","coordinates":[[[-77.724,-857.391],[-81.706,-858.899],[-78.386,-861.982]]]},"properties":{"ID":"018f6862-e831-714e-8e74-0a6003019979","NAME":"Allyuen-Tokmia unamed route","ALT_NAMES":"","TYPE":"Hyperspace Route","PARENT_ID":"","PARENT_NAME":"","DATE_FROM":"","DATE_TO":"","CANON":"","LEGENDS":"YES","UNLICENSED":"","LEVEL":"3","ZOOM_LEVEL":"","CONJECTURAL_NAME":"YES","URLS":"","DESC":"","color":"","weight":"","opacity":"","smoothFactor":"","SECTIONS_PROPERTIES":[[{"text":"Allyuen system","coords":[-77.724,-857.391]},{"text":"Burnin Konn system","coords":[-81.706,-858.899],"averageTravelTime":"","continuity":{"canon":"","legends":"YES","unlicensed":""},"desc":"","placementCert":""},{"text":"Tokmia system","coords":[-78.386,-861.982],"averageTravelTime":"","continuity":{"canon":"","legends":"YES","unlicensed":""},"desc":"","placementCert":""}]]}},{"type":"Feature","geometry":{"type":"MultiLineString","coordinates":[[[-107.0625,-855.8125],[-97.1875,-871.5],[-102,-882.625],[-103.4375,-894.875]]]},"properties":{"ID":"018f6862-e831-70cd-b73a-ab48efbceaac","NAME":"Lutrillia-Darlyn Boda trade route-Lipse Run connexion unamed route","ALT_NAMES":"","TYPE":"Hyperspace Route","PARENT_ID":"","PARENT_NAME":"","DATE_FROM":"","DATE_TO":"","CANON":"","LEGENDS":"YES","UNLICENSED":"","LEVEL":"3","ZOOM_LEVEL":"","CONJECTURAL_NAME":"YES","URLS":"","DESC":"","color":"","weight":"","opacity":"","smoothFactor":"","SECTIONS_PROPERTIES":[[{"text":"Nameless Yarith sector system 1","coords":[-107.0625,-855.8125]},{"text":"Nameless Yarith sector system 10","coords":[-97.1875,-871.5],"averageTravelTime":"","continuity":{"canon":"","legends":"YES","unlicensed":""},"desc":"","placementCert":""},{"text":"Nameless Yarith sector system 9","coords":[-102,-882.625],"averageTravelTime":"","continuity":{"canon":"","legends":"YES","unlicensed":""},"desc":"","placementCert":""},{"text":"Nameless Yarith sector system 8","coords":[-103.4375,-894.875],"averageTravelTime":"","continuity":{"canon":"","legends":"YES","unlicensed":""},"desc":"","placementCert":""}]]}},{"type":"Feature","geometry":{"type":"MultiLineString","coordinates":[[[485.786882,441.692676],[502.530204,450.493519]]]},"properties":{"ID":"018f6862-e831-7cc4-be76-19b507e225ea","NAME":"Betshish-Mannova unamed route","ALT_NAMES":"","TYPE":"Hyperspace Route","PARENT_ID":"","PARENT_NAME":"","DATE_FROM":"","DATE_TO":"","CANON":"","LEGENDS":"YES","UNLICENSED":"","LEVEL":"3","ZOOM_LEVEL":"","CONJECTURAL_NAME":"YES","URLS":"","DESC":"","color":"","weight":"","opacity":"","smoothFactor":"","SECTIONS_PROPERTIES":[[{"text":"Betshish system","coords":[485.786882,441.692676]},{"text":"Mannova system","coords":[502.530204,450.493519],"averageTravelTime":"","continuity":{"canon":"","legends":"YES","unlicensed":""},"desc":"","placementCert":""}]]}},{"type":"Feature","geometry":{"type":"MultiLineString","coordinates":[[[547.715878,437.743347],[549.464582,450.526977]]]},"properties":{"ID":"018f6862-e831-78be-a13d-b44aec78e2c5","NAME":"Chenowel-Elamposnia unamed route","ALT_NAMES":"","TYPE":"Hyperspace Route","PARENT_ID":"","PARENT_NAME":"","DATE_FROM":"","DATE_TO":"","CANON":"","LEGENDS":"YES","UNLICENSED":"","LEVEL":"3","ZOOM_LEVEL":"","CONJECTURAL_NAME":"YES","URLS":"","DESC":"","color":"","weight":"","opacity":"","smoothFactor":"","SECTIONS_PROPERTIES":[[{"text":"Chenowei system","coords":[547.715878,437.743347]},{"text":"Elamposnia system","coords":[549.464582,450.526977],"averageTravelTime":"","continuity":{"canon":"","legends":"YES","unlicensed":""},"desc":"","placementCert":""}]]}},{"type":"Feature","geometry":{"type":"MultiLineString","coordinates":[[[523.354622,366.287682],[527.696232,360.619469]]]},"properties":{"ID":"018f6862-e831-7897-a05e-e9c9662c20bf","NAME":"Korphir-Tenara unamed route","ALT_NAMES":"","TYPE":"Hyperspace Route","PARENT_ID":"","PARENT_NAME":"","DATE_FROM":"","DATE_TO":"","CANON":"","LEGENDS":"YES","UNLICENSED":"","LEVEL":"3","ZOOM_LEVEL":"","CONJECTURAL_NAME":"YES","URLS":"","DESC":"","color":"","weight":"","opacity":"","smoothFactor":"","SECTIONS_PROPERTIES":[[{"text":"Korphir system","coords":[523.354622,366.287682]},{"text":"Tenara system","coords":[527.696232,360.619469],"averageTravelTime":"","continuity":{"canon":"","legends":"YES","unlicensed":""},"desc":"","placementCert":""}]]}},{"type":"Feature","geometry":{"type":"MultiLineString","coordinates":[[[443.336337,368.579087],[433.507415,357.664762]]]},"properties":{"ID":"018f6862-e831-74a1-a1a7-962e5199fb5c","NAME":"Near Indosa-Far Indosa unamed route","ALT_NAMES":"","TYPE":"Hyperspace Route","PARENT_ID":"","PARENT_NAME":"","DATE_FROM":"","DATE_TO":"","CANON":"","LEGENDS":"YES","UNLICENSED":"","LEVEL":"3","ZOOM_LEVEL":"","CONJECTURAL_NAME":"YES","URLS":"","DESC":"","color":"","weight":"","opacity":"","smoothFactor":"","SECTIONS_PROPERTIES":[[{"text":"Near Indosa system","coords":[443.336337,368.579087]},{"text":"Far Indosa system","coords":[433.507415,357.664762],"averageTravelTime":"","continuity":{"canon":"","legends":"YES","unlicensed":""},"desc":"","placementCert":""}]]}},{"type":"Feature","geometry":{"type":"MultiLineString","coordinates":[[[433.166664,382.871671],[423.497592,377.985909]]]},"properties":{"ID":"018f6862-e831-7fa2-998d-532aa6c21ee0","NAME":"Pinoora-Denarii Station unamed route","ALT_NAMES":"","TYPE":"Hyperspace Route","PARENT_ID":"","PARENT_NAME":"","DATE_FROM":"","DATE_TO":"","CANON":"","LEGENDS":"YES","UNLICENSED":"","LEVEL":"3","ZOOM_LEVEL":"","CONJECTURAL_NAME":"YES","URLS":"","DESC":"","color":"","weight":"","opacity":"","smoothFactor":"","SECTIONS_PROPERTIES":[[{"text":"Pinoora system","coords":[433.166664,382.871671]},{"text":"Denarii System","coords":[423.497592,377.985909],"averageTravelTime":"","continuity":{"canon":"","legends":"YES","unlicensed":""},"desc":"","placementCert":""}]]}},{"type":"Feature","geometry":{"type":"MultiLineString","coordinates":[[[453.928081,414.562114],[459.679232,399.476326],[461.486679,381.362717]]]},"properties":{"ID":"018f6862-e831-77f1-b56c-f27c66bc298b","NAME":"Ladarra-Torque unamed route","ALT_NAMES":"","TYPE":"Hyperspace Route","PARENT_ID":"","PARENT_NAME":"","DATE_FROM":"","DATE_TO":"","CANON":"","LEGENDS":"YES","UNLICENSED":"","LEVEL":"3","ZOOM_LEVEL":"","CONJECTURAL_NAME":"YES","URLS":"","DESC":"","color":"","weight":"","opacity":"","smoothFactor":"","SECTIONS_PROPERTIES":[[{"text":"Ladarra system","coords":[453.928081,414.562114]},{"text":"Yavin system","coords":[459.679232,399.476326],"averageTravelTime":"","continuity":{"canon":"","legends":"YES","unlicensed":""},"desc":"","placementCert":""},{"text":"Torque system","coords":[461.486679,381.362717],"averageTravelTime":"","continuity":{"canon":"","legends":"YES","unlicensed":""},"desc":"","placementCert":""}]]}},{"type":"Feature","geometry":{"type":"MultiLineString","coordinates":[[[559.172905,380.729565],[556.543118,372.569691],[560.84818,363.344559]]]},"properties":{"ID":"018f6862-e831-7e0a-a321-05b28872d040","NAME":"Arda-Little Capella unamed route","ALT_NAMES":"","TYPE":"Hyperspace Route","PARENT_ID":"","PARENT_NAME":"","DATE_FROM":"","DATE_TO":"","CANON":"","LEGENDS":"YES","UNLICENSED":"","LEVEL":"3","ZOOM_LEVEL":"","CONJECTURAL_NAME":"YES","URLS":"","DESC":"","color":"","weight":"","opacity":"","smoothFactor":"","SECTIONS_PROPERTIES":[[{"text":"Arda system","coords":[559.172905,380.729565]},{"text":"Capella system","coords":[556.543118,372.569691],"averageTravelTime":"","continuity":{"canon":"","legends":"YES","unlicensed":""},"desc":"","placementCert":""},{"text":"Little Capella system","coords":[560.84818,363.344559],"averageTravelTime":"","continuity":{"canon":"","legends":"YES","unlicensed":""},"desc":"","placementCert":""}]]}},{"type":"Feature","geometry":{"type":"MultiLineString","coordinates":[[[433.166664,382.871671],[418.58313,367.553985]]]},"properties":{"ID":"018f6862-e831-7bfa-b0ed-e5bfc6bd6c45","NAME":"Pinoora-Presbalin unamed route","ALT_NAMES":"","TYPE":"Hyperspace Route","PARENT_ID":"","PARENT_NAME":"","DATE_FROM":"","DATE_TO":"","CANON":"","LEGENDS":"YES","UNLICENSED":"","LEVEL":"3","ZOOM_LEVEL":"","CONJECTURAL_NAME":"YES","URLS":"","DESC":"","color":"","weight":"","opacity":"","smoothFactor":"","SECTIONS_PROPERTIES":[[{"text":"Pinoora system","coords":[433.166664,382.871671]},{"text":"Presbalin system","coords":[418.58313,367.553985],"averageTravelTime":"","continuity":{"canon":"","legends":"YES","unlicensed":""},"desc":"","placementCert":""}]]}},{"type":"Feature","geometry":{"type":"MultiLineString","coordinates":[[[588.418472,385.252076],[591.192279,378.49846]]]},"properties":{"ID":"018f6862-e831-7ef6-b038-51875e1a1cdd","NAME":"Pygorix-Karsteen's world unamed route","ALT_NAMES":"","TYPE":"Hyperspace Route","PARENT_ID":"","PARENT_NAME":"","DATE_FROM":"","DATE_TO":"","CANON":"","LEGENDS":"YES","UNLICENSED":"","LEVEL":"3","ZOOM_LEVEL":"","CONJECTURAL_NAME":"YES","URLS":"","DESC":"","color":"","weight":"","opacity":"","smoothFactor":"","SECTIONS_PROPERTIES":[[{"text":"Pygorix system","coords":[588.418472,385.252076]},{"text":"Karsten's World system","coords":[591.192279,378.49846],"averageTravelTime":"","continuity":{"canon":"","legends":"YES","unlicensed":""},"desc":"","placementCert":""}]]}},{"type":"Feature","geometry":{"type":"MultiLineString","coordinates":[[[497.063761,364.358078],[487.174539,362.187273]]]},"properties":{"ID":"018f6862-e831-7343-b1f1-8b69e6b5094b","NAME":"Bronsoon-Xochtl unamed route","ALT_NAMES":"","TYPE":"Hyperspace Route","PARENT_ID":"","PARENT_NAME":"","DATE_FROM":"","DATE_TO":"","CANON":"","LEGENDS":"YES","UNLICENSED":"","LEVEL":"3","ZOOM_LEVEL":"","CONJECTURAL_NAME":"YES","URLS":"","DESC":"","color":"","weight":"","opacity":"","smoothFactor":"","SECTIONS_PROPERTIES":[[{"text":"Bronsoon system","coords":[497.063761,364.358078]},{"text":"Xochtl system","coords":[487.174539,362.187273],"averageTravelTime":"","continuity":{"canon":"","legends":"YES","unlicensed":""},"desc":"","placementCert":""}]]}},{"type":"Feature","geometry":{"type":"MultiLineString","coordinates":[[[497.063761,364.358078],[513.103598,354.830656]]]},"properties":{"ID":"018f6862-e831-7eaa-8418-d7e998a31b2a","NAME":"Bronsoon-Maridun unamed route","ALT_NAMES":"","TYPE":"Hyperspace Route","PARENT_ID":"","PARENT_NAME":"","DATE_FROM":"","DATE_TO":"","CANON":"","LEGENDS":"YES","UNLICENSED":"","LEVEL":"3","ZOOM_LEVEL":"","CONJECTURAL_NAME":"YES","URLS":"","DESC":"","color":"","weight":"","opacity":"","smoothFactor":"","SECTIONS_PROPERTIES":[[{"text":"Bronsoon system","coords":[497.063761,364.358078]},{"text":"Maridun system","coords":[513.103598,354.830656],"averageTravelTime":"","continuity":{"canon":"","legends":"YES","unlicensed":""},"desc":"","placementCert":""}]]}},{"type":"Feature","geometry":{"type":"MultiLineString","coordinates":[[[513.103598,354.830656],[422.310814,302.35281]]]},"properties":{"ID":"018f6862-e831-724d-a4b4-266bbdf5e124","NAME":"Maridun-Phindar unamed route","ALT_NAMES":"","TYPE":"Hyperspace Route","PARENT_ID":"","PARENT_NAME":"","DATE_FROM":"","DATE_TO":"","CANON":"","LEGENDS":"YES","UNLICENSED":"","LEVEL":"2","ZOOM_LEVEL":"","CONJECTURAL_NAME":"YES","URLS":"","DESC":"","color":"","weight":"","opacity":"","smoothFactor":"","SECTIONS_PROPERTIES":[[{"text":"Maridun system","coords":[513.103598,354.830656]},{"text":"Phindar system","coords":[422.310814,302.35281],"averageTravelTime":"","continuity":{"canon":"","legends":"YES","unlicensed":""},"desc":"","placementCert":""}]]}},{"type":"Feature","geometry":{"type":"MultiLineString","coordinates":[[[453.928081,414.562114],[428.842757,412.20899],[411.685807,417.152575]],[[428.842757,412.20899],[406.903068,406.868304]],[[428.842757,412.20899],[405.101559,393.859401]],[[411.685807,417.152575],[396.839964,425.819562]],[[406.903068,406.868304],[383.458299,406.055624]]]},"properties":{"ID":"018f6862-e831-75e1-8243-fb09542f5735","NAME":"Feswe systems unamed route","ALT_NAMES":"","TYPE":"Hyperspace Route","PARENT_ID":"","PARENT_NAME":"","DATE_FROM":"","DATE_TO":"","CANON":"","LEGENDS":"YES","UNLICENSED":"","LEVEL":"3","ZOOM_LEVEL":"","CONJECTURAL_NAME":"YES","URLS":"","DESC":"","color":"","weight":"","opacity":"","smoothFactor":"","SECTIONS_PROPERTIES":[[{"text":"Ladarra system","coords":[453.928081,414.562114]},{"text":"Feswe Corridor system","coords":[428.842757,412.20899],"averageTravelTime":"","continuity":{"canon":"","legends":"YES","unlicensed":""},"desc":"","placementCert":""},{"text":"Feswe Prime system","coords":[411.685807,417.152575],"averageTravelTime":"","continuity":{"canon":"","legends":"YES","unlicensed":""},"desc":"","placementCert":""}],[{"text":"Feswe Corridor system","coords":[428.842757,412.20899]},{"text":"Feswe Minor system","coords":[406.903068,406.868304],"averageTravelTime":"","continuity":{"canon":"","legends":"YES","unlicensed":""},"desc":"","placementCert":""}],[{"text":"Feswe Corridor system","coords":[428.842757,412.20899]},{"text":"Tertiary Feswe system","coords":[405.101559,393.859401],"averageTravelTime":"","continuity":{"canon":"","legends":"YES","unlicensed":""},"desc":"","placementCert":""}],[{"text":"Feswe Prime system","coords":[411.685807,417.152575]},{"text":"Hynah system","coords":[396.839964,425.819562],"averageTravelTime":"","continuity":{"canon":"","legends":"YES","unlicensed":""},"desc":"","placementCert":""}],[{"text":"Feswe Minor system","coords":[406.903068,406.868304]},{"text":"Feriae system","coords":[383.458299,406.055624],"averageTravelTime":"","continuity":{"canon":"","legends":"YES","unlicensed":""},"desc":"","placementCert":""}]]}},{"type":"Feature","geometry":{"type":"MultiLineString","coordinates":[[[-324.45,-676.037],[-329.512,-677.475]]]},"properties":{"ID":"018f6862-e831-7683-badf-565bd8ddba92","NAME":"Vasha-Vex unamed route","ALT_NAMES":"","TYPE":"Hyperspace Route","PARENT_ID":"","PARENT_NAME":"","DATE_FROM":"","DATE_TO":"","CANON":"","LEGENDS":"YES","UNLICENSED":"","LEVEL":"2","ZOOM_LEVEL":"","CONJECTURAL_NAME":"YES","URLS":"","DESC":"","color":"","weight":"","opacity":"","smoothFactor":"","SECTIONS_PROPERTIES":[[{"text":"Vasha system","coords":[-324.45,-676.037]},{"text":"Vex system","coords":[-329.512,-677.475],"averageTravelTime":"","continuity":{"canon":"","legends":"YES","unlicensed":""},"desc":"","placementCert":""}]]}},{"type":"Feature","geometry":{"type":"MultiLineString","coordinates":[[[-325.171,-689.05],[-329.444,-685.14]]]},"properties":{"ID":"018f6862-e831-7884-8804-e4765eda405a","NAME":"Thonner-Qina unamed route","ALT_NAMES":"","TYPE":"Hyperspace Route","PARENT_ID":"","PARENT_NAME":"","DATE_FROM":"","DATE_TO":"","CANON":"","LEGENDS":"YES","UNLICENSED":"","LEVEL":"2","ZOOM_LEVEL":"","CONJECTURAL_NAME":"YES","URLS":"","DESC":"","color":"","weight":"","opacity":"","smoothFactor":"","SECTIONS_PROPERTIES":[[{"text":"Thonner system","coords":[-325.171,-689.05]},{"text":"Qina system","coords":[-329.444,-685.14],"averageTravelTime":"","continuity":{"canon":"","legends":"YES","unlicensed":""},"desc":"","placementCert":""}]]}},{"type":"Feature","geometry":{"type":"MultiLineString","coordinates":[[[-334.943,-691.396],[-337.227,-693.362],[-338.929,-690.611],[-338.003,-688.873]],[[-338.929,-690.611],[-342.801,-688.917]]]},"properties":{"ID":"018f6862-e831-7bd9-b13a-39fb61dc68bd","NAME":"Kuna systems unamed route","ALT_NAMES":"","TYPE":"Hyperspace Route","PARENT_ID":"","PARENT_NAME":"","DATE_FROM":"","DATE_TO":"","CANON":"","LEGENDS":"YES","UNLICENSED":"","LEVEL":"3","ZOOM_LEVEL":"","CONJECTURAL_NAME":"YES","URLS":"","DESC":"","color":"","weight":"","opacity":"","smoothFactor":"","SECTIONS_PROPERTIES":[[{"text":"Kuna's Tooth system","coords":[-334.943,-691.396]},{"text":"Kuna's Eye system","coords":[-337.227,-693.362],"averageTravelTime":"","continuity":{"canon":"","legends":"YES","unlicensed":""},"desc":"","placementCert":""},{"text":"Kuna's Fist system","coords":[-338.929,-690.611],"averageTravelTime":"","continuity":{"canon":"","legends":"YES","unlicensed":""},"desc":"","placementCert":""},{"text":"Kuna's Horn system","coords":[-338.003,-688.873],"averageTravelTime":"","continuity":{"canon":"","legends":"YES","unlicensed":""},"desc":"","placementCert":""}],[{"text":"Kuna's Fist system","coords":[-338.929,-690.611]},{"text":"Kuna's Tail system","coords":[-342.801,-688.917],"averageTravelTime":"","continuity":{"canon":"","legends":"YES","unlicensed":""},"desc":"","placementCert":""}]]}},{"type":"Feature","geometry":{"type":"MultiLineString","coordinates":[[[-334.943,-691.396],[-329.444,-685.14]]]},"properties":{"ID":"018f6862-e831-7e7f-8124-a60e2cd0aeba","NAME":"Kuna's Tooth-Qina unamed route","ALT_NAMES":"","TYPE":"Hyperspace Route","PARENT_ID":"","PARENT_NAME":"","DATE_FROM":"","DATE_TO":"","CANON":"","LEGENDS":"YES","UNLICENSED":"","LEVEL":"3","ZOOM_LEVEL":"","CONJECTURAL_NAME":"YES","URLS":"","DESC":"","color":"","weight":"","opacity":"","smoothFactor":"","SECTIONS_PROPERTIES":[[{"text":"Kuna's Tooth system","coords":[-334.943,-691.396]},{"text":"Qina system","coords":[-329.444,-685.14],"averageTravelTime":"","continuity":{"canon":"","legends":"YES","unlicensed":""},"desc":"","placementCert":""}]]}},{"type":"Feature","geometry":{"type":"MultiLineString","coordinates":[[[-329.444,-685.14],[-335.097,-682.185]]]},"properties":{"ID":"018f6862-e831-7500-a2dc-f1b4f5ae2aa1","NAME":"Qina-Trindello unamed route","ALT_NAMES":"","TYPE":"Hyperspace Route","PARENT_ID":"","PARENT_NAME":"","DATE_FROM":"","DATE_TO":"","CANON":"","LEGENDS":"YES","UNLICENSED":"","LEVEL":"3","ZOOM_LEVEL":"","CONJECTURAL_NAME":"YES","URLS":"","DESC":"","color":"","weight":"","opacity":"","smoothFactor":"","SECTIONS_PROPERTIES":[[{"text":"Qina system","coords":[-329.444,-685.14]},{"text":"Trindello system","coords":[-335.097,-682.185],"averageTravelTime":"","continuity":{"canon":"","legends":"YES","unlicensed":""},"desc":"","placementCert":""}]]}},{"type":"Feature","geometry":{"type":"MultiLineString","coordinates":[[[-329.512,-677.475],[-360.922305,-654.519645]]]},"properties":{"ID":"018f6862-e831-7f28-a414-5339048bc63c","NAME":"Vex-Firrerre unamed route","ALT_NAMES":"","TYPE":"Hyperspace Route","PARENT_ID":"","PARENT_NAME":"","DATE_FROM":"","DATE_TO":"","CANON":"","LEGENDS":"YES","UNLICENSED":"","LEVEL":"3","ZOOM_LEVEL":"","CONJECTURAL_NAME":"YES","URLS":"","DESC":"","color":"","weight":"","opacity":"","smoothFactor":"","SECTIONS_PROPERTIES":[[{"text":"Vex system","coords":[-329.512,-677.475]},{"text":"Firrerre system","coords":[-360.922305,-654.519645],"averageTravelTime":"","continuity":{"canon":"","legends":"YES","unlicensed":""},"desc":"","placementCert":""}]]}},{"type":"Feature","geometry":{"type":"MultiLineString","coordinates":[[[139.008579,-54.47756],[186.28055,-59.930882],[219.4375,-96.875]]]},"properties":{"ID":"018f6862-e831-7824-8796-a86b85d8dc8e","NAME":"Fedalle-Kuat unamed route","ALT_NAMES":"","TYPE":"Hyperspace Route","PARENT_ID":"","PARENT_NAME":"","DATE_FROM":"","DATE_TO":"","CANON":"","LEGENDS":"YES","UNLICENSED":"","LEVEL":"2","ZOOM_LEVEL":"","CONJECTURAL_NAME":"YES","URLS":"","DESC":"","color":"","weight":"","opacity":"","smoothFactor":"","SECTIONS_PROPERTIES":[[{"text":"Fedalle system","coords":[139.008579,-54.47756]},{"text":"Kuat system","coords":[186.28055,-59.930882],"averageTravelTime":"","continuity":{"canon":"","legends":"YES","unlicensed":""},"desc":"","placementCert":""},{"text":"Trellen Trade Route-Fedalle-Kuat unamed route junction","coords":[219.4375,-96.875],"averageTravelTime":"","continuity":{"canon":"","legends":"YES","unlicensed":""},"desc":"","placementCert":""}]]}},{"type":"Feature","geometry":{"type":"MultiLineString","coordinates":[[[-40.511183,446.059556],[-94.1093,457.472934]]]},"properties":{"ID":"018f6862-e831-7eb2-8ab5-1ed84fbd93b2","NAME":"Garqi-Borosk unamed route","ALT_NAMES":"","TYPE":"Hyperspace Route","PARENT_ID":"","PARENT_NAME":"","DATE_FROM":"","DATE_TO":"","CANON":"","LEGENDS":"YES","UNLICENSED":"","LEVEL":"2","ZOOM_LEVEL":"","CONJECTURAL_NAME":"YES","URLS":"","DESC":"","color":"","weight":"","opacity":"","smoothFactor":"","SECTIONS_PROPERTIES":[[{"text":"Garqi system","coords":[-40.511183,446.059556]},{"text":"Borosk system","coords":[-94.1093,457.472934],"averageTravelTime":"","continuity":{"canon":"","legends":"YES","unlicensed":""},"desc":"","placementCert":""}]]}},{"type":"Feature","geometry":{"type":"MultiLineString","coordinates":[[[681.335104,-504.337463],[578.3893,-533.746547]]]},"properties":{"ID":"018f6862-e831-76fc-b8e5-18540a53ef41","NAME":"Manda-Leritor unamed route","ALT_NAMES":"","TYPE":"Hyperspace Route","PARENT_ID":"","PARENT_NAME":"","DATE_FROM":"","DATE_TO":"","CANON":"","LEGENDS":"YES","UNLICENSED":"","LEVEL":"2","ZOOM_LEVEL":"","CONJECTURAL_NAME":"YES","URLS":"","DESC":"","color":"","weight":"","opacity":"","smoothFactor":"","SECTIONS_PROPERTIES":[[{"text":"Manda system","coords":[681.335104,-504.337463]},{"text":"Leritor system","coords":[578.3893,-533.746547],"averageTravelTime":"","continuity":{"canon":"","legends":"YES","unlicensed":""},"desc":"","placementCert":""}]]}},{"type":"Feature","geometry":{"type":"MultiLineString","coordinates":[[[231.407678,-98.02691],[222.268103,-108.211008],[215.348139,-116.567191],[214.25,-127.875],[214.434181,-129.493162],[216.382225,-135.138228],[218.120139,-140.811298],[224.284612,-155.415367],[234.923418,-192.644336],[234.923418,-209.214351]]]},"properties":{"ID":"018f6862-e831-7ec9-8576-6b0779d6db0d","NAME":"Quellor Run","ALT_NAMES":"","TYPE":"Hyperspace Route","PARENT_ID":"","PARENT_NAME":"","DATE_FROM":"-17000","DATE_TO":"","CANON":"YES","LEGENDS":"YES","UNLICENSED":"","LEVEL":"2","ZOOM_LEVEL":"","CONJECTURAL_NAME":"","URLS":"https://starwars.fandom.com/wiki/Quellor_Run,https://starwars.fandom.com/wiki/Quellor_Run/Legends","DESC":"","color":"","weight":"","opacity":"","smoothFactor":"","SECTIONS_PROPERTIES":[[{"text":"Commenor system","coords":[231.407678,-98.02691]},{"text":"Damoria system","coords":[222.268103,-108.211008],"averageTravelTime":"","continuity":{"canon":"","legends":"YES","unlicensed":""},"desc":"","placementCert":""},{"text":"Chorax system","coords":[215.348139,-116.567191],"averageTravelTime":"","continuity":{"canon":"","legends":"YES","unlicensed":""},"desc":"","placementCert":""},{"text":"Narq system/Narqui system","coords":[214.25,-127.875],"averageTravelTime":"","continuity":{"canon":"YES","legends":"YES","unlicensed":""},"desc":"","placementCert":""},{"text":"Rachuk system","coords":[214.434181,-129.493162],"averageTravelTime":"","continuity":{"canon":"","legends":"YES","unlicensed":""},"desc":"","placementCert":""},{"text":"Cato Neimoidia system","coords":[216.382225,-135.138228],"averageTravelTime":"","continuity":{"canon":"","legends":"YES","unlicensed":""},"desc":"","placementCert":""},{"text":"Hensara system","coords":[218.120139,-140.811298],"averageTravelTime":"","continuity":{"canon":"","legends":"YES","unlicensed":""},"desc":"","placementCert":""},{"text":"Morobe system","coords":[224.284612,-155.415367],"averageTravelTime":"","continuity":{"canon":"","legends":"YES","unlicensed":""},"desc":"","placementCert":""},{"text":"Lankashiir system","coords":[234.923418,-192.644336],"averageTravelTime":"","continuity":{"canon":"","legends":"YES","unlicensed":""},"desc":"","placementCert":""},{"text":"Quellor system","coords":[234.923418,-209.214351],"averageTravelTime":"","continuity":{"canon":"","legends":"YES","unlicensed":""},"desc":"","placementCert":""}]]}},{"type":"Feature","geometry":{"type":"MultiLineString","coordinates":[[[760.253599,603.162204],[762.15365,603.737192]]]},"properties":{"ID":"018f6862-e831-784e-9bab-b49649b961b5","NAME":"Ocsin-Kamar unnamed route","ALT_NAMES":"","TYPE":"Hyperspace Route","PARENT_ID":"","PARENT_NAME":"","DATE_FROM":"","DATE_TO":"","CANON":"","LEGENDS":"YES","UNLICENSED":"","LEVEL":"3","ZOOM_LEVEL":"","CONJECTURAL_NAME":"YES","URLS":"","DESC":"","color":"","weight":"","opacity":"","smoothFactor":"","SECTIONS_PROPERTIES":[[{"text":"Ocsin system","coords":[760.253599,603.162204]},{"text":"Kamar system","coords":[762.15365,603.737192],"averageTravelTime":"","continuity":{"canon":"","legends":"YES","unlicensed":""},"desc":"","placementCert":""}]]}},{"type":"Feature","geometry":{"type":"MultiLineString","coordinates":[[[716.987965,594.024707],[714.850424,596.487088]]]},"properties":{"ID":"018f6862-e831-75fb-b467-28fcac03feb1","NAME":"Tirsa-Maryo unnamed route","ALT_NAMES":"","TYPE":"Hyperspace Route","PARENT_ID":"","PARENT_NAME":"","DATE_FROM":"","DATE_TO":"","CANON":"","LEGENDS":"YES","UNLICENSED":"","LEVEL":"3","ZOOM_LEVEL":"","CONJECTURAL_NAME":"YES","URLS":"","DESC":"","color":"","weight":"","opacity":"","smoothFactor":"","SECTIONS_PROPERTIES":[[{"text":"Tirsa system","coords":[716.987965,594.024707]},{"text":"Maryo system","coords":[714.850424,596.487088],"averageTravelTime":"","continuity":{"canon":"","legends":"YES","unlicensed":""},"desc":"","placementCert":""}]]}},{"type":"Feature","geometry":{"type":"MultiLineString","coordinates":[[[669.874194,599.124912],[671.774747,595.524537],[673.5,599.5]]]},"properties":{"ID":"018f6862-e831-7d04-b9d6-64aba3568ca0","NAME":"Lur unnamed route","ALT_NAMES":"","TYPE":"Hyperspace Route","PARENT_ID":"","PARENT_NAME":"","DATE_FROM":"","DATE_TO":"","CANON":"","LEGENDS":"YES","UNLICENSED":"","LEVEL":"3","ZOOM_LEVEL":"","CONJECTURAL_NAME":"YES","URLS":"","DESC":"","color":"","weight":"","opacity":"","smoothFactor":"","SECTIONS_PROPERTIES":[[{"text":"Nameless Aparo sector system 1","coords":[669.874194,599.124912]},{"text":"Lur system","coords":[671.774747,595.524537],"averageTravelTime":"","continuity":{"canon":"","legends":"YES","unlicensed":""},"desc":"","placementCert":""},{"text":"Nameless Aparo sector system 2","coords":[673.5,599.5],"averageTravelTime":"","continuity":{"canon":"","legends":"YES","unlicensed":""},"desc":"","placementCert":""}]]}},{"type":"Feature","geometry":{"type":"MultiLineString","coordinates":[[[748.781262,620.281249],[741.62577,622.636367],[738.738199,623.52359],[723.238091,632.686123],[711.500335,635.773502],[691.963048,631.711737],[684.812252,628.936758],[684.186135,630.162045]]]},"properties":{"ID":"018f6862-e831-7358-abba-397177b68129","NAME":"Brosi-Ekibo unnamed route","ALT_NAMES":"","TYPE":"Hyperspace Route","PARENT_ID":"","PARENT_NAME":"","DATE_FROM":"","DATE_TO":"","CANON":"","LEGENDS":"YES","UNLICENSED":"","LEVEL":"3","ZOOM_LEVEL":"","CONJECTURAL_NAME":"YES","URLS":"","DESC":"","color":"","weight":"","opacity":"","smoothFactor":"","SECTIONS_PROPERTIES":[[{"text":"Dostra system","coords":[748.781262,620.281249]},{"text":"Abo Dreth system","coords":[741.62577,622.636367],"averageTravelTime":"","continuity":{"canon":"","legends":"YES","unlicensed":""},"desc":"","placementCert":""},{"text":"Ulicia system","coords":[738.738199,623.52359],"averageTravelTime":"","continuity":{"canon":"","legends":"YES","unlicensed":""},"desc":"","placementCert":""},{"text":"Perin system","coords":[723.238091,632.686123],"averageTravelTime":"","continuity":{"canon":"","legends":"YES","unlicensed":""},"desc":"","placementCert":""},{"text":"Brochiib system","coords":[711.500335,635.773502],"averageTravelTime":"","continuity":{"canon":"","legends":"YES","unlicensed":""},"desc":"","placementCert":""},{"text":"Pypin system","coords":[691.963048,631.711737],"averageTravelTime":"","continuity":{"canon":"","legends":"YES","unlicensed":""},"desc":"","placementCert":""},{"text":"Ekibo system","coords":[684.812252,628.936758],"averageTravelTime":"","continuity":{"canon":"","legends":"YES","unlicensed":""},"desc":"","placementCert":""},{"text":"Trian system","coords":[684.186135,630.162045],"averageTravelTime":"","continuity":{"canon":"","legends":"YES","unlicensed":""},"desc":"","placementCert":""}]]}},{"type":"Feature","geometry":{"type":"MultiLineString","coordinates":[[[880.191502,338.590455],[902.024314,323.061482],[904.791854,292.772299]]]},"properties":{"ID":"018f6862-e831-7d6c-8c7e-b0aa7b3c3840","NAME":"Eridicon-Poseidenna unnnamed route","ALT_NAMES":"","TYPE":"Hyperspace Route","PARENT_ID":"","PARENT_NAME":"","DATE_FROM":"","DATE_TO":"","CANON":"","LEGENDS":"YES","UNLICENSED":"","LEVEL":"3","ZOOM_LEVEL":"","CONJECTURAL_NAME":"YES","URLS":"","DESC":"","color":"","weight":"","opacity":"","smoothFactor":"","SECTIONS_PROPERTIES":[[{"text":"Eridicon system","coords":[880.191502,338.590455]},{"text":"Minntooine system","coords":[902.024314,323.061482],"averageTravelTime":"","continuity":{"canon":"","legends":"YES","unlicensed":""},"desc":"","placementCert":""},{"text":"Poseidenna system","coords":[904.791854,292.772299],"averageTravelTime":"","continuity":{"canon":"","legends":"YES","unlicensed":""},"desc":"","placementCert":""}]]}},{"type":"Feature","geometry":{"type":"MultiLineString","coordinates":[[[959.220133,326.597783],[947.227461,321.370208]]]},"properties":{"ID":"018f6862-e831-734c-a400-2d9008be2123","NAME":"Buchich-Krinemonen unnamed route","ALT_NAMES":"","TYPE":"Hyperspace Route","PARENT_ID":"","PARENT_NAME":"","DATE_FROM":"","DATE_TO":"","CANON":"","LEGENDS":"YES","UNLICENSED":"","LEVEL":"3","ZOOM_LEVEL":"","CONJECTURAL_NAME":"YES","URLS":"","DESC":"","color":"","weight":"","opacity":"","smoothFactor":"","SECTIONS_PROPERTIES":[[{"text":"Buchich system","coords":[959.220133,326.597783]},{"text":"Krinemonen system","coords":[947.227461,321.370208],"averageTravelTime":"","continuity":{"canon":"","legends":"YES","unlicensed":""},"desc":"","placementCert":""}]]}},{"type":"Feature","geometry":{"type":"MultiLineString","coordinates":[[[775.581356,102.804334],[798.419643,101.643065],[852.722423,86.963554],[861.949595,89.126172]]]},"properties":{"ID":"018f6862-e831-720b-a9d7-b2e9b5e6588c","NAME":"Ques-Kegan unnamed route","ALT_NAMES":"","TYPE":"Hyperspace Route","PARENT_ID":"","PARENT_NAME":"","DATE_FROM":"","DATE_TO":"","CANON":"","LEGENDS":"YES","UNLICENSED":"","LEVEL":"3","ZOOM_LEVEL":"","CONJECTURAL_NAME":"YES","URLS":"","DESC":"","color":"","weight":"","opacity":"","smoothFactor":"","SECTIONS_PROPERTIES":[[{"text":"Ques system","coords":[775.581356,102.804334]},{"text":"Yoribuunt system","coords":[798.419643,101.643065],"averageTravelTime":"","continuity":{"canon":"","legends":"YES","unlicensed":""},"desc":"","placementCert":""},{"text":"Delacrix system","coords":[852.722423,86.963554],"averageTravelTime":"","continuity":{"canon":"","legends":"YES","unlicensed":""},"desc":"","placementCert":""},{"text":"Kegan system","coords":[861.949595,89.126172],"averageTravelTime":"","continuity":{"canon":"","legends":"YES","unlicensed":""},"desc":"","placementCert":""}]]}},{"type":"Feature","geometry":{"type":"MultiLineString","coordinates":[[[774.409987,121.03109],[800.8125,133.6875]]]},"properties":{"ID":"018f6862-e831-79cc-9fc0-5b5379c20249","NAME":"Nwarcol Point-Triellus trade route unnamed route","ALT_NAMES":"","TYPE":"Hyperspace Route","PARENT_ID":"","PARENT_NAME":"","DATE_FROM":"","DATE_TO":"","CANON":"","LEGENDS":"YES","UNLICENSED":"","LEVEL":"2","ZOOM_LEVEL":"","CONJECTURAL_NAME":"YES","URLS":"","DESC":"","color":"","weight":"","opacity":"","smoothFactor":"","SECTIONS_PROPERTIES":[[{"text":"Nwarcol system","coords":[774.409987,121.03109]},{"text":"Nwarcol Point-Triellus trade route unnamed route junction","coords":[800.8125,133.6875],"averageTravelTime":"","continuity":{"canon":"","legends":"YES","unlicensed":""},"desc":"","placementCert":""}]]}},{"type":"Feature","geometry":{"type":"MultiLineString","coordinates":[[[770.566182,117.648542],[773.333722,118.263551]]]},"properties":{"ID":"018f6862-e831-7bb4-b95b-f55827d0f505","NAME":"Ka'Dedus-Verde unnamed route","ALT_NAMES":"","TYPE":"Hyperspace Route","PARENT_ID":"","PARENT_NAME":"","DATE_FROM":"","DATE_TO":"","CANON":"","LEGENDS":"YES","UNLICENSED":"","LEVEL":"3","ZOOM_LEVEL":"","CONJECTURAL_NAME":"YES","URLS":"","DESC":"","color":"","weight":"","opacity":"","smoothFactor":"","SECTIONS_PROPERTIES":[[{"text":"Ka'Dedus system","coords":[770.566182,117.648542]},{"text":"Verde system","coords":[773.333722,118.263551],"averageTravelTime":"0:5:0:0","continuity":{"canon":"","legends":"YES","unlicensed":""},"desc":"","placementCert":""}]]}},{"type":"Feature","geometry":{"type":"MultiLineString","coordinates":[[[515.856074,-614.456715],[525.092817,-597.482303],[578.3893,-533.746547]]]},"properties":{"ID":"018f6862-e831-7fcf-bd0b-3551961f1828","NAME":"Mon Gazza-Leritor unnamed route","ALT_NAMES":"","TYPE":"Hyperspace Route","PARENT_ID":"","PARENT_NAME":"","DATE_FROM":"","DATE_TO":"","CANON":"","LEGENDS":"YES","UNLICENSED":"","LEVEL":"3","ZOOM_LEVEL":"","CONJECTURAL_NAME":"YES","URLS":"","DESC":"","color":"","weight":"","opacity":"","smoothFactor":"","SECTIONS_PROPERTIES":[[{"text":"Mon Gazza system","coords":[515.856074,-614.456715]},{"text":"Ando system","coords":[525.092817,-597.482303],"averageTravelTime":"","continuity":{"canon":"","legends":"YES","unlicensed":""},"desc":"","placementCert":""},{"text":"Leritor system","coords":[578.3893,-533.746547],"averageTravelTime":"","continuity":{"canon":"","legends":"YES","unlicensed":""},"desc":"","placementCert":""}]]}},{"type":"Feature","geometry":{"type":"MultiLineString","coordinates":[[[741.381652,-57.172877],[738.396968,-69.769256],[747.076575,-80.538798],[748.169268,-71.005991]],[[747.076575,-80.538798],[755.102219,-73.90728]],[[747.076575,-80.538798],[759.010506,-83.980702]],[[747.076575,-80.538798],[748.46016,-96.184294],[739.082867,-111.30518],[745.236716,-125.546944],[751.566389,-112.418733],[758.482142,-117.283204],[752.504118,-124.960863],[749.515106,-137.91325]],[[758.482142,-117.283204],[765.464801,-109.533409],[770.300294,-105.058005],[777.7593,-112.877101]],[[770.300294,-105.058005],[776.524706,-101.765754],[780.488406,-96.526293],[786.915873,-96.467288],[805.040869,-77.047377]],[[765.464801,-109.533409],[771.380564,-118.021243],[772.30651,-128.618175],[779.49654,-134.413261]],[[772.30651,-128.618175],[773.995675,-138.562219]],[[771.380564,-118.021243],[777.7593,-122.908178],[786.607224,-116.940973]]]},"properties":{"ID":"018f6862-e831-7c60-9785-1a57675becce","NAME":"Bootana Hutta unnamed mesh route","ALT_NAMES":"","TYPE":"Hyperspace Route","PARENT_ID":"","PARENT_NAME":"","DATE_FROM":"","DATE_TO":"","CANON":"","LEGENDS":"YES","UNLICENSED":"","LEVEL":"3","ZOOM_LEVEL":"","CONJECTURAL_NAME":"YES","URLS":"","DESC":"","color":"","weight":"","opacity":"","smoothFactor":"","SECTIONS_PROPERTIES":[[{"text":"Kor Nasirii system","coords":[741.381652,-57.172877]},{"text":"Kor Vosadii system","coords":[738.396968,-69.769256],"averageTravelTime":"","continuity":{"canon":"","legends":"YES","unlicensed":""},"desc":"","placementCert":""},{"text":"Kor Hestilic system","coords":[747.076575,-80.538798],"averageTravelTime":"","continuity":{"canon":"","legends":"YES","unlicensed":""},"desc":"","placementCert":""},{"text":"Kor Besadii system","coords":[748.169268,-71.005991],"averageTravelTime":"","continuity":{"canon":"","legends":"YES","unlicensed":""},"desc":"","placementCert":""}],[{"text":"Kor Hestilic system","coords":[747.076575,-80.538798]},{"text":"Kor Nijiladii system","coords":[755.102219,-73.90728],"averageTravelTime":"","continuity":{"canon":"","legends":"YES","unlicensed":""},"desc":"","placementCert":""}],[{"text":"Kor Hestilic system","coords":[747.076575,-80.538798]},{"text":"Mulatan system","coords":[759.010506,-83.980702],"averageTravelTime":"","continuity":{"canon":"","legends":"YES","unlicensed":""},"desc":"","placementCert":""}],[{"text":"Kor Hestilic system","coords":[747.076575,-80.538798]},{"text":"Nar Chunna system","coords":[748.46016,-96.184294],"averageTravelTime":"","continuity":{"canon":"","legends":"YES","unlicensed":""},"desc":"","placementCert":""},{"text":"Kor Utoradii system","coords":[739.082867,-111.30518],"averageTravelTime":"","continuity":{"canon":"","legends":"YES","unlicensed":""},"desc":"","placementCert":""},{"text":"Kor Hunamma system","coords":[745.236716,-125.546944],"averageTravelTime":"","continuity":{"canon":"","legends":"YES","unlicensed":""},"desc":"","placementCert":""},{"text":"Kor Usilic system","coords":[751.566389,-112.418733],"averageTravelTime":"","continuity":{"canon":"","legends":"YES","unlicensed":""},"desc":"","placementCert":""},{"text":"Gos Hutta system","coords":[758.482142,-117.283204],"averageTravelTime":"","continuity":{"canon":"","legends":"YES","unlicensed":""},"desc":"","placementCert":""},{"text":"Kor Oktanivii system","coords":[752.504118,-124.960863],"averageTravelTime":"","continuity":{"canon":"","legends":"YES","unlicensed":""},"desc":"","placementCert":""},{"text":"Pybus system","coords":[749.515106,-137.91325],"averageTravelTime":"","continuity":{"canon":"","legends":"YES","unlicensed":""},"desc":"","placementCert":""}],[{"text":"Gos Hutta system","coords":[758.482142,-117.283204]},{"text":"Kor Desilijic system","coords":[765.464801,-109.533409],"averageTravelTime":"","continuity":{"canon":"","legends":"YES","unlicensed":""},"desc":"","placementCert":""},{"text":"Huloon system","coords":[770.300294,-105.058005],"averageTravelTime":"","continuity":{"canon":"","legends":"YES","unlicensed":""},"desc":"","placementCert":""},{"text":"Kor Jiramma system","coords":[777.7593,-112.877101],"averageTravelTime":"","continuity":{"canon":"","legends":"YES","unlicensed":""},"desc":"","placementCert":""}],[{"text":"Huloon system","coords":[770.300294,-105.058005]},{"text":"Kor Anjiliac system","coords":[776.524706,-101.765754],"averageTravelTime":"","continuity":{"canon":"","legends":"YES","unlicensed":""},"desc":"","placementCert":""},{"text":"Langoona system","coords":[780.488406,-96.526293],"averageTravelTime":"","continuity":{"canon":"","legends":"YES","unlicensed":""},"desc":"","placementCert":""},{"text":"Bootana Shagplan system","coords":[786.915873,-96.467288],"averageTravelTime":"","continuity":{"canon":"","legends":"YES","unlicensed":""},"desc":"","placementCert":""},{"text":"Elgit system","coords":[805.040869,-77.047377],"averageTravelTime":"","continuity":{"canon":"","legends":"YES","unlicensed":""},"desc":"","placementCert":""}],[{"text":"Kor Desilijic system","coords":[765.464801,-109.533409]},{"text":"Groth system","coords":[771.380564,-118.021243],"averageTravelTime":"","continuity":{"canon":"","legends":"YES","unlicensed":""},"desc":"","placementCert":""},{"text":"Saki system","coords":[772.30651,-128.618175],"averageTravelTime":"","continuity":{"canon":"","legends":"YES","unlicensed":""},"desc":"","placementCert":""},{"text":"Sakidopa system","coords":[779.49654,-134.413261],"averageTravelTime":"","continuity":{"canon":"","legends":"YES","unlicensed":""},"desc":"","placementCert":""}],[{"text":"Saki system","coords":[772.30651,-128.618175]},{"text":"Sakiduba system","coords":[773.995675,-138.562219],"averageTravelTime":"","continuity":{"canon":"","legends":"YES","unlicensed":""},"desc":"","placementCert":""}],[{"text":"Groth system","coords":[771.380564,-118.021243]},{"text":"Kor Gejalli system","coords":[777.7593,-122.908178],"averageTravelTime":"","continuity":{"canon":"","legends":"YES","unlicensed":""},"desc":"","placementCert":""},{"text":"Kor Trinivii system","coords":[786.607224,-116.940973],"averageTravelTime":"","continuity":{"canon":"","legends":"YES","unlicensed":""},"desc":"","placementCert":""}]]}},{"type":"Feature","geometry":{"type":"MultiLineString","coordinates":[[[803.268257,-118.084477],[790.092712,-143.576448]]]},"properties":{"ID":"018f6862-e831-722f-ac15-acfdab78de58","NAME":"Sakifwanna-Cyax unnamed route","ALT_NAMES":"","TYPE":"Hyperspace Route","PARENT_ID":"","PARENT_NAME":"","DATE_FROM":"","DATE_TO":"","CANON":"","LEGENDS":"YES","UNLICENSED":"","LEVEL":"4","ZOOM_LEVEL":"","CONJECTURAL_NAME":"YES","URLS":"","DESC":"","color":"","weight":"","opacity":"","smoothFactor":"","SECTIONS_PROPERTIES":[[{"text":"Sakifwanna system","coords":[803.268257,-118.084477]},{"text":"Cyax system","coords":[790.092712,-143.576448],"averageTravelTime":"","continuity":{"canon":"","legends":"YES","unlicensed":""},"desc":"","placementCert":""}]]}},{"type":"Feature","geometry":{"type":"MultiLineString","coordinates":[[[850.049702,-136.026975],[880.672998,-149.08691],[893.863717,-139.698597]]]},"properties":{"ID":"018f6862-e831-7f86-9a55-be656195dc3d","NAME":"Saqqar-Droxu unnamed route","ALT_NAMES":"","TYPE":"Hyperspace Route","PARENT_ID":"","PARENT_NAME":"","DATE_FROM":"","DATE_TO":"","CANON":"","LEGENDS":"YES","UNLICENSED":"","LEVEL":"3","ZOOM_LEVEL":"","CONJECTURAL_NAME":"YES","URLS":"","DESC":"","color":"","weight":"","opacity":"","smoothFactor":"","SECTIONS_PROPERTIES":[[{"text":"Saqqar system","coords":[850.049702,-136.026975]},{"text":"Nar Haaska system","coords":[880.672998,-149.08691],"averageTravelTime":"","continuity":{"canon":"","legends":"YES","unlicensed":""},"desc":"","placementCert":""},{"text":"Cignet system","coords":[893.863717,-139.698597],"averageTravelTime":"","continuity":{"canon":"","legends":"YES","unlicensed":""},"desc":"","placementCert":""}]]}},{"type":"Feature","geometry":{"type":"MultiLineString","coordinates":[[[840.509903,-339.54426],[831.283226,-251.21431]]]},"properties":{"ID":"018f6862-e831-76d1-825e-167dd9a9395e","NAME":"Unagin-Riileb unnamed route","ALT_NAMES":"","TYPE":"Hyperspace Route","PARENT_ID":"","PARENT_NAME":"","DATE_FROM":"","DATE_TO":"","CANON":"","LEGENDS":"YES","UNLICENSED":"","LEVEL":"3","ZOOM_LEVEL":"","CONJECTURAL_NAME":"YES","URLS":"","DESC":"","color":"","weight":"","opacity":"","smoothFactor":"","SECTIONS_PROPERTIES":[[{"text":"Unagin system","coords":[840.509903,-339.54426]},{"text":"Riileb system","coords":[831.283226,-251.21431],"averageTravelTime":"","continuity":{"canon":"","legends":"YES","unlicensed":""},"desc":"","placementCert":""}]]}},{"type":"Feature","geometry":{"type":"MultiLineString","coordinates":[[[9.5625,-796.9375],[5.4375,-796.9375],[3.125,-795.625]],[[5.4375,-796.9375],[3.8125,-799]]]},"properties":{"ID":"018f6862-e831-773e-90d9-14321e0c5891","NAME":"West Juvex unnamed route","ALT_NAMES":"","TYPE":"Hyperspace Route","PARENT_ID":"","PARENT_NAME":"","DATE_FROM":"","DATE_TO":"","CANON":"","LEGENDS":"YES","UNLICENSED":"","LEVEL":"3","ZOOM_LEVEL":"","CONJECTURAL_NAME":"YES","URLS":"","DESC":"","color":"","weight":"","opacity":"","smoothFactor":"","SECTIONS_PROPERTIES":[[{"text":"Malador system","coords":[9.5625,-796.9375]},{"text":"Carsanza system","coords":[5.4375,-796.9375],"averageTravelTime":"","continuity":{"canon":"","legends":"YES","unlicensed":""},"desc":"","placementCert":""},{"text":"Valorsi system","coords":[3.125,-795.625],"averageTravelTime":"","continuity":{"canon":"","legends":"YES","unlicensed":""},"desc":"","placementCert":""}],[{"text":"Carsanza system","coords":[5.4375,-796.9375]},{"text":"Zyluria system","coords":[3.8125,-799],"averageTravelTime":"","continuity":{"canon":"","legends":"YES","unlicensed":""},"desc":"","placementCert":""}]]}},{"type":"Feature","geometry":{"type":"MultiLineString","coordinates":[[[5.3125,-805.3125],[1.1875,-807],[-1.0625,-804.4375],[-1.3125,-800.375]],[[-1.0625,-804.4375],[-1.4375,-806.4375],[-2.3125,-809.4375]]]},"properties":{"ID":"018f6862-e831-7f1d-b19f-2700347cdccd","NAME":"South-West Juvex unnamed route","ALT_NAMES":"","TYPE":"Hyperspace Route","PARENT_ID":"","PARENT_NAME":"","DATE_FROM":"","DATE_TO":"","CANON":"","LEGENDS":"YES","UNLICENSED":"","LEVEL":"3","ZOOM_LEVEL":"","CONJECTURAL_NAME":"YES","URLS":"","DESC":"","color":"","weight":"","opacity":"","smoothFactor":"","SECTIONS_PROPERTIES":[[{"text":"Pirralor system","coords":[5.3125,-805.3125]},{"text":"K'ath system","coords":[1.1875,-807],"averageTravelTime":"","continuity":{"canon":"","legends":"YES","unlicensed":""},"desc":"","placementCert":""},{"text":"Talhovi system","coords":[-1.0625,-804.4375],"averageTravelTime":"","continuity":{"canon":"","legends":"YES","unlicensed":""},"desc":"","placementCert":""},{"text":"Little Talhovi system","coords":[-1.3125,-800.375],"averageTravelTime":"","continuity":{"canon":"","legends":"YES","unlicensed":""},"desc":"","placementCert":""}],[{"text":"Talhovi system","coords":[-1.0625,-804.4375]},{"text":"Thull's Vault system","coords":[-1.4375,-806.4375],"averageTravelTime":"","continuity":{"canon":"","legends":"YES","unlicensed":""},"desc":"","placementCert":""},{"text":"Arporatal-Lanin system","coords":[-2.3125,-809.4375],"averageTravelTime":"","continuity":{"canon":"","legends":"YES","unlicensed":""},"desc":"","placementCert":""}]]}},{"type":"Feature","geometry":{"type":"MultiLineString","coordinates":[[[25.5,-779.25],[23.75,-782.625]]]},"properties":{"ID":"018f6862-e831-7eef-8c4e-7e343800a9de","NAME":"Cyimarra-Skärtis unnamed route","ALT_NAMES":"","TYPE":"Hyperspace Route","PARENT_ID":"","PARENT_NAME":"","DATE_FROM":"","DATE_TO":"","CANON":"","LEGENDS":"YES","UNLICENSED":"","LEVEL":"3","ZOOM_LEVEL":"","CONJECTURAL_NAME":"YES","URLS":"","DESC":"","color":"","weight":"","opacity":"","smoothFactor":"","SECTIONS_PROPERTIES":[[{"text":"Cyimarra system","coords":[25.5,-779.25]},{"text":"Skärtis system","coords":[23.75,-782.625],"averageTravelTime":"","continuity":{"canon":"","legends":"YES","unlicensed":""},"desc":"","placementCert":""}]]}},{"type":"Feature","geometry":{"type":"MultiLineString","coordinates":[[[44.1875,-788.6875],[41.75,-790],[39.5625,-794.875]],[[41.75,-790],[35.6875,-790.875],[32.1875,-789.5625],[27.3125,-789.1875],[25.3125,-786.6875]],[[27.3125,-789.1875],[24.1875,-790.5]],[[27.3125,-789.1875],[28.625,-792.25]]]},"properties":{"ID":"018f6862-e831-7ce9-8f60-fb732e5018ac","NAME":"Senex Cross unnamed route","ALT_NAMES":"","TYPE":"Hyperspace Route","PARENT_ID":"","PARENT_NAME":"","DATE_FROM":"","DATE_TO":"","CANON":"","LEGENDS":"YES","UNLICENSED":"","LEVEL":"3","ZOOM_LEVEL":"","CONJECTURAL_NAME":"YES","URLS":"","DESC":"","color":"","weight":"","opacity":"","smoothFactor":"","SECTIONS_PROPERTIES":[[{"text":"Senex system","coords":[44.1875,-788.6875]},{"text":"Knores system","coords":[41.75,-790],"averageTravelTime":"","continuity":{"canon":"","legends":"YES","unlicensed":""},"desc":"","placementCert":""},{"text":"Nars system","coords":[39.5625,-794.875],"averageTravelTime":"","continuity":{"canon":"","legends":"YES","unlicensed":""},"desc":"","placementCert":""}],[{"text":"Knores system","coords":[41.75,-790]},{"text":"Adoris system","coords":[35.6875,-790.875],"averageTravelTime":"","continuity":{"canon":"","legends":"YES","unlicensed":""},"desc":"","placementCert":""},{"text":"Caltinia system","coords":[32.1875,-789.5625],"averageTravelTime":"","continuity":{"canon":"","legends":"YES","unlicensed":""},"desc":"","placementCert":""},{"text":"Rulaar system","coords":[27.3125,-789.1875],"averageTravelTime":"","continuity":{"canon":"","legends":"YES","unlicensed":""},"desc":"","placementCert":""},{"text":"Paramatan system","coords":[25.3125,-786.6875],"averageTravelTime":"","continuity":{"canon":"","legends":"YES","unlicensed":""},"desc":"","placementCert":""}],[{"text":"Rulaar system","coords":[27.3125,-789.1875]},{"text":"Nantama system","coords":[24.1875,-790.5],"averageTravelTime":"","continuity":{"canon":"","legends":"YES","unlicensed":""},"desc":"","placementCert":""}],[{"text":"Rulaar system","coords":[27.3125,-789.1875]},{"text":"Aquella system","coords":[28.625,-792.25],"averageTravelTime":"","continuity":{"canon":"","legends":"YES","unlicensed":""},"desc":"","placementCert":""}]]}},{"type":"Feature","geometry":{"type":"MultiLineString","coordinates":[[[43.6875,-794.625],[47.125,-795.75],[49.1875,-795.375],[54.375,-796.125]],[[47.125,-795.75],[47.4375,-800.125],[47.125,-804.3125],[44.875,-806.5625]],[[47.125,-804.3125],[48.6875,-808.5]]]},"properties":{"ID":"018f6862-e831-76d7-8fed-8038dc015f22","NAME":"East Senex unnamed route","ALT_NAMES":"","TYPE":"Hyperspace Route","PARENT_ID":"","PARENT_NAME":"","DATE_FROM":"","DATE_TO":"","CANON":"","LEGENDS":"YES","UNLICENSED":"","LEVEL":"3","ZOOM_LEVEL":"","CONJECTURAL_NAME":"YES","URLS":"","DESC":"","color":"","weight":"","opacity":"","smoothFactor":"","SECTIONS_PROPERTIES":[[{"text":"Neelanon system","coords":[43.6875,-794.625]},{"text":"Crovna system","coords":[47.125,-795.75],"averageTravelTime":"","continuity":{"canon":"","legends":"YES","unlicensed":""},"desc":"","placementCert":""},{"text":"Asmeru system","coords":[49.1875,-795.375],"averageTravelTime":"","continuity":{"canon":"","legends":"YES","unlicensed":""},"desc":"","placementCert":""},{"text":"East Senex unnamed route end","coords":[54.375,-796.125],"averageTravelTime":"","continuity":{"canon":"","legends":"YES","unlicensed":""},"desc":"","placementCert":""}],[{"text":"Crovna system","coords":[47.125,-795.75]},{"text":"Angratha system","coords":[47.4375,-800.125],"averageTravelTime":"","continuity":{"canon":"","legends":"YES","unlicensed":""},"desc":"","placementCert":""},{"text":"Hestria system","coords":[47.125,-804.3125],"averageTravelTime":"","continuity":{"canon":"","legends":"YES","unlicensed":""},"desc":"","placementCert":""},{"text":"Simoom system","coords":[44.875,-806.5625],"averageTravelTime":"","continuity":{"canon":"","legends":"YES","unlicensed":""},"desc":"","placementCert":""}],[{"text":"Hestria system","coords":[47.125,-804.3125]},{"text":"Kedorzha system","coords":[48.6875,-808.5],"averageTravelTime":"","continuity":{"canon":"","legends":"YES","unlicensed":""},"desc":"","placementCert":""}]]}},{"type":"Feature","geometry":{"type":"MultiLineString","coordinates":[[[36.5,-805.875],[37.9375,-809.25],[40.625,-808.4375],[42.5,-809.9375]]]},"properties":{"ID":"018f6862-e831-7554-8ff5-9ea382ecab56","NAME":"Atron-Hovan unnamed route","ALT_NAMES":"","TYPE":"Hyperspace Route","PARENT_ID":"","PARENT_NAME":"","DATE_FROM":"","DATE_TO":"","CANON":"","LEGENDS":"YES","UNLICENSED":"","LEVEL":"3","ZOOM_LEVEL":"","CONJECTURAL_NAME":"YES","URLS":"","DESC":"","color":"","weight":"","opacity":"","smoothFactor":"","SECTIONS_PROPERTIES":[[{"text":"Atron system","coords":[36.5,-805.875]},{"text":"Boro-borosa system","coords":[37.9375,-809.25],"averageTravelTime":"","continuity":{"canon":"","legends":"YES","unlicensed":""},"desc":"","placementCert":""},{"text":"Serat system","coords":[40.625,-808.4375],"averageTravelTime":"","continuity":{"canon":"","legends":"YES","unlicensed":""},"desc":"","placementCert":""},{"text":"Hovan system","coords":[42.5,-809.9375],"averageTravelTime":"","continuity":{"canon":"","legends":"YES","unlicensed":""},"desc":"","placementCert":""}]]}},{"type":"Feature","geometry":{"type":"MultiLineString","coordinates":[[[24.5625,-800.4375],[23.625,-803.75],[22.8125,-805.75],[21.875,-808.75],[20.125,-811.4375]],[[22.8125,-805.75],[24.375,-807.125],[27.375,-808.25],[28.6875,-808.3125],[32.125,-808.875],[34.0625,-809.5]],[[28.6875,-808.3125],[29.625,-805.25],[25.875,-803]],[[29.625,-805.25],[29.8125,-801.375]],[[29.625,-805.25],[34,-803.5625]],[[29.625,-805.25],[33.125,-805.875]],[[25.875,-803],[24.5625,-800.4375]],[[34,-803.5625],[35.1875,-802.5]],[[33.125,-805.875],[35.5,-807.5625]]]},"properties":{"ID":"018f6862-e831-7ceb-b1cc-921e97c7941a","NAME":"The Tangles unnamed route","ALT_NAMES":"","TYPE":"Hyperspace Route","PARENT_ID":"","PARENT_NAME":"","DATE_FROM":"","DATE_TO":"","CANON":"","LEGENDS":"YES","UNLICENSED":"","LEVEL":"3","ZOOM_LEVEL":"","CONJECTURAL_NAME":"YES","URLS":"","DESC":"","color":"","weight":"","opacity":"","smoothFactor":"","SECTIONS_PROPERTIES":[[{"text":"Kalgo system","coords":[24.5625,-800.4375]},{"text":"Doreen system","coords":[23.625,-803.75],"averageTravelTime":"","continuity":{"canon":"","legends":"YES","unlicensed":""},"desc":"","placementCert":""},{"text":"Usnia system","coords":[22.8125,-805.75],"averageTravelTime":"","continuity":{"canon":"","legends":"YES","unlicensed":""},"desc":"","placementCert":""},{"text":"Varadan system","coords":[21.875,-808.75],"averageTravelTime":"","continuity":{"canon":"","legends":"YES","unlicensed":""},"desc":"","placementCert":""},{"text":"Kamur system","coords":[20.125,-811.4375],"averageTravelTime":"","continuity":{"canon":"","legends":"YES","unlicensed":""},"desc":"","placementCert":""}],[{"text":"Usnia system","coords":[22.8125,-805.75]},{"text":"Tranthellix system","coords":[24.375,-807.125],"averageTravelTime":"","continuity":{"canon":"","legends":"YES","unlicensed":""},"desc":"","placementCert":""},{"text":"Osmani system","coords":[27.375,-808.25],"averageTravelTime":"","continuity":{"canon":"","legends":"YES","unlicensed":""},"desc":"","placementCert":""},{"text":"Shoon system","coords":[28.6875,-808.3125],"averageTravelTime":"","continuity":{"canon":"","legends":"YES","unlicensed":""},"desc":"","placementCert":""},{"text":"Antiquity system","coords":[32.125,-808.875],"averageTravelTime":"","continuity":{"canon":"","legends":"YES","unlicensed":""},"desc":"","placementCert":""},{"text":"Tekurr'k system","coords":[34.0625,-809.5],"averageTravelTime":"","continuity":{"canon":"","legends":"YES","unlicensed":""},"desc":"","placementCert":""}],[{"text":"Shoon system","coords":[28.6875,-808.3125]},{"text":"Suliana system","coords":[29.625,-805.25],"averageTravelTime":"","continuity":{"canon":"","legends":"YES","unlicensed":""},"desc":"","placementCert":""},{"text":"Bator Bai system","coords":[25.875,-803],"averageTravelTime":"","continuity":{"canon":"","legends":"YES","unlicensed":""},"desc":"","placementCert":""}],[{"text":"Suliana system","coords":[29.625,-805.25]},{"text":"Denebia system","coords":[29.8125,-801.375],"averageTravelTime":"","continuity":{"canon":"","legends":"YES","unlicensed":""},"desc":"","placementCert":""}],[{"text":"Suliana system","coords":[29.625,-805.25]},{"text":"Voorsbain system","coords":[34,-803.5625],"averageTravelTime":"","continuity":{"canon":"","legends":"YES","unlicensed":""},"desc":"","placementCert":""}],[{"text":"Suliana system","coords":[29.625,-805.25]},{"text":"Jalarren system","coords":[33.125,-805.875],"averageTravelTime":"","continuity":{"canon":"","legends":"YES","unlicensed":""},"desc":"","placementCert":""}],[{"text":"Bator Bai system","coords":[25.875,-803]},{"text":"Kalgo system","coords":[24.5625,-800.4375],"averageTravelTime":"","continuity":{"canon":"","legends":"YES","unlicensed":""},"desc":"","placementCert":""}],[{"text":"Voorsbain system","coords":[34,-803.5625]},{"text":"Anturus system","coords":[35.1875,-802.5],"averageTravelTime":"","continuity":{"canon":"","legends":"YES","unlicensed":""},"desc":"","placementCert":""}],[{"text":"Jalarren system","coords":[33.125,-805.875]},{"text":"Port Evokk system","coords":[35.5,-807.5625],"averageTravelTime":"","continuity":{"canon":"","legends":"YES","unlicensed":""},"desc":"","placementCert":""}]]}},{"type":"Feature","geometry":{"type":"MultiLineString","coordinates":[[[38.625,-813.9375],[42.875,-814.9375],[48.4375,-813.1875]],[[42.875,-814.9375],[47.1875,-818.0625]],[[48.4375,-813.1875],[54.5,-811.9375]]]},"properties":{"ID":"018f6862-e831-707b-94f9-2294a4f22588","NAME":"Belsavis-Ossel switch unnamed route","ALT_NAMES":"","TYPE":"Hyperspace Route","PARENT_ID":"","PARENT_NAME":"","DATE_FROM":"","DATE_TO":"","CANON":"","LEGENDS":"YES","UNLICENSED":"","LEVEL":"2","ZOOM_LEVEL":"","CONJECTURAL_NAME":"YES","URLS":"","DESC":"","color":"","weight":"","opacity":"","smoothFactor":"","SECTIONS_PROPERTIES":[[{"text":"Belsavis system","coords":[38.625,-813.9375]},{"text":"Ossel system","coords":[42.875,-814.9375],"averageTravelTime":"","continuity":{"canon":"","legends":"YES","unlicensed":""},"desc":"","placementCert":""},{"text":"Garnib system","coords":[48.4375,-813.1875],"averageTravelTime":"","continuity":{"canon":"","legends":"YES","unlicensed":""},"desc":"","placementCert":""}],[{"text":"Ossel system","coords":[42.875,-814.9375]},{"text":"Belsavis-Ossel switch unnamed route end 1","coords":[47.1875,-818.0625],"averageTravelTime":"","continuity":{"canon":"","legends":"YES","unlicensed":""},"desc":"","placementCert":""}],[{"text":"Garnib system","coords":[48.4375,-813.1875]},{"text":"Belsavis-Ossel switch unnamed route end 2","coords":[54.5,-811.9375],"averageTravelTime":"","continuity":{"canon":"","legends":"YES","unlicensed":""},"desc":"","placementCert":""}]]}},{"type":"Feature","geometry":{"type":"MultiLineString","coordinates":[[[7.5625,-771.0625],[0.5625,-774.5625]]]},"properties":{"ID":"018f6862-e831-7158-82b7-e26e3a134187","NAME":"Ogem-Tarsa unnamed route","ALT_NAMES":"","TYPE":"Hyperspace Route","PARENT_ID":"","PARENT_NAME":"","DATE_FROM":"","DATE_TO":"","CANON":"","LEGENDS":"YES","UNLICENSED":"","LEVEL":"3","ZOOM_LEVEL":"","CONJECTURAL_NAME":"YES","URLS":"","DESC":"","color":"","weight":"","opacity":"","smoothFactor":"","SECTIONS_PROPERTIES":[[{"text":"Ogem system","coords":[7.5625,-771.0625]},{"text":"Tarsa system","coords":[0.5625,-774.5625],"averageTravelTime":"","continuity":{"canon":"","legends":"YES","unlicensed":""},"desc":"","placementCert":""}]]}},{"type":"Feature","geometry":{"type":"MultiLineString","coordinates":[[[284.962663,-606.796378],[285.582828,-635.647176]]]},"properties":{"ID":"018f6862-e831-73dd-851d-48f43be1a8f4","NAME":"Roldana-Seltos unnamed route","ALT_NAMES":"","TYPE":"Hyperspace Route","PARENT_ID":"","PARENT_NAME":"","DATE_FROM":"","DATE_TO":"","CANON":"","LEGENDS":"YES","UNLICENSED":"","LEVEL":"2","ZOOM_LEVEL":"","CONJECTURAL_NAME":"YES","URLS":"","DESC":"","color":"","weight":"","opacity":"","smoothFactor":"","SECTIONS_PROPERTIES":[[{"text":"Roldalna system","coords":[284.962663,-606.796378]},{"text":"Seltos system","coords":[285.582828,-635.647176],"averageTravelTime":"2:3:0:0","continuity":{"canon":"","legends":"YES","unlicensed":""},"desc":"","placementCert":""}]]}},{"type":"Feature","geometry":{"type":"MultiLineString","coordinates":[[[318.887953,-566.484641],[635.442205,-627.330432]]]},"properties":{"ID":"018f6862-e831-7a55-b8f4-80d5bb165f25","NAME":"Brevost-Iskalon unnamed route","ALT_NAMES":"","TYPE":"Hyperspace Route","PARENT_ID":"","PARENT_NAME":"","DATE_FROM":"","DATE_TO":"","CANON":"","LEGENDS":"YES","UNLICENSED":"","LEVEL":"3","ZOOM_LEVEL":"","CONJECTURAL_NAME":"YES","URLS":"","DESC":"","color":"","weight":"","opacity":"","smoothFactor":"","SECTIONS_PROPERTIES":[[{"text":"Brevost system","coords":[318.887953,-566.484641]},{"text":"Iskalon system","coords":[635.442205,-627.330432],"averageTravelTime":"13:0:0:0","continuity":{"canon":"","legends":"YES","unlicensed":""},"desc":"","placementCert":""}]]}},{"type":"Feature","geometry":{"type":"MultiLineString","coordinates":[[[156.079,-997.669],[154.868,-997.426]]]},"properties":{"ID":"018f6862-e831-78d9-95da-8abf0cbd6353","NAME":"Derilyn-Berea unnamed route","ALT_NAMES":"","TYPE":"Hyperspace Route","PARENT_ID":"","PARENT_NAME":"","DATE_FROM":"","DATE_TO":"","CANON":"","LEGENDS":"YES","UNLICENSED":"","LEVEL":"4","ZOOM_LEVEL":"","CONJECTURAL_NAME":"YES","URLS":"","DESC":"","color":"","weight":"","opacity":"","smoothFactor":"","SECTIONS_PROPERTIES":[[{"text":"Derilyn system","coords":[156.079,-997.669]},{"text":"Berea system","coords":[154.868,-997.426],"averageTravelTime":"","continuity":{"canon":"","legends":"YES","unlicensed":""},"desc":"","placementCert":""}]]}},{"type":"Feature","geometry":{"type":"MultiLineString","coordinates":[[[156.079,-997.669],[155.025,-999.204]]]},"properties":{"ID":"018f6862-e831-7f83-8504-59ccdcf4690e","NAME":"Derilyn-Tifnyl unnamed route","ALT_NAMES":"","TYPE":"Hyperspace Route","PARENT_ID":"","PARENT_NAME":"","DATE_FROM":"","DATE_TO":"","CANON":"","LEGENDS":"YES","UNLICENSED":"","LEVEL":"4","ZOOM_LEVEL":"","CONJECTURAL_NAME":"YES","URLS":"","DESC":"","color":"","weight":"","opacity":"","smoothFactor":"","SECTIONS_PROPERTIES":[[{"text":"Derilyn system","coords":[156.079,-997.669]},{"text":"Tifnyl system","coords":[155.025,-999.204],"averageTravelTime":"","continuity":{"canon":"","legends":"YES","unlicensed":""},"desc":"","placementCert":""}]]}},{"type":"Feature","geometry":{"type":"MultiLineString","coordinates":[[[157.864,-998.73],[159.409,-998.463]]]},"properties":{"ID":"018f6862-e831-7161-b346-e145e91f2d21","NAME":"Torina-Almaran unnamed route","ALT_NAMES":"","TYPE":"Hyperspace Route","PARENT_ID":"","PARENT_NAME":"","DATE_FROM":"","DATE_TO":"","CANON":"","LEGENDS":"YES","UNLICENSED":"","LEVEL":"3","ZOOM_LEVEL":"","CONJECTURAL_NAME":"YES","URLS":"","DESC":"","color":"","weight":"","opacity":"","smoothFactor":"","SECTIONS_PROPERTIES":[[{"text":"Torina system","coords":[157.864,-998.73]},{"text":"Almaran system","coords":[159.409,-998.463],"averageTravelTime":"","continuity":{"canon":"","legends":"YES","unlicensed":""},"desc":"","placementCert":""}]]}},{"type":"Feature","geometry":{"type":"MultiLineString","coordinates":[[[156.251,-1000.78],[158.145,-999.876]],[[156.251,-1000.78],[158.301,-1000.61]],[[156.251,-1000.78],[157.942,-1001.117]],[[156.251,-1000.78],[157.258,-1001.841]]]},"properties":{"ID":"018f6862-e831-75d1-b2cd-556dffbae3de","NAME":"Lanthrym delta unnamed route","ALT_NAMES":"","TYPE":"Hyperspace Route","PARENT_ID":"","PARENT_NAME":"","DATE_FROM":"","DATE_TO":"","CANON":"","LEGENDS":"YES","UNLICENSED":"","LEVEL":"3","ZOOM_LEVEL":"","CONJECTURAL_NAME":"YES","URLS":"","DESC":"","color":"","weight":"","opacity":"","smoothFactor":"","SECTIONS_PROPERTIES":[[{"text":"Lanthrym system","coords":[156.251,-1000.78]},{"text":"Meris system","coords":[158.145,-999.876],"averageTravelTime":"","continuity":{"canon":"","legends":"YES","unlicensed":""},"desc":"","placementCert":""}],[{"text":"Lanthrym system","coords":[156.251,-1000.78]},{"text":"Korad system","coords":[158.301,-1000.61],"averageTravelTime":"","continuity":{"canon":"","legends":"YES","unlicensed":""},"desc":"","placementCert":""}],[{"text":"Lanthrym system","coords":[156.251,-1000.78]},{"text":"Coyn system","coords":[157.942,-1001.117],"averageTravelTime":"","continuity":{"canon":"","legends":"YES","unlicensed":""},"desc":"","placementCert":""}],[{"text":"Lanthrym system","coords":[156.251,-1000.78]},{"text":"Bodrin system","coords":[157.258,-1001.841],"averageTravelTime":"","continuity":{"canon":"","legends":"YES","unlicensed":""},"desc":"","placementCert":""}]]}},{"type":"Feature","geometry":{"type":"MultiLineString","coordinates":[[[156.633,-1003.605],[158.501,-1004.293],[159.064,-1005.011]]]},"properties":{"ID":"018f6862-e831-707e-8830-c2b56b15fbad","NAME":"Kidron-Osirrag unnamed route","ALT_NAMES":"","TYPE":"Hyperspace Route","PARENT_ID":"","PARENT_NAME":"","DATE_FROM":"","DATE_TO":"","CANON":"","LEGENDS":"YES","UNLICENSED":"","LEVEL":"3","ZOOM_LEVEL":"","CONJECTURAL_NAME":"YES","URLS":"","DESC":"","color":"","weight":"","opacity":"","smoothFactor":"","SECTIONS_PROPERTIES":[[{"text":"Kidron system","coords":[156.633,-1003.605]},{"text":"Dega system","coords":[158.501,-1004.293],"averageTravelTime":"","continuity":{"canon":"","legends":"YES","unlicensed":""},"desc":"","placementCert":""},{"text":"Osirrag system","coords":[159.064,-1005.011],"averageTravelTime":"","continuity":{"canon":"","legends":"YES","unlicensed":""},"desc":"","placementCert":""}]]}},{"type":"Feature","geometry":{"type":"MultiLineString","coordinates":[[[156.189755,-1005.03032],[154.407,-1005.456]]]},"properties":{"ID":"018f6862-e831-7c69-9e7a-e2873abffa11","NAME":"Elrood-Halbarra unnamed route","ALT_NAMES":"","TYPE":"Hyperspace Route","PARENT_ID":"","PARENT_NAME":"","DATE_FROM":"","DATE_TO":"","CANON":"","LEGENDS":"YES","UNLICENSED":"","LEVEL":"4","ZOOM_LEVEL":"","CONJECTURAL_NAME":"YES","URLS":"","DESC":"","color":"","weight":"","opacity":"","smoothFactor":"","SECTIONS_PROPERTIES":[[{"text":"Elrood system","coords":[156.189755,-1005.03032]},{"text":"Halbara system","coords":[154.407,-1005.456],"averageTravelTime":"","continuity":{"canon":"","legends":"YES","unlicensed":""},"desc":"","placementCert":""}]]}},{"type":"Feature","geometry":{"type":"MultiLineString","coordinates":[[[616.07848,518.580367],[618.81276,528.166919]]]},"properties":{"ID":"018f6862-e831-7259-a9ba-97316ca60ee2","NAME":"Ziost-Athiss unnamed route","ALT_NAMES":"","TYPE":"Hyperspace Route","PARENT_ID":"","PARENT_NAME":"","DATE_FROM":"","DATE_TO":"","CANON":"","LEGENDS":"YES","UNLICENSED":"","LEVEL":"3","ZOOM_LEVEL":"","CONJECTURAL_NAME":"YES","URLS":"","DESC":"","color":"","weight":"","opacity":"","smoothFactor":"","SECTIONS_PROPERTIES":[[{"text":"Ziost system","coords":[616.07848,518.580367]},{"text":"Loro Babis system","coords":[618.81276,528.166919],"averageTravelTime":"","continuity":{"canon":"","legends":"YES","unlicensed":""},"desc":"","placementCert":""}]]}},{"type":"Feature","geometry":{"type":"MultiLineString","coordinates":[[[165.15625,-1131.8125],[166.710075,-1129.2805]]]},"properties":{"ID":"018f6862-e831-7c70-98dc-5464361af5c9","NAME":"Brolsam-Trition Trade Route","ALT_NAMES":"","TYPE":"Hyperspace Route","PARENT_ID":"","PARENT_NAME":"","DATE_FROM":"","DATE_TO":"","CANON":"","LEGENDS":"YES","UNLICENSED":"","LEVEL":"2","ZOOM_LEVEL":"","CONJECTURAL_NAME":"YES","URLS":"","DESC":"","color":"","weight":"","opacity":"","smoothFactor":"","SECTIONS_PROPERTIES":[[{"text":"Brolsam system","coords":[165.15625,-1131.8125]},{"text":"Brolsam-Trition Trade Route junction","coords":[166.710075,-1129.2805],"averageTravelTime":"1:6:0:0","continuity":{"canon":"","legends":"YES","unlicensed":""},"desc":"","placementCert":""}]]}},{"type":"Feature","geometry":{"type":"MultiLineString","coordinates":[[[165.15625,-1131.8125],[168.9375,-1134.46875],[172.15625,-1135.03125]],[[168.9375,-1134.46875],[170.6875,-1131.75],[172.3125,-1128.65625]],[[170.6875,-1131.75],[172.84375,-1132.15625]],[[172.3125,-1128.65625],[168.469,-1130.697]],[[172.15625,-1135.03125],[172.84375,-1132.15625]],[[172.15625,-1135.03125],[174.40625,-1135.5],[173.3125,-1137.46875]],[[174.6875,-1138.25],[176.375,-1139.0625]],[[175.15625,-1139.875],[176.375,-1139.0625]],[[175.15625,-1139.875],[174.625,-1142.3125],[177.125,-1142.75]]]},"properties":{"ID":"018f6862-e831-7ce9-942e-6e122bd4d4a9","NAME":"Kathol sector unnamed mesh route","ALT_NAMES":"","TYPE":"Hyperspace Route","PARENT_ID":"","PARENT_NAME":"","DATE_FROM":"","DATE_TO":"","CANON":"","LEGENDS":"YES","UNLICENSED":"","LEVEL":"3","ZOOM_LEVEL":"","CONJECTURAL_NAME":"YES","URLS":"","DESC":"","color":"","weight":"","opacity":"","smoothFactor":"","SECTIONS_PROPERTIES":[[{"text":"Brolsam system","coords":[165.15625,-1131.8125]},{"text":"Aaris system","coords":[168.9375,-1134.46875],"averageTravelTime":"3:9:0:0","continuity":{"canon":"","legends":"YES","unlicensed":""},"desc":"","placementCert":""},{"text":"Charis system","coords":[172.15625,-1135.03125],"averageTravelTime":"1:3:0:0","continuity":{"canon":"","legends":"YES","unlicensed":""},"desc":"","placementCert":""}],[{"text":"Aaris system","coords":[168.9375,-1134.46875]},{"text":"Kolatill system","coords":[170.6875,-1131.75],"averageTravelTime":"0:16:0:0","continuity":{"canon":"","legends":"YES","unlicensed":""},"desc":"","placementCert":""},{"text":"Oon Tien system","coords":[172.3125,-1128.65625],"averageTravelTime":"0:19:0:0","continuity":{"canon":"","legends":"YES","unlicensed":""},"desc":"","placementCert":""}],[{"text":"Kolatill system","coords":[170.6875,-1131.75]},{"text":"Corjain system","coords":[172.84375,-1132.15625],"averageTravelTime":"0:5:0:0","continuity":{"canon":"","legends":"YES","unlicensed":""},"desc":"","placementCert":""}],[{"text":"Oon Tien system","coords":[172.3125,-1128.65625]},{"text":"Torize system","coords":[168.469,-1130.697],"averageTravelTime":"0:14:0:0","continuity":{"canon":"","legends":"YES","unlicensed":""},"desc":"","placementCert":""}],[{"text":"Charis system","coords":[172.15625,-1135.03125]},{"text":"Corjain system","coords":[172.84375,-1132.15625],"averageTravelTime":"0:14:0:0","continuity":{"canon":"","legends":"YES","unlicensed":""},"desc":"","placementCert":""}],[{"text":"Charis system","coords":[172.15625,-1135.03125]},{"text":"Mairne system","coords":[174.40625,-1135.5],"averageTravelTime":"0:12:0:0","continuity":{"canon":"","legends":"YES","unlicensed":""},"desc":"","placementCert":""},{"text":"Ott system","coords":[173.3125,-1137.46875],"averageTravelTime":"0:8:0:0","continuity":{"canon":"","legends":"YES","unlicensed":""},"desc":"","placementCert":""}],[{"text":"Peirs system","coords":[174.6875,-1138.25]},{"text":"Ivatch system","coords":[176.375,-1139.0625],"averageTravelTime":"1:6:0:0","continuity":{"canon":"","legends":"YES","unlicensed":""},"desc":"","placementCert":""}],[{"text":"Shintel system","coords":[175.15625,-1139.875]},{"text":"Ivatch system","coords":[176.375,-1139.0625],"averageTravelTime":"0:8:0:0","continuity":{"canon":"","legends":"YES","unlicensed":""},"desc":"","placementCert":""}],[{"text":"Shintel system","coords":[175.15625,-1139.875]},{"text":"Tanquilla Beach","coords":[174.625,-1142.3125],"averageTravelTime":"1:0:0:0","continuity":{"canon":"","legends":"YES","unlicensed":""},"desc":"","placementCert":""},{"text":"Pembric system","coords":[177.125,-1142.75],"averageTravelTime":"0:19:0:0","continuity":{"canon":"","legends":"YES","unlicensed":""},"desc":"","placementCert":""}]]}},{"type":"Feature","geometry":{"type":"MultiLineString","coordinates":[[[180.96875,-1143.625],[182.21875,-1140.34375]]]},"properties":{"ID":"018f6862-e831-7a43-a9f7-79bf44189801","NAME":"The Marcol Void unnamed mesh route","ALT_NAMES":"","TYPE":"Hyperspace Route","PARENT_ID":"","PARENT_NAME":"","DATE_FROM":"","DATE_TO":"","CANON":"","LEGENDS":"YES","UNLICENSED":"","LEVEL":"3","ZOOM_LEVEL":"","CONJECTURAL_NAME":"YES","URLS":"","DESC":"","color":"","weight":"","opacity":"","smoothFactor":"","SECTIONS_PROPERTIES":[[{"text":"Galtea system","coords":[180.96875,-1143.625]},{"text":"Sebiris system","coords":[182.21875,-1140.34375],"averageTravelTime":"1:3:0:0","continuity":{"canon":"","legends":"YES","unlicensed":""},"desc":"","placementCert":""}]]}},{"type":"Feature","geometry":{"type":"MultiLineString","coordinates":[[[213.25,-1136.03125],[211.625,-1132.78125]],[[213.25,-1136.03125],[213.78125,-1132.6875]],[[213.25,-1136.03125],[215.09375,-1137.75]],[[215.4375,-1134.625],[213.78125,-1132.6875]],[[215.4375,-1134.625],[215.5625,-1131]],[[211.625,-1132.78125],[213.78125,-1132.6875]],[[211.625,-1132.78125],[212.71875,-1129.34375]],[[213.78125,-1132.6875],[215.5625,-1131]],[[212.71875,-1129.34375],[214.21875,-1128.40625],[215.28125,-1126.5]],[[214.21875,-1128.40625],[215.5625,-1131]],[[217.96875,-1129.59375],[215.5625,-1131]],[[217.96875,-1129.59375],[215.28125,-1126.5]]]},"properties":{"ID":"018f6862-e831-7810-866c-3ffca37aaba0","NAME":"Kathol Republic unnamed mesh route","ALT_NAMES":"","TYPE":"Hyperspace Route","PARENT_ID":"","PARENT_NAME":"","DATE_FROM":"","DATE_TO":"","CANON":"","LEGENDS":"YES","UNLICENSED":"","LEVEL":"3","ZOOM_LEVEL":"","CONJECTURAL_NAME":"YES","URLS":"","DESC":"","color":"","weight":"","opacity":"","smoothFactor":"","SECTIONS_PROPERTIES":[[{"text":"Episol system / Dayark system","coords":[213.25,-1136.03125]},{"text":"Nameless Kathol Outback sector system 1","coords":[211.625,-1132.78125],"averageTravelTime":"","continuity":{"canon":"","legends":"YES","unlicensed":""},"desc":"","placementCert":""}],[{"text":"Episol system / Dayark system","coords":[213.25,-1136.03125]},{"text":"Nameless Kathol Outback sector system 7","coords":[213.78125,-1132.6875],"averageTravelTime":"","continuity":{"canon":"","legends":"YES","unlicensed":""},"desc":"","placementCert":""}],[{"text":"Episol system / Dayark system","coords":[213.25,-1136.03125]},{"text":"Nameless Kathol Outback sector system 8","coords":[215.09375,-1137.75],"averageTravelTime":"2:3:0:0","continuity":{"canon":"","legends":"YES","unlicensed":""},"desc":"","placementCert":""}],[{"text":"Pitann system","coords":[215.4375,-1134.625]},{"text":"Nameless Kathol Outback sector system 7","coords":[213.78125,-1132.6875],"averageTravelTime":"","continuity":{"canon":"","legends":"YES","unlicensed":""},"desc":"","placementCert":""}],[{"text":"Pitann system","coords":[215.4375,-1134.625]},{"text":"Nameless Kathol Outback sector system 6","coords":[215.5625,-1131],"averageTravelTime":"","continuity":{"canon":"","legends":"YES","unlicensed":""},"desc":"","placementCert":""}],[{"text":"Nameless Kathol Outback sector system 1","coords":[211.625,-1132.78125]},{"text":"Nameless Kathol Outback sector system 7","coords":[213.78125,-1132.6875],"averageTravelTime":"","continuity":{"canon":"","legends":"YES","unlicensed":""},"desc":"","placementCert":""}],[{"text":"Nameless Kathol Outback sector system 1","coords":[211.625,-1132.78125]},{"text":"Nameless Kathol Outback sector system 2","coords":[212.71875,-1129.34375],"averageTravelTime":"","continuity":{"canon":"","legends":"YES","unlicensed":""},"desc":"","placementCert":""}],[{"text":"Nameless Kathol Outback sector system 7","coords":[213.78125,-1132.6875]},{"text":"Nameless Kathol Outback sector system 6","coords":[215.5625,-1131],"averageTravelTime":"","continuity":{"canon":"","legends":"YES","unlicensed":""},"desc":"","placementCert":""}],[{"text":"Nameless Kathol Outback sector system 2","coords":[212.71875,-1129.34375]},{"text":"Nameless Kathol Outback sector system 3","coords":[214.21875,-1128.40625],"averageTravelTime":"","continuity":{"canon":"","legends":"YES","unlicensed":""},"desc":"","placementCert":""},{"text":"Nameless Kathol Outback sector system 4","coords":[215.28125,-1126.5],"averageTravelTime":"","continuity":{"canon":"","legends":"YES","unlicensed":""},"desc":"","placementCert":""}],[{"text":"Nameless Kathol Outback sector system 3","coords":[214.21875,-1128.40625]},{"text":"Nameless Kathol Outback sector system 6","coords":[215.5625,-1131],"averageTravelTime":"","continuity":{"canon":"","legends":"YES","unlicensed":""},"desc":"","placementCert":""}],[{"text":"Nameless Kathol Outback sector system 5","coords":[217.96875,-1129.59375]},{"text":"Nameless Kathol Outback sector system 6","coords":[215.5625,-1131],"averageTravelTime":"","continuity":{"canon":"","legends":"YES","unlicensed":""},"desc":"","placementCert":""}],[{"text":"Nameless Kathol Outback sector system 5","coords":[217.96875,-1129.59375]},{"text":"Nameless Kathol Outback sector system 4","coords":[215.28125,-1126.5],"averageTravelTime":"","continuity":{"canon":"","legends":"YES","unlicensed":""},"desc":"","placementCert":""}]]}},{"type":"Feature","geometry":{"type":"MultiLineString","coordinates":[[[225.4375,-1132.84375],[230.6875,-1130.59375]]]},"properties":{"ID":"018f6862-e831-75ec-b7c8-d4c505ae6b53","NAME":"Kathol Outback sector unnamed route","ALT_NAMES":"","TYPE":"Hyperspace Route","PARENT_ID":"","PARENT_NAME":"","DATE_FROM":"","DATE_TO":"","CANON":"","LEGENDS":"YES","UNLICENSED":"","LEVEL":"3","ZOOM_LEVEL":"","CONJECTURAL_NAME":"YES","URLS":"","DESC":"","color":"","weight":"","opacity":"","smoothFactor":"","SECTIONS_PROPERTIES":[[{"text":"Shatuun system","coords":[225.4375,-1132.84375]},{"text":"Nah'Malis system","coords":[230.6875,-1130.59375],"averageTravelTime":"7:14:0:0","continuity":{"canon":"","legends":"YES","unlicensed":""},"desc":"","placementCert":""}]]}},{"type":"Feature","geometry":{"type":"MultiLineString","coordinates":[[[230.6875,-1130.59375],[234.28125,-1130.875],[236.28125,-1128.3125],[247.5625,-1126.9375],[249.1875,-1127.6875]]]},"properties":{"ID":"018f6862-e831-760e-813f-ce3525f17893","NAME":"Kathol Rift unnamed route","ALT_NAMES":"","TYPE":"Hyperspace Route","PARENT_ID":"","PARENT_NAME":"","DATE_FROM":"","DATE_TO":"","CANON":"","LEGENDS":"YES","UNLICENSED":"","LEVEL":"3","ZOOM_LEVEL":"","CONJECTURAL_NAME":"YES","URLS":"","DESC":"","color":"","weight":"","opacity":"","smoothFactor":"","SECTIONS_PROPERTIES":[[{"text":"Nah'Malis system","coords":[230.6875,-1130.59375]},{"text":"Q'Maere system","coords":[234.28125,-1130.875],"averageTravelTime":"14:0:0:0","continuity":{"canon":"","legends":"YES","unlicensed":""},"desc":"","placementCert":""},{"text":"Alien Construct","coords":[236.28125,-1128.3125],"averageTravelTime":"21:0:0:0","continuity":{"canon":"","legends":"YES","unlicensed":""},"desc":"","placementCert":""},{"text":"Yvara system","coords":[247.5625,-1126.9375],"averageTravelTime":"21:0:0:0","continuity":{"canon":"","legends":"YES","unlicensed":""},"desc":"","placementCert":""},{"text":"Demonsgate system","coords":[249.1875,-1127.6875],"averageTravelTime":"2:12:0:0","continuity":{"canon":"","legends":"YES","unlicensed":""},"desc":"","placementCert":""}]]}},{"type":"Feature","geometry":{"type":"MultiLineString","coordinates":[[[-621.967502,136.098806],[-612.127361,120.723586],[-621.967502,117.187285],[-620.737484,111.19095],[-631.807643,107.347144]]]},"properties":{"ID":"018f6862-e831-7dd4-aea0-a9a22738c624","NAME":"S-K system-Oyokal unnnamed route","ALT_NAMES":"","TYPE":"Hyperspace Route","PARENT_ID":"","PARENT_NAME":"","DATE_FROM":"","DATE_TO":"","CANON":"","LEGENDS":"YES","UNLICENSED":"","LEVEL":"3","ZOOM_LEVEL":"","CONJECTURAL_NAME":"YES","URLS":"","DESC":"","color":"","weight":"","opacity":"","smoothFactor":"","SECTIONS_PROPERTIES":[[{"text":"S-K system","coords":[-621.967502,136.098806]},{"text":"Avidich system","coords":[-612.127361,120.723586],"averageTravelTime":"","continuity":{"canon":"","legends":"YES","unlicensed":""},"desc":"","placementCert":""},{"text":"Ool system","coords":[-621.967502,117.187285],"averageTravelTime":"","continuity":{"canon":"","legends":"YES","unlicensed":""},"desc":"","placementCert":""},{"text":"Shihon system","coords":[-620.737484,111.19095],"averageTravelTime":"","continuity":{"canon":"","legends":"YES","unlicensed":""},"desc":"","placementCert":""},{"text":"Oyokal system","coords":[-631.807643,107.347144],"averageTravelTime":"","continuity":{"canon":"","legends":"YES","unlicensed":""},"desc":"","placementCert":""}]]}},{"type":"Feature","geometry":{"type":"MultiLineString","coordinates":[[[-560.466622,163.005441],[-558.467843,152.242787]]]},"properties":{"ID":"018f6862-e831-7391-854d-b29064963fff","NAME":"Noris-Ornfra unnnamed route","ALT_NAMES":"","TYPE":"Hyperspace Route","PARENT_ID":"","PARENT_NAME":"","DATE_FROM":"","DATE_TO":"","CANON":"","LEGENDS":"YES","UNLICENSED":"","LEVEL":"3","ZOOM_LEVEL":"","CONJECTURAL_NAME":"YES","URLS":"","DESC":"","color":"","weight":"","opacity":"","smoothFactor":"","SECTIONS_PROPERTIES":[[{"text":"Noris system","coords":[-560.466622,163.005441]},{"text":"Ornfra system","coords":[-558.467843,152.242787],"averageTravelTime":"","continuity":{"canon":"","legends":"YES","unlicensed":""},"desc":"","placementCert":""}]]}},{"type":"Feature","geometry":{"type":"MultiLineString","coordinates":[[[-589.833292,133.792523],[-593.523345,121.646099]],[[-589.833292,133.792523],[-584.759469,128.257444],[-593.523345,121.646099]]]},"properties":{"ID":"018f6862-e831-7e2f-90aa-d694d6132925","NAME":"Jamiron-Rentor unnnamed route","ALT_NAMES":"","TYPE":"Hyperspace Route","PARENT_ID":"","PARENT_NAME":"","DATE_FROM":"","DATE_TO":"","CANON":"","LEGENDS":"YES","UNLICENSED":"","LEVEL":"3","ZOOM_LEVEL":"","CONJECTURAL_NAME":"YES","URLS":"","DESC":"","color":"","weight":"","opacity":"","smoothFactor":"","SECTIONS_PROPERTIES":[[{"text":"Jamiron system","coords":[-589.833292,133.792523]},{"text":"Csilla system","coords":[-593.523345,121.646099],"averageTravelTime":"","continuity":{"canon":"","legends":"YES","unlicensed":""},"desc":"","placementCert":""}],[{"text":"Jamiron system","coords":[-589.833292,133.792523]},{"text":"Rentor system","coords":[-584.759469,128.257444],"averageTravelTime":"","continuity":{"canon":"","legends":"YES","unlicensed":""},"desc":"","placementCert":""},{"text":"Csilla system","coords":[-593.523345,121.646099],"averageTravelTime":"","continuity":{"canon":"","legends":"YES","unlicensed":""},"desc":"","placementCert":""}]]}},{"type":"Feature","geometry":{"type":"MultiLineString","coordinates":[[[-593.523345,121.646099],[-604.747255,85.821836],[-580.915664,68.60159],[-580.5,49.5]]]},"properties":{"ID":"018f6862-e831-79b2-a586-2eadb1286d60","NAME":"Rata-Nebula unnamed route","ALT_NAMES":"","TYPE":"Hyperspace Route","PARENT_ID":"","PARENT_NAME":"","DATE_FROM":"","DATE_TO":"","CANON":"","LEGENDS":"YES","UNLICENSED":"","LEVEL":"3","ZOOM_LEVEL":"","CONJECTURAL_NAME":"YES","URLS":"","DESC":"","color":"","weight":"","opacity":"","smoothFactor":"","SECTIONS_PROPERTIES":[[{"text":"Csilla system","coords":[-593.523345,121.646099]},{"text":"Rhigar system","coords":[-604.747255,85.821836],"averageTravelTime":"","continuity":{"canon":"","legends":"YES","unlicensed":""},"desc":"","placementCert":""},{"text":"Colonial Station Chaf system","coords":[-580.915664,68.60159],"averageTravelTime":"","continuity":{"canon":"","legends":"YES","unlicensed":""},"desc":"","placementCert":""},{"text":"Rata-Nebula unnamed route end","coords":[-580.5,49.5],"averageTravelTime":"","continuity":{"canon":"","legends":"YES","unlicensed":""},"desc":"","placementCert":""}]]}},{"type":"Feature","geometry":{"type":"MultiLineString","coordinates":[[[22.54712090007374,-362.7632390133871],[25.316995339137833,-363.09498935241936],[28.7079894,-362.9227695],[31.67400353,-362.1833364],[35.02746996,-363.3664294],[36.71088339,-358.5802807],[40.35827915,-355.2998866],[42.56274912,-353.9554628],[45.75589046,-354.7890056],[49.41664664,-356.7249758],[51.63447703,-357.1148587],[53.77214488,-355.0310019]]]},"properties":{"ID":"018f6862-e831-7007-8f35-5866539f9dd9","NAME":"Procopian Shipping Lane","ALT_NAMES":"","TYPE":"Hyperspace Route","PARENT_ID":"","PARENT_NAME":"","DATE_FROM":"","DATE_TO":"","CANON":"","LEGENDS":"YES","UNLICENSED":"","LEVEL":"2","ZOOM_LEVEL":"","CONJECTURAL_NAME":"","URLS":"https://starwars.fandom.com/wiki/Procopian_Shipping_Lane","DESC":"","color":"","weight":"","opacity":"","smoothFactor":"","SECTIONS_PROPERTIES":[[{"text":"Tallaan system","coords":[22.54712090007374,-362.7632390133871]},{"text":"Tavya system","coords":[25.316995339137833,-363.09498935241936],"averageTravelTime":"","continuity":{"canon":"","legends":"YES","unlicensed":""},"desc":"","placementCert":""},{"text":"Neona system","coords":[28.7079894,-362.9227695],"averageTravelTime":"","continuity":{"canon":"","legends":"YES","unlicensed":""},"desc":"","placementCert":""},{"text":"Reyna system","coords":[31.67400353,-362.1833364],"averageTravelTime":"","continuity":{"canon":"","legends":"YES","unlicensed":""},"desc":"","placementCert":""},{"text":"Procopia system","coords":[35.02746996,-363.3664294],"averageTravelTime":"","continuity":{"canon":"","legends":"YES","unlicensed":""},"desc":"","placementCert":""},{"text":"Lastelle system","coords":[36.71088339,-358.5802807],"averageTravelTime":"","continuity":{"canon":"","legends":"YES","unlicensed":""},"desc":"","placementCert":""},{"text":"Estaph system","coords":[40.35827915,-355.2998866],"averageTravelTime":"","continuity":{"canon":"","legends":"YES","unlicensed":""},"desc":"","placementCert":""},{"text":"Obulette system","coords":[42.56274912,-353.9554628],"averageTravelTime":"","continuity":{"canon":"","legends":"YES","unlicensed":""},"desc":"","placementCert":""},{"text":"Javis system","coords":[45.75589046,-354.7890056],"averageTravelTime":"","continuity":{"canon":"","legends":"YES","unlicensed":""},"desc":"","placementCert":""},{"text":"Tumus system","coords":[49.41664664,-356.7249758],"averageTravelTime":"","continuity":{"canon":"","legends":"YES","unlicensed":""},"desc":"","placementCert":""},{"text":"Bianas system","coords":[51.63447703,-357.1148587],"averageTravelTime":"","continuity":{"canon":"","legends":"YES","unlicensed":""},"desc":"","placementCert":""},{"text":"Reena system","coords":[53.77214488,-355.0310019],"averageTravelTime":"","continuity":{"canon":"","legends":"YES","unlicensed":""},"desc":"","placementCert":""}]]}},{"type":"Feature","geometry":{"type":"MultiLineString","coordinates":[[[23.838254948201925,-357.26672344387094],[26.076266076403858,-359.75390744387096],[26.205323440935903,-361.69243299145165]]]},"properties":{"ID":"018f6862-e831-7d0f-a610-af4d5861a8f9","NAME":"Three Ellas Run","ALT_NAMES":"","TYPE":"Hyperspace Route","PARENT_ID":"","PARENT_NAME":"","DATE_FROM":"","DATE_TO":"","CANON":"","LEGENDS":"YES","UNLICENSED":"","LEVEL":"3","ZOOM_LEVEL":"","CONJECTURAL_NAME":"","URLS":"https://starwars.fandom.com/wiki/Three_Ellas_Run","DESC":"","color":"","weight":"","opacity":"","smoothFactor":"","SECTIONS_PROPERTIES":[[{"text":"Pernella system","coords":[23.838254948201925,-357.26672344387094]},{"text":"Dorella system","coords":[26.076266076403858,-359.75390744387096],"averageTravelTime":"","continuity":{"canon":"","legends":"YES","unlicensed":""},"desc":"","placementCert":""},{"text":"Sorella system","coords":[26.205323440935903,-361.69243299145165],"averageTravelTime":"","continuity":{"canon":"","legends":"YES","unlicensed":""},"desc":"","placementCert":""}]]}},{"type":"Feature","geometry":{"type":"MultiLineString","coordinates":[[[26.076266076403858,-359.75390744387096],[27.10473852,-358.7550558]]]},"properties":{"ID":"018f6862-e831-7108-85dc-24b74faf8e2a","NAME":"Dorella-Doris hyperlane","ALT_NAMES":"","TYPE":"Hyperspace Route","PARENT_ID":"","PARENT_NAME":"","DATE_FROM":"","DATE_TO":"","CANON":"","LEGENDS":"YES","UNLICENSED":"","LEVEL":"3","ZOOM_LEVEL":"","CONJECTURAL_NAME":"YES","URLS":"","DESC":"","color":"","weight":"","opacity":"","smoothFactor":"","SECTIONS_PROPERTIES":[[{"text":"Dorella system","coords":[26.076266076403858,-359.75390744387096]},{"text":"Doris system","coords":[27.10473852,-358.7550558],"averageTravelTime":"","continuity":{"canon":"","legends":"YES","unlicensed":""},"desc":"","placementCert":""}]]}},{"type":"Feature","geometry":{"type":"MultiLineString","coordinates":[[[26.205323440935903,-361.69243299145165],[25.316995339137833,-363.09498935241936]]]},"properties":{"ID":"018f6862-e831-7083-a36d-28165a089923","NAME":"Sorella-Tanya hyperlane","ALT_NAMES":"","TYPE":"Hyperspace Route","PARENT_ID":"","PARENT_NAME":"","DATE_FROM":"","DATE_TO":"","CANON":"","LEGENDS":"YES","UNLICENSED":"","LEVEL":"3","ZOOM_LEVEL":"","CONJECTURAL_NAME":"YES","URLS":"","DESC":"","color":"","weight":"","opacity":"","smoothFactor":"","SECTIONS_PROPERTIES":[[{"text":"Sorella system","coords":[26.205323440935903,-361.69243299145165]},{"text":"Tavya system","coords":[25.316995339137833,-363.09498935241936],"averageTravelTime":"","continuity":{"canon":"","legends":"YES","unlicensed":""},"desc":"","placementCert":""}]]}},{"type":"Feature","geometry":{"type":"MultiLineString","coordinates":[[[25.316995339137833,-363.09498935241936],[26.639677319137835,-364.3747472],[26.479352229137834,-366.0956097]]]},"properties":{"ID":"018f6862-e831-7360-befe-b93a08d60305","NAME":"Tavya-Jappe unnamed route","ALT_NAMES":"","TYPE":"Hyperspace Route","PARENT_ID":"","PARENT_NAME":"","DATE_FROM":"","DATE_TO":"","CANON":"","LEGENDS":"YES","UNLICENSED":"","LEVEL":"3","ZOOM_LEVEL":"","CONJECTURAL_NAME":"YES","URLS":"","DESC":"","color":"","weight":"","opacity":"","smoothFactor":"","SECTIONS_PROPERTIES":[[{"text":"Tavya system","coords":[25.316995339137833,-363.09498935241936]},{"text":"Letev system","coords":[26.639677319137835,-364.3747472],"averageTravelTime":"","continuity":{"canon":"","legends":"YES","unlicensed":""},"desc":"","placementCert":""},{"text":"Jappe system","coords":[26.479352229137834,-366.0956097],"averageTravelTime":"","continuity":{"canon":"","legends":"YES","unlicensed":""},"desc":"","placementCert":""}]]}},{"type":"Feature","geometry":{"type":"MultiLineString","coordinates":[[[28.89503534,-348.57227958774183],[29.83026502,-352.0625257200806],[30.41812367,-356.6443104],[28.859500945467953,-359.6597978438709],[28.7079894,-362.9227695]]]},"properties":{"ID":"018f6862-e831-7769-88be-828109585f74","NAME":"Obelia-Neona unnamed route","ALT_NAMES":"","TYPE":"Hyperspace Route","PARENT_ID":"","PARENT_NAME":"","DATE_FROM":"","DATE_TO":"","CANON":"","LEGENDS":"YES","UNLICENSED":"","LEVEL":"3","ZOOM_LEVEL":"","CONJECTURAL_NAME":"YES","URLS":"","DESC":"","color":"","weight":"","opacity":"","smoothFactor":"","SECTIONS_PROPERTIES":[[{"text":"Obelia system","coords":[28.89503534,-348.57227958774183]},{"text":"Pelagon system","coords":[29.83026502,-352.0625257200806],"averageTravelTime":"","continuity":{"canon":"","legends":"YES","unlicensed":""},"desc":"","placementCert":""},{"text":"Sheva system","coords":[30.41812367,-356.6443104],"averageTravelTime":"","continuity":{"canon":"","legends":"YES","unlicensed":""},"desc":"","placementCert":""},{"text":"Allandor system","coords":[28.859500945467953,-359.6597978438709],"averageTravelTime":"","continuity":{"canon":"","legends":"YES","unlicensed":""},"desc":"","placementCert":""},{"text":"Neona system","coords":[28.7079894,-362.9227695],"averageTravelTime":"","continuity":{"canon":"","legends":"YES","unlicensed":""},"desc":"","placementCert":""}]]}},{"type":"Feature","geometry":{"type":"MultiLineString","coordinates":[[[41.32022968,-371.2716413],[39.73033922,-368.1794665],[36.87120848,-366.5930465],[34.51977385,-367.4938104],[34.46633216,-368.9861208]]]},"properties":{"ID":"018f6862-e831-7b61-9e98-2f9f43e2d6e7","NAME":"Cor Lane","ALT_NAMES":"","TYPE":"Hyperspace Route","PARENT_ID":"","PARENT_NAME":"","DATE_FROM":"","DATE_TO":"","CANON":"","LEGENDS":"YES","UNLICENSED":"","LEVEL":"3","ZOOM_LEVEL":"","CONJECTURAL_NAME":"","URLS":"https://starwars.fandom.com/wiki/Cor_Lane","DESC":"","color":"","weight":"","opacity":"","smoothFactor":"","SECTIONS_PROPERTIES":[[{"text":"Barnaba system","coords":[41.32022968,-371.2716413]},{"text":"Crella system","coords":[39.73033922,-368.1794665],"averageTravelTime":"","continuity":{"canon":"","legends":"YES","unlicensed":""},"desc":"","placementCert":""},{"text":"Cor I system","coords":[36.87120848,-366.5930465],"averageTravelTime":"","continuity":{"canon":"","legends":"YES","unlicensed":""},"desc":"","placementCert":""},{"text":"Cor II system","coords":[34.51977385,-367.4938104],"averageTravelTime":"","continuity":{"canon":"","legends":"YES","unlicensed":""},"desc":"","placementCert":""},{"text":"Cor III system","coords":[34.46633216,-368.9861208],"averageTravelTime":"","continuity":{"canon":"","legends":"YES","unlicensed":""},"desc":"","placementCert":""}]]}},{"type":"Feature","geometry":{"type":"MultiLineString","coordinates":[[[38.50090000359615,-349.68417324387093],[36.733057364532044,-349.76701647435476],[35.76229329,-350.8498439],[34.94730742,-353.458026],[37.3254629,-352.7454814],[39.10239929,-354.1302379],[40.35827915,-355.2998866]]]},"properties":{"ID":"018f6862-e831-7797-afcf-7860facdf1ab","NAME":"Calipsa Run","ALT_NAMES":"","TYPE":"Hyperspace Route","PARENT_ID":"","PARENT_NAME":"","DATE_FROM":"","DATE_TO":"","CANON":"","LEGENDS":"YES","UNLICENSED":"","LEVEL":"3","ZOOM_LEVEL":"","CONJECTURAL_NAME":"","URLS":"https://starwars.fandom.com/wiki/Calipsa_Run","DESC":"","color":"","weight":"","opacity":"","smoothFactor":"","SECTIONS_PROPERTIES":[[{"text":"Calipsa system","coords":[38.50090000359615,-349.68417324387093]},{"text":"New Javis system","coords":[36.733057364532044,-349.76701647435476],"averageTravelTime":"","continuity":{"canon":"","legends":"YES","unlicensed":""},"desc":"","placementCert":""},{"text":"Lorenz system","coords":[35.76229329,-350.8498439],"averageTravelTime":"","continuity":{"canon":"","legends":"YES","unlicensed":""},"desc":"","placementCert":""},{"text":"Dampher system","coords":[34.94730742,-353.458026],"averageTravelTime":"","continuity":{"canon":"","legends":"YES","unlicensed":""},"desc":"","placementCert":""},{"text":"Grella system","coords":[37.3254629,-352.7454814],"averageTravelTime":"","continuity":{"canon":"","legends":"YES","unlicensed":""},"desc":"","placementCert":""},{"text":"Nella system","coords":[39.10239929,-354.1302379],"averageTravelTime":"","continuity":{"canon":"","legends":"YES","unlicensed":""},"desc":"","placementCert":""},{"text":"Estaph system","coords":[40.35827915,-355.2998866],"averageTravelTime":"","continuity":{"canon":"","legends":"YES","unlicensed":""},"desc":"","placementCert":""}]]}},{"type":"Feature","geometry":{"type":"MultiLineString","coordinates":[[[43.392808429926255,-343.76615329629027],[48.80729828945663,-344.938373883692],[51.6745583,-350.8095112],[53.77214488,-355.0310019],[53.85230742,-357.5047416],[52.95715901,-359.5348216]]]},"properties":{"ID":"018f6862-e831-7a9e-9e84-031309abaa83","NAME":"Caloria Run","ALT_NAMES":"","TYPE":"Hyperspace Route","PARENT_ID":"","PARENT_NAME":"","DATE_FROM":"","DATE_TO":"","CANON":"","LEGENDS":"YES","UNLICENSED":"","LEVEL":"3","ZOOM_LEVEL":"","CONJECTURAL_NAME":"","URLS":"https://starwars.fandom.com/wiki/Caloria_Run,https://starwars.fandom.com/wiki/Caloria_Run/Legends","DESC":"","color":"","weight":"","opacity":"","smoothFactor":"","SECTIONS_PROPERTIES":[[{"text":"Canti system","coords":[43.392808429926255,-343.76615329629027]},{"text":"Caloria system","coords":[48.80729828945663,-344.938373883692],"averageTravelTime":"","continuity":{"canon":"","legends":"YES","unlicensed":""},"desc":"","placementCert":""},{"text":"Tanger system","coords":[51.6745583,-350.8095112],"averageTravelTime":"","continuity":{"canon":"","legends":"YES","unlicensed":""},"desc":"","placementCert":""},{"text":"Reena system","coords":[53.77214488,-355.0310019],"averageTravelTime":"","continuity":{"canon":"","legends":"YES","unlicensed":""},"desc":"","placementCert":""},{"text":"Tillo system","coords":[53.85230742,-357.5047416],"averageTravelTime":"","continuity":{"canon":"","legends":"YES","unlicensed":""},"desc":"","placementCert":""},{"text":"Tavitz system","coords":[52.95715901,-359.5348216],"averageTravelTime":"","continuity":{"canon":"","legends":"YES","unlicensed":""},"desc":"","placementCert":""}]]}},{"type":"Feature","geometry":{"type":"MultiLineString","coordinates":[[[19.05977002366988,-357.11192593532246],[23.299291102733978,-353.82026546580636],[25.43468551,-352.292355443871],[29.83026502,-352.0625257200806],[33.46984384863301,-348.8446198420161],[37.17395135453205,-348.7643318591128],[38.50090000359615,-349.68417324387093]]]},"properties":{"ID":"018f6862-e831-7a61-9acf-baa2c3ccc9ab","NAME":"Cadraan-Pelagia Province unnamed route","ALT_NAMES":"","TYPE":"Hyperspace Route","PARENT_ID":"","PARENT_NAME":"","DATE_FROM":"","DATE_TO":"","CANON":"","LEGENDS":"YES","UNLICENSED":"","LEVEL":"2","ZOOM_LEVEL":"","CONJECTURAL_NAME":"YES","URLS":"","DESC":"","color":"","weight":"","opacity":"","smoothFactor":"","SECTIONS_PROPERTIES":[[{"text":"Aleron system","coords":[19.05977002366988,-357.11192593532246]},{"text":"Nista system","coords":[23.299291102733978,-353.82026546580636],"averageTravelTime":"","continuity":{"canon":"","legends":"YES","unlicensed":""},"desc":"","placementCert":""},{"text":"Gilliana system","coords":[25.43468551,-352.292355443871],"averageTravelTime":"","continuity":{"canon":"","legends":"YES","unlicensed":""},"desc":"","placementCert":""},{"text":"Pelagon system","coords":[29.83026502,-352.0625257200806],"averageTravelTime":"","continuity":{"canon":"","legends":"YES","unlicensed":""},"desc":"","placementCert":""},{"text":"Bethal system","coords":[33.46984384863301,-348.8446198420161],"averageTravelTime":"","continuity":{"canon":"","legends":"YES","unlicensed":""},"desc":"","placementCert":""},{"text":"Kamper system","coords":[37.17395135453205,-348.7643318591128],"averageTravelTime":"","continuity":{"canon":"","legends":"YES","unlicensed":""},"desc":"","placementCert":""},{"text":"Calipsa system","coords":[38.50090000359615,-349.68417324387093],"averageTravelTime":"","continuity":{"canon":"","legends":"YES","unlicensed":""},"desc":"","placementCert":""}]]}},{"type":"Feature","geometry":{"type":"MultiLineString","coordinates":[[[16.775137513669883,-354.956114857258],[19.055223138201928,-351.3977474182257],[21.014658592733973,-350.58673755725795],[22.317440040935903,-351.137951257258],[23.506517780935905,-350.53040530967723],[25.43468551,-352.292355443871]]]},"properties":{"ID":"018f6862-e831-7a52-8217-741bf0c7c8f4","NAME":"Cadraan Province unnamed route","ALT_NAMES":"","TYPE":"Hyperspace Route","PARENT_ID":"","PARENT_NAME":"","DATE_FROM":"","DATE_TO":"","CANON":"","LEGENDS":"YES","UNLICENSED":"","LEVEL":"3","ZOOM_LEVEL":"","CONJECTURAL_NAME":"YES","URLS":"","DESC":"","color":"","weight":"","opacity":"","smoothFactor":"","SECTIONS_PROPERTIES":[[{"text":"Achillea system","coords":[16.775137513669883,-354.956114857258]},{"text":"Cesya system","coords":[19.055223138201928,-351.3977474182257],"averageTravelTime":"","continuity":{"canon":"","legends":"YES","unlicensed":""},"desc":"","placementCert":""},{"text":"Listoria system","coords":[21.014658592733973,-350.58673755725795],"averageTravelTime":"","continuity":{"canon":"","legends":"YES","unlicensed":""},"desc":"","placementCert":""},{"text":"Pavia system","coords":[22.317440040935903,-351.137951257258],"averageTravelTime":"","continuity":{"canon":"","legends":"YES","unlicensed":""},"desc":"","placementCert":""},{"text":"Shopani system","coords":[23.506517780935905,-350.53040530967723],"averageTravelTime":"","continuity":{"canon":"","legends":"YES","unlicensed":""},"desc":"","placementCert":""},{"text":"Gilliana system","coords":[25.43468551,-352.292355443871],"averageTravelTime":"","continuity":{"canon":"","legends":"YES","unlicensed":""},"desc":"","placementCert":""}]]}},{"type":"Feature","geometry":{"type":"MultiLineString","coordinates":[[[34.55403142496313,-345.87472086580635],[36.1406518290641,-346.6748417743548],[36.13510834043108,-347.7512809810483],[37.17395135453205,-348.7643318591128]]]},"properties":{"ID":"018f6862-e831-769e-abf2-222d936a1a2a","NAME":"Netolio-Kamper unnamed route","ALT_NAMES":"","TYPE":"Hyperspace Route","PARENT_ID":"","PARENT_NAME":"","DATE_FROM":"","DATE_TO":"","CANON":"","LEGENDS":"YES","UNLICENSED":"","LEVEL":"3","ZOOM_LEVEL":"","CONJECTURAL_NAME":"YES","URLS":"","DESC":"","color":"","weight":"","opacity":"","smoothFactor":"","SECTIONS_PROPERTIES":[[{"text":"Netolio system","coords":[34.55403142496313,-345.87472086580635]},{"text":"Betolio system","coords":[36.1406518290641,-346.6748417743548],"averageTravelTime":"","continuity":{"canon":"","legends":"YES","unlicensed":""},"desc":"","placementCert":""},{"text":"Setolio system","coords":[36.13510834043108,-347.7512809810483],"averageTravelTime":"","continuity":{"canon":"","legends":"YES","unlicensed":""},"desc":"","placementCert":""},{"text":"Kamper system","coords":[37.17395135453205,-348.7643318591128],"averageTravelTime":"","continuity":{"canon":"","legends":"YES","unlicensed":""},"desc":"","placementCert":""}]]}},{"type":"Feature","geometry":{"type":"MultiLineString","coordinates":[[[37.420979096330115,-345.7706224200806],[38.50090000359615,-349.68417324387093],[42.981188929064096,-350.0024793829032],[41.22869994633012,-347.6003163438709]]]},"properties":{"ID":"018f6862-e831-7964-af84-5902f5816b8a","NAME":"Shifa-Jinda unnamed route","ALT_NAMES":"","TYPE":"Hyperspace Route","PARENT_ID":"","PARENT_NAME":"","DATE_FROM":"","DATE_TO":"","CANON":"","LEGENDS":"YES","UNLICENSED":"","LEVEL":"3","ZOOM_LEVEL":"","CONJECTURAL_NAME":"YES","URLS":"","DESC":"","color":"","weight":"","opacity":"","smoothFactor":"","SECTIONS_PROPERTIES":[[{"text":"Shifa system","coords":[37.420979096330115,-345.7706224200806]},{"text":"Calipsa system","coords":[38.50090000359615,-349.68417324387093],"averageTravelTime":"","continuity":{"canon":"","legends":"YES","unlicensed":""},"desc":"","placementCert":""},{"text":"Riesa system","coords":[42.981188929064096,-350.0024793829032],"averageTravelTime":"","continuity":{"canon":"","legends":"YES","unlicensed":""},"desc":"","placementCert":""},{"text":"Jinda system","coords":[41.22869994633012,-347.6003163438709],"averageTravelTime":"","continuity":{"canon":"","legends":"YES","unlicensed":""},"desc":"","placementCert":""}]]}},{"type":"Feature","geometry":{"type":"MultiLineString","coordinates":[[[36.71088339,-358.5802807],[39.35624735,-357.5450743],[42.18865724,-357.921513]]]},"properties":{"ID":"018f6862-e831-7792-8b82-63d30a3b91dc","NAME":"Lastelle-Nyssa unnamed route","ALT_NAMES":"","TYPE":"Hyperspace Route","PARENT_ID":"","PARENT_NAME":"","DATE_FROM":"","DATE_TO":"","CANON":"","LEGENDS":"YES","UNLICENSED":"","LEVEL":"3","ZOOM_LEVEL":"","CONJECTURAL_NAME":"YES","URLS":"","DESC":"","color":"","weight":"","opacity":"","smoothFactor":"","SECTIONS_PROPERTIES":[[{"text":"Lastelle system","coords":[36.71088339,-358.5802807]},{"text":"Dorellia system","coords":[39.35624735,-357.5450743],"averageTravelTime":"","continuity":{"canon":"","legends":"YES","unlicensed":""},"desc":"","placementCert":""},{"text":"Nyssa system","coords":[42.18865724,-357.921513],"averageTravelTime":"","continuity":{"canon":"","legends":"YES","unlicensed":""},"desc":"","placementCert":""}]]}},{"type":"Feature","geometry":{"type":"MultiLineString","coordinates":[[[45.75589046,-354.7890056],[47.37250177,-357.9080688],[49.41664664,-356.7249758],[49.77737809,-354.4932323]]]},"properties":{"ID":"018f6862-e831-72e7-aa7b-365bcebf2766","NAME":"Javis-Blyte unnamed route","ALT_NAMES":"","TYPE":"Hyperspace Route","PARENT_ID":"","PARENT_NAME":"","DATE_FROM":"","DATE_TO":"","CANON":"","LEGENDS":"YES","UNLICENSED":"","LEVEL":"3","ZOOM_LEVEL":"","CONJECTURAL_NAME":"YES","URLS":"","DESC":"","color":"","weight":"","opacity":"","smoothFactor":"","SECTIONS_PROPERTIES":[[{"text":"Javis system","coords":[45.75589046,-354.7890056]},{"text":"Pella system","coords":[47.37250177,-357.9080688],"averageTravelTime":"","continuity":{"canon":"","legends":"YES","unlicensed":""},"desc":"","placementCert":""},{"text":"Tumus system","coords":[49.41664664,-356.7249758],"averageTravelTime":"","continuity":{"canon":"","legends":"YES","unlicensed":""},"desc":"","placementCert":""},{"text":"Blyte system","coords":[49.77737809,-354.4932323],"averageTravelTime":"","continuity":{"canon":"","legends":"YES","unlicensed":""},"desc":"","placementCert":""}]]}},{"type":"Feature","geometry":{"type":"MultiLineString","coordinates":[[[35.02746996,-363.3664294],[38.6615053,-363.2185428],[40.14451237,-361.8606747],[43.69838516,-361.9413401],[46.06318021,-364.361303],[44.71377739,-367.3862565],[41.32022968,-371.2716413],[36.40359364,-372.9790595],[32.19506007,-372.7370632],[29.185872019285306,-376.7118975182257]]]},"properties":{"ID":"018f6862-e831-7b8f-8ef7-2784e30848dd","NAME":"Mrlsst-Procopia unnamed route","ALT_NAMES":"","TYPE":"Hyperspace Route","PARENT_ID":"","PARENT_NAME":"","DATE_FROM":"","DATE_TO":"","CANON":"","LEGENDS":"YES","UNLICENSED":"","LEVEL":"2","ZOOM_LEVEL":"","CONJECTURAL_NAME":"YES","URLS":"","DESC":"","color":"","weight":"","opacity":"","smoothFactor":"","SECTIONS_PROPERTIES":[[{"text":"Procopia system","coords":[35.02746996,-363.3664294]},{"text":"Shindra system","coords":[38.6615053,-363.2185428],"averageTravelTime":"","continuity":{"canon":"","legends":"YES","unlicensed":""},"desc":"","placementCert":""},{"text":"Rianon system","coords":[40.14451237,-361.8606747],"averageTravelTime":"","continuity":{"canon":"","legends":"YES","unlicensed":""},"desc":"","placementCert":""},{"text":"Shella system","coords":[43.69838516,-361.9413401],"averageTravelTime":"","continuity":{"canon":"","legends":"YES","unlicensed":""},"desc":"","placementCert":""},{"text":"Bilios system","coords":[46.06318021,-364.361303],"averageTravelTime":"","continuity":{"canon":"","legends":"YES","unlicensed":""},"desc":"","placementCert":""},{"text":"Soterios system","coords":[44.71377739,-367.3862565],"averageTravelTime":"","continuity":{"canon":"","legends":"YES","unlicensed":""},"desc":"","placementCert":""},{"text":"Barnaba system","coords":[41.32022968,-371.2716413],"averageTravelTime":"","continuity":{"canon":"","legends":"YES","unlicensed":""},"desc":"","placementCert":""},{"text":"Garobi system","coords":[36.40359364,-372.9790595],"averageTravelTime":"","continuity":{"canon":"","legends":"YES","unlicensed":""},"desc":"","placementCert":""},{"text":"Hellios system","coords":[32.19506007,-372.7370632],"averageTravelTime":"","continuity":{"canon":"","legends":"YES","unlicensed":""},"desc":"","placementCert":""},{"text":"Mennaalii system","coords":[29.185872019285306,-376.7118975182257],"averageTravelTime":"","continuity":{"canon":"","legends":"YES","unlicensed":""},"desc":"","placementCert":""}]]}},{"type":"Feature","geometry":{"type":"MultiLineString","coordinates":[[[29.185872019285306,-376.7118975182257],[27.263350580073737,-375.4531767170968],[27.679797162807713,-373.84767923233875]],[[27.263350580073737,-375.4531767170968],[26.318030525972773,-374.1959517085484]]]},"properties":{"ID":"018f6862-e831-721f-b89e-cc60de41e9fb","NAME":"Mrlsst-Don systems unnamed route","ALT_NAMES":"","TYPE":"Hyperspace Route","PARENT_ID":"","PARENT_NAME":"","DATE_FROM":"","DATE_TO":"","CANON":"","LEGENDS":"YES","UNLICENSED":"","LEVEL":"3","ZOOM_LEVEL":"","CONJECTURAL_NAME":"YES","URLS":"","DESC":"","color":"","weight":"","opacity":"","smoothFactor":"","SECTIONS_PROPERTIES":[[{"text":"Mennaalii system","coords":[29.185872019285306,-376.7118975182257]},{"text":"Lusk system","coords":[27.263350580073737,-375.4531767170968],"averageTravelTime":"","continuity":{"canon":"","legends":"YES","unlicensed":""},"desc":"","placementCert":""},{"text":"Don I system","coords":[27.679797162807713,-373.84767923233875],"averageTravelTime":"","continuity":{"canon":"","legends":"YES","unlicensed":""},"desc":"","placementCert":""}],[{"text":"Lusk system","coords":[27.263350580073737,-375.4531767170968]},{"text":"Don II system","coords":[26.318030525972773,-374.1959517085484],"averageTravelTime":"","continuity":{"canon":"","legends":"YES","unlicensed":""},"desc":"","placementCert":""}]]}},{"type":"Feature","geometry":{"type":"MultiLineString","coordinates":[[[35.02746996,-363.3664294],[31.32663251,-366.6737119],[27.96463274187181,-368.8382342],[26.888737237663076,-369.64634577283437],[25.364435621100398,-369.58385765089895]],[[27.96463274187181,-368.8382342],[29.463273664605786,-369.4926462390323]]]},"properties":{"ID":"018f6862-e831-7481-aed7-395fb1fb4928","NAME":"Procopia-Fondor unnamed route","ALT_NAMES":"","TYPE":"Hyperspace Route","PARENT_ID":"","PARENT_NAME":"","DATE_FROM":"","DATE_TO":"","CANON":"","LEGENDS":"YES","UNLICENSED":"","LEVEL":"3","ZOOM_LEVEL":"","CONJECTURAL_NAME":"YES","URLS":"","DESC":"","color":"","weight":"","opacity":"","smoothFactor":"","SECTIONS_PROPERTIES":[[{"text":"Procopia system","coords":[35.02746996,-363.3664294]},{"text":"New Shella system","coords":[31.32663251,-366.6737119],"averageTravelTime":"","continuity":{"canon":"","legends":"YES","unlicensed":""},"desc":"","placementCert":""},{"text":"Lamuir system","coords":[27.96463274187181,-368.8382342],"averageTravelTime":"","continuity":{"canon":"","legends":"YES","unlicensed":""},"desc":"","placementCert":""},{"text":"Sefon system","coords":[26.888737237663076,-369.64634577283437],"averageTravelTime":"","continuity":{"canon":"","legends":"YES","unlicensed":""},"desc":"","placementCert":""},{"text":"Fondor system","coords":[25.364435621100398,-369.58385765089895],"averageTravelTime":"","continuity":{"canon":"","legends":"YES","unlicensed":""},"desc":"","placementCert":""}],[{"text":"Lamuir system","coords":[27.96463274187181,-368.8382342]},{"text":"Lynx system","coords":[29.463273664605786,-369.4926462390323],"averageTravelTime":"","continuity":{"canon":"","legends":"YES","unlicensed":""},"desc":"","placementCert":""}]]}},{"type":"Feature","geometry":{"type":"MultiLineString","coordinates":[[[44.71377739,-367.3862565],[47.18545583,-369.5507788]]]},"properties":{"ID":"018f6862-e831-7f39-900c-45fdb2fe1405","NAME":"Soterios-Rellio unnamed route","ALT_NAMES":"","TYPE":"Hyperspace Route","PARENT_ID":"","PARENT_NAME":"","DATE_FROM":"","DATE_TO":"","CANON":"","LEGENDS":"YES","UNLICENSED":"","LEVEL":"3","ZOOM_LEVEL":"","CONJECTURAL_NAME":"YES","URLS":"","DESC":"","color":"","weight":"","opacity":"","smoothFactor":"","SECTIONS_PROPERTIES":[[{"text":"Soterios system","coords":[44.71377739,-367.3862565]},{"text":"Rellio system","coords":[47.18545583,-369.5507788],"averageTravelTime":"","continuity":{"canon":"","legends":"YES","unlicensed":""},"desc":"","placementCert":""}]]}},{"type":"Feature","geometry":{"type":"MultiLineString","coordinates":[[[43.69838516,-361.9413401],[45.27491519,-360.0860353]]]},"properties":{"ID":"018f6862-e831-772a-9368-25889d76d5c6","NAME":"Shella-Gania unnamed route","ALT_NAMES":"","TYPE":"Hyperspace Route","PARENT_ID":"","PARENT_NAME":"","DATE_FROM":"","DATE_TO":"","CANON":"","LEGENDS":"YES","UNLICENSED":"","LEVEL":"3","ZOOM_LEVEL":"","CONJECTURAL_NAME":"YES","URLS":"","DESC":"","color":"","weight":"","opacity":"","smoothFactor":"","SECTIONS_PROPERTIES":[[{"text":"Shella system","coords":[43.69838516,-361.9413401]},{"text":"Gania system","coords":[45.27491519,-360.0860353],"averageTravelTime":"","continuity":{"canon":"","legends":"YES","unlicensed":""},"desc":"","placementCert":""}]]}},{"type":"Feature","geometry":{"type":"MultiLineString","coordinates":[[[46.06318021,-364.361303],[49.41664664,-367.2383699],[52.47618375,-362.6404405],[54.82761837,-362.8689926],[55.28187279,-365.20829]]]},"properties":{"ID":"018f6862-e831-72b7-a9a3-09128f0e70bc","NAME":"Bilios-Lupani unnamed route","ALT_NAMES":"","TYPE":"Hyperspace Route","PARENT_ID":"","PARENT_NAME":"","DATE_FROM":"","DATE_TO":"","CANON":"","LEGENDS":"YES","UNLICENSED":"","LEVEL":"3","ZOOM_LEVEL":"","CONJECTURAL_NAME":"YES","URLS":"","DESC":"","color":"","weight":"","opacity":"","smoothFactor":"","SECTIONS_PROPERTIES":[[{"text":"Bilios system","coords":[46.06318021,-364.361303]},{"text":"Cauper system","coords":[49.41664664,-367.2383699],"averageTravelTime":"","continuity":{"canon":"","legends":"YES","unlicensed":""},"desc":"","placementCert":""},{"text":"Ricaldi system","coords":[52.47618375,-362.6404405],"averageTravelTime":"","continuity":{"canon":"","legends":"YES","unlicensed":""},"desc":"","placementCert":""},{"text":"Tocco system","coords":[54.82761837,-362.8689926],"averageTravelTime":"","continuity":{"canon":"","legends":"YES","unlicensed":""},"desc":"","placementCert":""},{"text":"Lupani system","coords":[55.28187279,-365.20829],"averageTravelTime":"","continuity":{"canon":"","legends":"YES","unlicensed":""},"desc":"","placementCert":""}]]}},{"type":"Feature","geometry":{"type":"MultiLineString","coordinates":[[[362.3131955,58.1751235],[362.355607,58.538905]]]},"properties":{"ID":"018f6862-e831-7461-aee6-276bcc0125e5","NAME":"The Throat","ALT_NAMES":"","TYPE":"Hyperspace Route","PARENT_ID":"","PARENT_NAME":"","DATE_FROM":"","DATE_TO":"","CANON":"","LEGENDS":"YES","UNLICENSED":"","LEVEL":"3","ZOOM_LEVEL":"","CONJECTURAL_NAME":"","URLS":"https://starwars.fandom.com/wiki/The_Throat","DESC":"","color":"","weight":"","opacity":"","smoothFactor":"","SECTIONS_PROPERTIES":[[{"text":"Maad system","coords":[362.3131955,58.1751235]},{"text":"Hapes Cluster nameless system 37","coords":[362.355607,58.538905],"averageTravelTime":"","continuity":{"canon":"","legends":"YES","unlicensed":""},"desc":"","placementCert":""}]]}},{"type":"Feature","geometry":{"type":"MultiLineString","coordinates":[[[358.28550525,58.2973755],[358.58769475,57.87634025],[358.560601,57.5399935],[358.777617,57.128555],[358.9870405,56.86655],[359.1879175,56.5338595],[359.287982,56.1623565],[359.411233,55.814041],[359.3265445,55.5438515],[359.1415425,55.320036],[358.9409155,55.165535],[358.515224,55.272911],[358.3367855,55.5594765],[358.267222,55.8848535],[358.3201615,56.2556075],[357.987971,56.35667],[357.7016555,56.5658595],[357.5932795,56.2246065],[357.523717,55.8999785],[357.507842,55.536039],[357.5776545,55.18041]],[[358.9870405,56.86655],[359.4344205,56.8673],[359.798611,56.696174],[359.9763005,56.541672]],[[358.9409155,55.165535],[359.504733,55.0803465],[359.8379235,55.211161]],[[359.504733,55.0803465],[359.829611,54.855033]]]},"properties":{"ID":"018f6862-e831-79e4-bf36-7a7189ee91ca","NAME":"Hapes Cluster Interior unnamed route","ALT_NAMES":"","TYPE":"Hyperspace Route","PARENT_ID":"","PARENT_NAME":"","DATE_FROM":"","DATE_TO":"","CANON":"","LEGENDS":"YES","UNLICENSED":"","LEVEL":"3","ZOOM_LEVEL":"","CONJECTURAL_NAME":"YES","URLS":"","DESC":"","color":"","weight":"","opacity":"","smoothFactor":"","SECTIONS_PROPERTIES":[[{"text":"Febrini system","coords":[358.28550525,58.2973755]},{"text":"Zadaria system","coords":[358.58769475,57.87634025],"averageTravelTime":"","continuity":{"canon":"","legends":"YES","unlicensed":""},"desc":"","placementCert":""},{"text":"Phelope system","coords":[358.560601,57.5399935],"averageTravelTime":"","continuity":{"canon":"","legends":"YES","unlicensed":""},"desc":"","placementCert":""},{"text":"Hapes Cluster nameless system 111","coords":[358.777617,57.128555],"averageTravelTime":"","continuity":{"canon":"","legends":"","unlicensed":""},"desc":"","placementCert":""},{"text":"Ediorung system","coords":[358.9870405,56.86655],"averageTravelTime":"","continuity":{"canon":"","legends":"YES","unlicensed":""},"desc":"","placementCert":""},{"text":"Carlania system","coords":[359.1879175,56.5338595],"averageTravelTime":"","continuity":{"canon":"","legends":"YES","unlicensed":""},"desc":"","placementCert":""},{"text":"Arabanth system","coords":[359.287982,56.1623565],"averageTravelTime":"","continuity":{"canon":"","legends":"YES","unlicensed":""},"desc":"","placementCert":""},{"text":"Hapes system","coords":[359.411233,55.814041],"averageTravelTime":"","continuity":{"canon":"","legends":"YES","unlicensed":""},"desc":"","placementCert":""},{"text":"Ut system","coords":[359.3265445,55.5438515],"averageTravelTime":"","continuity":{"canon":"","legends":"YES","unlicensed":""},"desc":"","placementCert":""},{"text":"Harterra system","coords":[359.1415425,55.320036],"averageTravelTime":"","continuity":{"canon":"","legends":"YES","unlicensed":""},"desc":"","placementCert":""},{"text":"Selab system","coords":[358.9409155,55.165535],"averageTravelTime":"","continuity":{"canon":"","legends":"YES","unlicensed":""},"desc":"","placementCert":""},{"text":"Archais system","coords":[358.515224,55.272911],"averageTravelTime":"","continuity":{"canon":"","legends":"YES","unlicensed":""},"desc":"","placementCert":""},{"text":"Lalmy'ash system","coords":[358.3367855,55.5594765],"averageTravelTime":"","continuity":{"canon":"","legends":"YES","unlicensed":""},"desc":"","placementCert":""},{"text":"Millinar system","coords":[358.267222,55.8848535],"averageTravelTime":"","continuity":{"canon":"","legends":"YES","unlicensed":""},"desc":"","placementCert":""},{"text":"Theselon system","coords":[358.3201615,56.2556075],"averageTravelTime":"","continuity":{"canon":"","legends":"YES","unlicensed":""},"desc":"","placementCert":""},{"text":"Baldavia system","coords":[357.987971,56.35667],"averageTravelTime":"","continuity":{"canon":"","legends":"YES","unlicensed":""},"desc":"","placementCert":""},{"text":"Gallinore system","coords":[357.7016555,56.5658595],"averageTravelTime":"","continuity":{"canon":"","legends":"YES","unlicensed":""},"desc":"","placementCert":""},{"text":"Novi system","coords":[357.5932795,56.2246065],"averageTravelTime":"","continuity":{"canon":"","legends":"YES","unlicensed":""},"desc":"","placementCert":""},{"text":"Farnica system","coords":[357.523717,55.8999785],"averageTravelTime":"","continuity":{"canon":"","legends":"YES","unlicensed":""},"desc":"","placementCert":""},{"text":"Sivoria system","coords":[357.507842,55.536039],"averageTravelTime":"","continuity":{"canon":"","legends":"YES","unlicensed":""},"desc":"","placementCert":""},{"text":"Talcharaim system","coords":[357.5776545,55.18041],"averageTravelTime":"","continuity":{"canon":"","legends":"YES","unlicensed":""},"desc":"","placementCert":""}],[{"text":"Ediorung system","coords":[358.9870405,56.86655]},{"text":"Tumani system","coords":[359.4344205,56.8673],"averageTravelTime":"","continuity":{"canon":"","legends":"YES","unlicensed":""},"desc":"","placementCert":""},{"text":"Tinta system","coords":[359.798611,56.696174],"averageTravelTime":"","continuity":{"canon":"","legends":"YES","unlicensed":""},"desc":"","placementCert":""},{"text":"Rbollea system","coords":[359.9763005,56.541672],"averageTravelTime":"","continuity":{"canon":"","legends":"YES","unlicensed":""},"desc":"","placementCert":""}],[{"text":"Selab system","coords":[358.9409155,55.165535]},{"text":"Jovaria system","coords":[359.504733,55.0803465],"averageTravelTime":"","continuity":{"canon":"","legends":"YES","unlicensed":""},"desc":"","placementCert":""},{"text":"Lemmi system","coords":[359.8379235,55.211161],"averageTravelTime":"","continuity":{"canon":"","legends":"YES","unlicensed":""},"desc":"","placementCert":""}],[{"text":"Jovaria system","coords":[359.504733,55.0803465]},{"text":"Thrakia system","coords":[359.829611,54.855033],"averageTravelTime":"","continuity":{"canon":"","legends":"YES","unlicensed":""},"desc":"","placementCert":""}]]}},{"type":"Feature","geometry":{"type":"MultiLineString","coordinates":[[[848.642556,-29.850474],[863.457,-21.07]]]},"properties":{"ID":"018f6862-e831-7df2-86db-ae0e0ec679d3","NAME":"Honogr-Little Kessel unnamed route","ALT_NAMES":"","TYPE":"Hyperspace Route","PARENT_ID":"","PARENT_NAME":"","DATE_FROM":"","DATE_TO":"","CANON":"","LEGENDS":"YES","UNLICENSED":"","LEVEL":"3","ZOOM_LEVEL":"","CONJECTURAL_NAME":"YES","URLS":"","DESC":"","color":"","weight":"","opacity":"","smoothFactor":"","SECTIONS_PROPERTIES":[[{"text":"Honoghr system","coords":[848.642556,-29.850474]},{"text":"Little Kessel system","coords":[863.457,-21.07],"averageTravelTime":"","continuity":{"canon":"","legends":"YES","unlicensed":""},"desc":"","placementCert":""}]]}},{"type":"Feature","geometry":{"type":"MultiLineString","coordinates":[[[353.722574,52.757807],[353.246003,51.890387],[353.980541,52.077931],[354.343806,52.093741]],[[353.246003,51.890387],[353.546851,51.671585],[354.550883,51.734129]],[[353.546851,51.671585],[354.0044975,51.4736915],[354.418138,51.421527],[354.867359,51.519235]],[[354.0044975,51.4736915],[354.8362,51.155839],[355.218072,51.1636895]],[[353.246003,51.890387],[349.27035701125703,50.37132785371986]]]},"properties":{"ID":"018f6862-e832-764d-839d-3a74893d59b8","NAME":"The Knot Holes","ALT_NAMES":"","TYPE":"Hyperspace Route","PARENT_ID":"","PARENT_NAME":"","DATE_FROM":"","DATE_TO":"","CANON":"","LEGENDS":"YES","UNLICENSED":"","LEVEL":"3","ZOOM_LEVEL":"","CONJECTURAL_NAME":"","URLS":"https://starwars.fandom.com/wiki/Knot_Holes","DESC":"","color":"","weight":"","opacity":"","smoothFactor":"","SECTIONS_PROPERTIES":[[{"text":"Hapes Cluster nameless system 76","coords":[353.722574,52.757807]},{"text":"Hapes Cluster nameless system 84","coords":[353.246003,51.890387],"averageTravelTime":"","continuity":{"canon":"","legends":"YES","unlicensed":""},"desc":"","placementCert":""},{"text":"Hapes Cluster nameless system 85","coords":[353.980541,52.077931],"averageTravelTime":"","continuity":{"canon":"","legends":"YES","unlicensed":""},"desc":"","placementCert":""},{"text":"Hapes Cluster nameless system 78","coords":[354.343806,52.093741],"averageTravelTime":"","continuity":{"canon":"","legends":"YES","unlicensed":""},"desc":"","placementCert":""}],[{"text":"Hapes Cluster nameless system 84","coords":[353.246003,51.890387]},{"text":"Hapes Cluster nameless system 83","coords":[353.546851,51.671585],"averageTravelTime":"","continuity":{"canon":"","legends":"YES","unlicensed":""},"desc":"","placementCert":""},{"text":"Hapes Cluster nameless system 79","coords":[354.550883,51.734129],"averageTravelTime":"","continuity":{"canon":"","legends":"","unlicensed":""},"desc":"","placementCert":""}],[{"text":"Hapes Cluster nameless system 83","coords":[353.546851,51.671585]},{"text":"Telkur Station","coords":[354.0044975,51.4736915],"averageTravelTime":"","continuity":{"canon":"","legends":"YES","unlicensed":""},"desc":"","placementCert":""},{"text":"Hapes Cluster nameless system 82","coords":[354.418138,51.421527],"averageTravelTime":"","continuity":{"canon":"","legends":"YES","unlicensed":""},"desc":"","placementCert":""},{"text":"Hapes Cluster nameless system 80","coords":[354.867359,51.519235],"averageTravelTime":"","continuity":{"canon":"","legends":"YES","unlicensed":""},"desc":"","placementCert":""}],[{"text":"Telkur Station","coords":[354.0044975,51.4736915]},{"text":"Hapes Cluster nameless system 81","coords":[354.8362,51.155839],"averageTravelTime":"","continuity":{"canon":"","legends":"YES","unlicensed":""},"desc":"","placementCert":""},{"text":"Chosper system","coords":[355.218072,51.1636895],"averageTravelTime":"","continuity":{"canon":"","legends":"YES","unlicensed":""},"desc":"","placementCert":""}],[{"text":"Hapes Cluster nameless system 84","coords":[353.246003,51.890387]},{"text":"Lorell system","coords":[349.27035701125703,50.37132785371986],"averageTravelTime":"","continuity":{"canon":"","legends":"YES","unlicensed":""},"desc":"","placementCert":""}]]}},{"type":"Feature","geometry":{"type":"MultiLineString","coordinates":[[[360.51402325,59.28107],[360.644421,59.558534],[360.960898,59.460855],[361.191418,59.499927],[361.438625,59.683074]],[[360.644421,59.558534],[360.363097,59.820388],[360.062249,59.882902]]]},"properties":{"ID":"018f6862-e832-76d2-a102-06b0a3e4143d","NAME":"Rainboh-Rynmar Unnamed route","ALT_NAMES":"","TYPE":"Hyperspace Route","PARENT_ID":"","PARENT_NAME":"","DATE_FROM":"","DATE_TO":"","CANON":"","LEGENDS":"YES","UNLICENSED":"","LEVEL":"3","ZOOM_LEVEL":"","CONJECTURAL_NAME":"YES","URLS":"","DESC":"","color":"","weight":"","opacity":"","smoothFactor":"","SECTIONS_PROPERTIES":[[{"text":"Rynmar system","coords":[360.51402325,59.28107]},{"text":"Hapes Cluster nameless system 44","coords":[360.644421,59.558534],"averageTravelTime":"","continuity":{"canon":"","legends":"YES","unlicensed":""},"desc":"","placementCert":""},{"text":"Hapes Cluster nameless system 43","coords":[360.960898,59.460855],"averageTravelTime":"","continuity":{"canon":"","legends":"YES","unlicensed":""},"desc":"","placementCert":""},{"text":"Hapes Cluster nameless system 42","coords":[361.191418,59.499927],"averageTravelTime":"","continuity":{"canon":"","legends":"YES","unlicensed":""},"desc":"","placementCert":""},{"text":"Rainboh system","coords":[361.438625,59.683074],"averageTravelTime":"","continuity":{"canon":"","legends":"YES","unlicensed":""},"desc":"","placementCert":""}],[{"text":"Hapes Cluster nameless system 44","coords":[360.644421,59.558534]},{"text":"Hapes Cluster nameless system 45","coords":[360.363097,59.820388],"averageTravelTime":"","continuity":{"canon":"","legends":"YES","unlicensed":""},"desc":"","placementCert":""},{"text":"Hapes Cluster nameless system 46","coords":[360.062249,59.882902],"averageTravelTime":"","continuity":{"canon":"","legends":"YES","unlicensed":""},"desc":"","placementCert":""}]]}},{"type":"Feature","geometry":{"type":"MultiLineString","coordinates":[[[355.341823,57.888059],[355.382658,58.2539],[355.796813,58.718853]]]},"properties":{"ID":"018f6862-e832-7124-8994-f4f1e6f3e831","NAME":"Modus Trail unnamed spur route","ALT_NAMES":"","TYPE":"Hyperspace Route","PARENT_ID":"","PARENT_NAME":"","DATE_FROM":"","DATE_TO":"","CANON":"","LEGENDS":"YES","UNLICENSED":"","LEVEL":"3","ZOOM_LEVEL":"","CONJECTURAL_NAME":"YES","URLS":"","DESC":"","color":"","weight":"","opacity":"","smoothFactor":"","SECTIONS_PROPERTIES":[[{"text":"Modus system","coords":[355.341823,57.888059]},{"text":"Hapes Cluster nameless system 74","coords":[355.382658,58.2539],"averageTravelTime":"","continuity":{"canon":"","legends":"YES","unlicensed":""},"desc":"","placementCert":""},{"text":"Hapes Cluster nameless system 75","coords":[355.796813,58.718853],"averageTravelTime":"","continuity":{"canon":"","legends":"YES","unlicensed":""},"desc":"","placementCert":""}]]}},{"type":"Feature","geometry":{"type":"MultiLineString","coordinates":[[[5.119269,709.241347],[18.717919,709.594516]],[[5.119269,709.241347],[-2.961141,704.828197]],[[5.119269,709.241347],[0.882664,689.145473]],[[-6.656853,694.600687],[-2.961141,704.828197]],[[-6.656853,694.600687],[0.882664,689.145473]],[[-2.961141,704.828197],[-11.878769,713.899577]],[[-6.656853,694.600687],[23.791742,663.930112]]]},"properties":{"ID":"018f6862-e832-795f-9c97-3c476c531961","NAME":"Gree Enclave unnamed route","ALT_NAMES":"","TYPE":"Hyperspace Route","PARENT_ID":"","PARENT_NAME":"","DATE_FROM":"","DATE_TO":"","CANON":"","LEGENDS":"YES","UNLICENSED":"","LEVEL":"3","ZOOM_LEVEL":"","CONJECTURAL_NAME":"YES","URLS":"","DESC":"","color":"","weight":"","opacity":"","smoothFactor":"","SECTIONS_PROPERTIES":[[{"text":"Gree system","coords":[5.119269,709.241347]},{"text":"Licha In system","coords":[18.717919,709.594516],"averageTravelTime":"2:0:0:0","continuity":{"canon":"","legends":"YES","unlicensed":""},"desc":"","placementCert":""}],[{"text":"Gree system","coords":[5.119269,709.241347]},{"text":"Malanose system","coords":[-2.961141,704.828197],"averageTravelTime":"2:0:0:0","continuity":{"canon":"","legends":"YES","unlicensed":""},"desc":"","placementCert":""}],[{"text":"Gree system","coords":[5.119269,709.241347]},{"text":"Lonatro system","coords":[0.882664,689.145473],"averageTravelTime":"2:0:0:0","continuity":{"canon":"","legends":"YES","unlicensed":""},"desc":"","placementCert":""}],[{"text":"Asation system","coords":[-6.656853,694.600687]},{"text":"Malanose system","coords":[-2.961141,704.828197],"averageTravelTime":"2:0:0:0","continuity":{"canon":"","legends":"YES","unlicensed":""},"desc":"","placementCert":""}],[{"text":"Asation system","coords":[-6.656853,694.600687]},{"text":"Lonatro system","coords":[0.882664,689.145473],"averageTravelTime":"2:0:0:0","continuity":{"canon":"","legends":"YES","unlicensed":""},"desc":"","placementCert":""}],[{"text":"Malanose system","coords":[-2.961141,704.828197]},{"text":"Te Hasa system","coords":[-11.878769,713.899577],"averageTravelTime":"2:0:0:0","continuity":{"canon":"","legends":"YES","unlicensed":""},"desc":"","placementCert":""}],[{"text":"Asation system","coords":[-6.656853,694.600687]},{"text":"Trassitan system","coords":[23.791742,663.930112],"averageTravelTime":"3:0:0:0","continuity":{"canon":"","legends":"YES","unlicensed":""},"desc":"","placementCert":""}]]}},{"type":"Feature","geometry":{"type":"MultiLineString","coordinates":[[[39.320714,674.539014],[50.752174,730.944731]]]},"properties":{"ID":"018f6862-e832-7037-b726-795f55af85ec","NAME":"Veragi-Helska unnamed route","ALT_NAMES":"","TYPE":"Hyperspace Route","PARENT_ID":"","PARENT_NAME":"","DATE_FROM":"","DATE_TO":"","CANON":"","LEGENDS":"YES","UNLICENSED":"","LEVEL":"2","ZOOM_LEVEL":"","CONJECTURAL_NAME":"YES","URLS":"","DESC":"","color":"","weight":"","opacity":"","smoothFactor":"","SECTIONS_PROPERTIES":[[{"text":"Veragi system","coords":[39.320714,674.539014]},{"text":"Helska system","coords":[50.752174,730.944731],"averageTravelTime":"","continuity":{"canon":"","legends":"YES","unlicensed":""},"desc":"","placementCert":""}]]}},{"type":"Feature","geometry":{"type":"MultiLineString","coordinates":[[[39.320714,674.539014],[39.320714,684.994164]]]},"properties":{"ID":"018f6862-e832-7815-88ad-2b7b314cad87","NAME":"Veragi-Plesstil unnamed route","ALT_NAMES":"","TYPE":"Hyperspace Route","PARENT_ID":"","PARENT_NAME":"","DATE_FROM":"","DATE_TO":"","CANON":"","LEGENDS":"YES","UNLICENSED":"","LEVEL":"3","ZOOM_LEVEL":"","CONJECTURAL_NAME":"YES","URLS":"","DESC":"","color":"","weight":"","opacity":"","smoothFactor":"","SECTIONS_PROPERTIES":[[{"text":"Veragi system","coords":[39.320714,674.539014]},{"text":"Plesstil system","coords":[39.320714,684.994164],"averageTravelTime":"","continuity":{"canon":"","legends":"YES","unlicensed":""},"desc":"","placementCert":""}]]}},{"type":"Feature","geometry":{"type":"MultiLineString","coordinates":[[[32.70547,542.708327],[66.037984,561.402753]]]},"properties":{"ID":"018f6862-e832-7deb-8001-a4da44a45d42","NAME":"Anx Minor-Gravlex Med unnamed route","ALT_NAMES":"","TYPE":"Hyperspace Route","PARENT_ID":"","PARENT_NAME":"","DATE_FROM":"","DATE_TO":"","CANON":"","LEGENDS":"YES","UNLICENSED":"","LEVEL":"2","ZOOM_LEVEL":"","CONJECTURAL_NAME":"YES","URLS":"","DESC":"","color":"","weight":"","opacity":"","smoothFactor":"","SECTIONS_PROPERTIES":[[{"text":"Anx Minor system","coords":[32.70547,542.708327]},{"text":"Gravlex Med system","coords":[66.037984,561.402753],"averageTravelTime":"","continuity":{"canon":"","legends":"YES","unlicensed":""},"desc":"","placementCert":""}]]}},{"type":"Feature","geometry":{"type":"MultiLineString","coordinates":[[[-87.678604,589.514047],[-98.902514,601.045462],[-112.893965,616.881939]]]},"properties":{"ID":"018f6862-e832-709c-ba59-c0d237931a51","NAME":"Jaemus-Dolis unnamed route","ALT_NAMES":"","TYPE":"Hyperspace Route","PARENT_ID":"","PARENT_NAME":"","DATE_FROM":"","DATE_TO":"","CANON":"","LEGENDS":"YES","UNLICENSED":"","LEVEL":"2","ZOOM_LEVEL":"","CONJECTURAL_NAME":"YES","URLS":"","DESC":"","color":"","weight":"","opacity":"","smoothFactor":"","SECTIONS_PROPERTIES":[[{"text":"Jaemus system","coords":[-87.678604,589.514047]},{"text":"Varvrona system","coords":[-98.902514,601.045462],"averageTravelTime":"","continuity":{"canon":"","legends":"YES","unlicensed":""},"desc":"","placementCert":""},{"text":"Dolis system","coords":[-112.893965,616.881939],"averageTravelTime":"","continuity":{"canon":"","legends":"YES","unlicensed":""},"desc":"","placementCert":""}]]}},{"type":"Feature","geometry":{"type":"MultiLineString","coordinates":[[[-179.776172,532.318228],[-175.009854,528.013166],[-160.557147,517.711769],[-154.253307,508.179132],[-114.123982,516.174247],[-91.088112,520.246512]]]},"properties":{"ID":"018f6862-e832-709b-adf3-9ab1d4adf241","NAME":"Parshoone-Entralla unnamed route","ALT_NAMES":"","TYPE":"Hyperspace Route","PARENT_ID":"","PARENT_NAME":"","DATE_FROM":"","DATE_TO":"","CANON":"","LEGENDS":"YES","UNLICENSED":"","LEVEL":"2","ZOOM_LEVEL":"","CONJECTURAL_NAME":"YES","URLS":"","DESC":"","color":"","weight":"","opacity":"","smoothFactor":"","SECTIONS_PROPERTIES":[[{"text":"Parshoone system","coords":[-179.776172,532.318228]},{"text":"Brodo Asogi system","coords":[-175.009854,528.013166],"averageTravelTime":"","continuity":{"canon":"","legends":"YES","unlicensed":""},"desc":"","placementCert":""},{"text":"Valc system","coords":[-160.557147,517.711769],"averageTravelTime":"","continuity":{"canon":"","legends":"YES","unlicensed":""},"desc":"","placementCert":""},{"text":"Cantras Gola system","coords":[-154.253307,508.179132],"averageTravelTime":"","continuity":{"canon":"","legends":"YES","unlicensed":""},"desc":"","placementCert":""},{"text":"Bextar system","coords":[-114.123982,516.174247],"averageTravelTime":"","continuity":{"canon":"","legends":"YES","unlicensed":""},"desc":"","placementCert":""},{"text":"Entralla system","coords":[-91.088112,520.246512],"averageTravelTime":"","continuity":{"canon":"","legends":"YES","unlicensed":""},"desc":"","placementCert":""}]]}},{"type":"Feature","geometry":{"type":"MultiLineString","coordinates":[[[-94.1093,457.472934],[-152.100776,472.201117]]]},"properties":{"ID":"018f6862-e832-7c00-b9aa-d6f0a74a3165","NAME":"Borosk-Marquarra unnamed route","ALT_NAMES":"","TYPE":"Hyperspace Route","PARENT_ID":"","PARENT_NAME":"","DATE_FROM":"","DATE_TO":"","CANON":"","LEGENDS":"YES","UNLICENSED":"","LEVEL":"2","ZOOM_LEVEL":"","CONJECTURAL_NAME":"YES","URLS":"","DESC":"","color":"","weight":"","opacity":"","smoothFactor":"","SECTIONS_PROPERTIES":[[{"text":"Borosk system","coords":[-94.1093,457.472934]},{"text":"Marquarra system","coords":[-152.100776,472.201117],"averageTravelTime":"","continuity":{"canon":"","legends":"YES","unlicensed":""},"desc":"","placementCert":""}]]}},{"type":"Feature","geometry":{"type":"MultiLineString","coordinates":[[[-55.851898,543.542139],[-76.91595,532.010724]]]},"properties":{"ID":"018f6862-e832-70fc-a910-938b604e892b","NAME":"Venestria-Cezith unnamed route","ALT_NAMES":"","TYPE":"Hyperspace Route","PARENT_ID":"","PARENT_NAME":"","DATE_FROM":"","DATE_TO":"","CANON":"","LEGENDS":"YES","UNLICENSED":"","LEVEL":"2","ZOOM_LEVEL":"","CONJECTURAL_NAME":"YES","URLS":"","DESC":"","color":"","weight":"","opacity":"","smoothFactor":"","SECTIONS_PROPERTIES":[[{"text":"Venestria system","coords":[-55.851898,543.542139]},{"text":"Cezith system","coords":[-76.91595,532.010724],"averageTravelTime":"","continuity":{"canon":"","legends":"YES","unlicensed":""},"desc":"","placementCert":""}]]}},{"type":"Feature","geometry":{"type":"MultiLineString","coordinates":[[[-48.206528,-181.981832],[-13.838062,-202.357098],[12.387899,-255.091406],[-3.233122,-270.137997]]]},"properties":{"ID":"018f6862-e832-7674-bdaa-c6d1987608bd","NAME":"Byss-Botor unnamed route","ALT_NAMES":"","TYPE":"Hyperspace Route","PARENT_ID":"","PARENT_NAME":"","DATE_FROM":"","DATE_TO":"","CANON":"YES","LEGENDS":"YES","UNLICENSED":"","LEVEL":"2","ZOOM_LEVEL":"","CONJECTURAL_NAME":"YES","URLS":"","DESC":"","color":"","weight":"","opacity":"","smoothFactor":"","SECTIONS_PROPERTIES":[[{"text":"Beshqek system/Byss system","coords":[-48.206528,-181.981832]},{"text":"Kalist system","coords":[-13.838062,-202.357098],"averageTravelTime":"","continuity":{"canon":"YES","legends":"","unlicensed":""},"desc":"","placementCert":""},{"text":"Khomm system","coords":[12.387899,-255.091406],"averageTravelTime":"","continuity":{"canon":"YES","legends":"","unlicensed":""},"desc":"","placementCert":""},{"text":"Botor system","coords":[-3.233122,-270.137997],"averageTravelTime":"","continuity":{"canon":"YES","legends":"","unlicensed":""},"desc":"","placementCert":""}]]}},{"type":"Feature","geometry":{"type":"MultiLineString","coordinates":[[[356.898415,52.210694],[356.9435245,52.6184515],[356.949207,52.906169]]]},"properties":{"ID":"0193e5de-3405-7c99-b8bf-c9ad46344ac5","NAME":"Great Rim Route unnamed spur","ALT_NAMES":"","TYPE":"Hyperspace Route","PARENT_ID":"","PARENT_NAME":"","DATE_FROM":"","DATE_TO":"","CANON":"","LEGENDS":"YES","UNLICENSED":"","LEVEL":"3","ZOOM_LEVEL":"","CONJECTURAL_NAME":"YES","URLS":"","DESC":"","color":"","weight":"","opacity":"","smoothFactor":"","SECTIONS_PROPERTIES":[[{"text":"Hapes Cluster nameless system 11","coords":[356.898415,52.210694]},{"text":"Nantuker system","coords":[356.9435245,52.6184515],"averageTravelTime":"","continuity":{"canon":"","legends":"","unlicensed":""},"desc":"","placementCert":""},{"text":"Hapes Cluster nameless system 10","coords":[356.949207,52.906169],"averageTravelTime":"","continuity":{"canon":"","legends":"","unlicensed":""},"desc":"","placementCert":""}]]}},{"type":"Feature","geometry":{"type":"MultiLineString","coordinates":[[[829.860095,-85.320453],[832.669819,-69.086493]]]},"properties":{"ID":"0193e998-84ed-7130-8fe9-5cf41122ca6a","NAME":"Usk-Moralan unnamed route","ALT_NAMES":"","TYPE":"Hyperspace Route","PARENT_ID":"","PARENT_NAME":"","DATE_FROM":"","DATE_TO":"","CANON":"","LEGENDS":"YES","UNLICENSED":"","LEVEL":"3","ZOOM_LEVEL":"","CONJECTURAL_NAME":"YES","URLS":"","DESC":"","color":"","weight":"","opacity":"","smoothFactor":"","SECTIONS_PROPERTIES":[[{"text":"Usk system","coords":[829.860095,-85.320453]},{"text":"Moralan system","coords":[832.669819,-69.086493],"averageTravelTime":"","continuity":{"canon":"","legends":"YES","unlicensed":""},"desc":"","placementCert":""}]]}},{"type":"Feature","geometry":{"type":"MultiLineString","coordinates":[[[844.913126,-213.641318],[855.735491,-209.873484],[875.256454,-217.167002]]]},"properties":{"ID":"0193e9a4-ce27-7f5a-9836-69a6becf4a0b","NAME":"Shag Pabol unnamed spur","ALT_NAMES":"","TYPE":"Hyperspace Route","PARENT_ID":"","PARENT_NAME":"","DATE_FROM":"","DATE_TO":"","CANON":"","LEGENDS":"YES","UNLICENSED":"","LEVEL":"3","ZOOM_LEVEL":"","CONJECTURAL_NAME":"YES","URLS":"","DESC":"","color":"","weight":"","opacity":"","smoothFactor":"","SECTIONS_PROPERTIES":[[{"text":"Cha Raaba system / Ylesian system","coords":[844.913126,-213.641318]},{"text":"Poytta system","coords":[855.735491,-209.873484],"averageTravelTime":"","continuity":{"canon":"","legends":"YES","unlicensed":""},"desc":"","placementCert":""},{"text":"Ziugen system","coords":[875.256454,-217.167002],"averageTravelTime":"","continuity":{"canon":"","legends":"YES","unlicensed":""},"desc":"","placementCert":""}]]}}]}